Date,Bar Name,Brand Name,Category,Total_Purchased_ml,Total_Consumed_ml,Total_Requested_ml,Potential_Lost_Demand_ml,Last_Closing_Balance_ml
2026-01-01,Garden Bar,Bacardi White,Rum,0,2097,2097,0,7653
2026-01-01,Garden Bar,Baileys,Liqueur,0,653,653,0,6097
2026-01-01,Garden Bar,Bombay Sapphire,Gin,0,1768,1768,0,10982
2026-01-01,Garden Bar,Heineken,Beer,0,4447,4447,0,5303
2026-01-01,Garden Bar,Hennessy,Brandy,0,425,425,0,11815
2026-01-01,Garden Bar,Jack Daniel's,Whisky,0,1538,1538,0,6712
2026-01-01,Garden Bar,Johnnie Walker Red,Whisky,0,3201,3201,0,4153
2026-01-01,Garden Bar,Jose Cuervo,Tequila,0,1014,1014,0,13597
2026-01-01,Garden Bar,Kingfisher Premium,Beer,8450,5405,5405,0,10195
2026-01-01,Garden Bar,Smirnoff Vodka,Vodka,0,2402,2402,0,7535
2026-01-01,Lobby Bar,Bacardi White,Rum,0,2251,2251,0,7144
2026-01-01,Lobby Bar,Baileys,Liqueur,0,762,762,0,7736
2026-01-01,Lobby Bar,Bombay Sapphire,Gin,0,1687,1687,0,8813
2026-01-01,Lobby Bar,Heineken,Beer,0,6132,6132,0,10841
2026-01-01,Lobby Bar,Hennessy,Brandy,0,445,445,0,14255
2026-01-01,Lobby Bar,Jack Daniel's,Whisky,0,1245,1245,0,10755
2026-01-01,Lobby Bar,Johnnie Walker Red,Whisky,0,2655,2655,0,4845
2026-01-01,Lobby Bar,Jose Cuervo,Tequila,0,1343,1343,0,9682
2026-01-01,Lobby Bar,Kingfisher Premium,Beer,0,9146,9146,0,9566
2026-01-01,Lobby Bar,Smirnoff Vodka,Vodka,0,3547,3547,0,12581
2026-01-01,Pool Bar,Bacardi White,Rum,0,2577,2577,0,3423
2026-01-01,Pool Bar,Baileys,Liqueur,0,783,783,0,12013
2026-01-01,Pool Bar,Bombay Sapphire,Gin,0,2210,2210,0,12040
2026-01-01,Pool Bar,Heineken,Beer,0,7794,7794,0,9139
2026-01-01,Pool Bar,Hennessy,Brandy,0,703,703,0,15397
2026-01-01,Pool Bar,Jack Daniel's,Whisky,0,1709,1709,0,13094
2026-01-01,Pool Bar,Johnnie Walker Red,Whisky,0,2779,2779,0,3971
2026-01-01,Pool Bar,Jose Cuervo,Tequila,0,1528,1528,0,16472
2026-01-01,Pool Bar,Kingfisher Premium,Beer,5850,8455,8455,0,3245
2026-01-01,Pool Bar,Smirnoff Vodka,Vodka,0,4132,4132,0,9045
2026-01-01,Rooftop Bar,Bacardi White,Rum,0,2388,2388,0,13794
2026-01-01,Rooftop Bar,Baileys,Liqueur,0,983,983,0,14767
2026-01-01,Rooftop Bar,Bombay Sapphire,Gin,0,3754,3754,0,9820
2026-01-01,Rooftop Bar,Heineken,Beer,0,5850,9053,3203,0
2026-01-01,Rooftop Bar,Hennessy,Brandy,0,0,0,0,16800
2026-01-01,Rooftop Bar,Jack Daniel's,Whisky,0,2228,2228,0,14272
2026-01-01,Rooftop Bar,Johnnie Walker Red,Whisky,0,4688,4688,0,7173
2026-01-01,Rooftop Bar,Jose Cuervo,Tequila,0,1476,1476,0,6024
2026-01-01,Rooftop Bar,Kingfisher Premium,Beer,13650,8959,8959,0,19353
2026-01-01,Rooftop Bar,Smirnoff Vodka,Vodka,0,5965,5965,0,13964
2026-01-01,Sky Lounge,Bacardi White,Rum,0,4166,4166,0,6334
2026-01-01,Sky Lounge,Baileys,Liqueur,0,1232,1232,0,10224
2026-01-01,Sky Lounge,Bombay Sapphire,Gin,0,3142,3142,0,12667
2026-01-01,Sky Lounge,Heineken,Beer,0,10124,10124,0,4176
2026-01-01,Sky Lounge,Hennessy,Brandy,0,688,688,0,6312
2026-01-01,Sky Lounge,Jack Daniel's,Whisky,0,2554,2554,0,10946
2026-01-01,Sky Lounge,Johnnie Walker Red,Whisky,0,4638,4638,0,6612
2026-01-01,Sky Lounge,Jose Cuervo,Tequila,0,1900,1900,0,7544
2026-01-01,Sky Lounge,Kingfisher Premium,Beer,0,9100,15238,6138,829
2026-01-01,Sky Lounge,Smirnoff Vodka,Vodka,0,4775,4775,0,8725
2026-01-02,Garden Bar,Bacardi White,Rum,0,2988,2988,0,7204
2026-01-02,Garden Bar,Baileys,Liqueur,0,943,943,0,5275
2026-01-02,Garden Bar,Bombay Sapphire,Gin,0,2326,2326,0,8656
2026-01-02,Garden Bar,Heineken,Beer,0,5303,8132,2829,0
2026-01-02,Garden Bar,Hennessy,Brandy,0,540,540,0,10935
2026-01-02,Garden Bar,Jack Daniel's,Whisky,0,2114,2114,0,4598
2026-01-02,Garden Bar,Johnnie Walker Red,Whisky,6750,3215,3215,0,9957
2026-01-02,Garden Bar,Jose Cuervo,Tequila,0,1522,1522,0,12884
2026-01-02,Garden Bar,Kingfisher Premium,Beer,13650,9915,9915,0,13930
2026-01-02,Garden Bar,Smirnoff Vodka,Vodka,0,3402,3402,0,2446
2026-01-02,Lobby Bar,Bacardi White,Rum,0,3895,3895,0,2854
2026-01-02,Lobby Bar,Baileys,Liqueur,0,681,681,0,6807
2026-01-02,Lobby Bar,Bombay Sapphire,Gin,0,2493,2493,0,7071
2026-01-02,Lobby Bar,Heineken,Beer,9750,8339,8339,0,15804
2026-01-02,Lobby Bar,Hennessy,Brandy,0,851,851,0,14042
2026-01-02,Lobby Bar,Jack Daniel's,Whisky,0,2009,2009,0,8746
2026-01-02,Lobby Bar,Johnnie Walker Red,Whisky,14250,3314,3314,0,15781
2026-01-02,Lobby Bar,Jose Cuervo,Tequila,0,1365,1365,0,8221
2026-01-02,Lobby Bar,Kingfisher Premium,Beer,0,5154,11464,6310,869
2026-01-02,Lobby Bar,Smirnoff Vodka,Vodka,0,4226,4226,0,6477
2026-01-02,Pool Bar,Bacardi White,Rum,0,3423,4108,685,324
2026-01-02,Pool Bar,Baileys,Liqueur,0,1126,1126,0,10841
2026-01-02,Pool Bar,Bombay Sapphire,Gin,0,2453,2453,0,9587
2026-01-02,Pool Bar,Heineken,Beer,7800,9799,9799,0,6277
2026-01-02,Pool Bar,Hennessy,Brandy,0,0,0,0,15397
2026-01-02,Pool Bar,Jack Daniel's,Whisky,0,3045,3045,0,9885
2026-01-02,Pool Bar,Johnnie Walker Red,Whisky,0,3971,5558,1587,0
2026-01-02,Pool Bar,Jose Cuervo,Tequila,0,1504,1504,0,15907
2026-01-02,Pool Bar,Kingfisher Premium,Beer,13000,11062,11062,0,5183
2026-01-02,Pool Bar,Smirnoff Vodka,Vodka,0,4681,4681,0,4828
2026-01-02,Rooftop Bar,Bacardi White,Rum,0,3990,3990,0,7872
2026-01-02,Rooftop Bar,Baileys,Liqueur,0,1217,1217,0,13550
2026-01-02,Rooftop Bar,Bombay Sapphire,Gin,0,4850,4850,0,4021
2026-01-02,Rooftop Bar,Heineken,Beer,0,0,14897,14897,0
2026-01-02,Rooftop Bar,Hennessy,Brandy,0,971,971,0,16735
2026-01-02,Rooftop Bar,Jack Daniel's,Whisky,0,2629,2629,0,11643
2026-01-02,Rooftop Bar,Johnnie Walker Red,Whisky,11250,5289,5289,0,11773
2026-01-02,Rooftop Bar,Jose Cuervo,Tequila,0,2473,2473,0,4734
2026-01-02,Rooftop Bar,Kingfisher Premium,Beer,0,15091,19913,4822,3292
2026-01-02,Rooftop Bar,Smirnoff Vodka,Vodka,0,7741,7741,0,7417
2026-01-02,Sky Lounge,Bacardi White,Rum,11250,6298,6298,0,15745
2026-01-02,Sky Lounge,Baileys,Liqueur,0,1559,1559,0,8868
2026-01-02,Sky Lounge,Bombay Sapphire,Gin,0,4082,4082,0,6276
2026-01-02,Sky Lounge,Heineken,Beer,12350,12551,12551,0,12259
2026-01-02,Sky Lounge,Hennessy,Brandy,0,1391,1391,0,6214
2026-01-02,Sky Lounge,Jack Daniel's,Whisky,0,2993,2993,0,7953
2026-01-02,Sky Lounge,Johnnie Walker Red,Whisky,0,5077,5077,0,2068
2026-01-02,Sky Lounge,Jose Cuervo,Tequila,0,2053,2053,0,4297
2026-01-02,Sky Lounge,Kingfisher Premium,Beer,0,0,24567,24567,0
2026-01-02,Sky Lounge,Smirnoff Vodka,Vodka,6750,6371,6371,0,9104
2026-01-03,Garden Bar,Bacardi White,Rum,0,2856,2856,0,1809
2026-01-03,Garden Bar,Baileys,Liqueur,0,918,918,0,4236
2026-01-03,Garden Bar,Bombay Sapphire,Gin,0,1896,1896,0,7835
2026-01-03,Garden Bar,Heineken,Beer,0,0,9824,9824,0
2026-01-03,Garden Bar,Hennessy,Brandy,0,973,973,0,9962
2026-01-03,Garden Bar,Jack Daniel's,Whisky,0,2416,2416,0,2886
2026-01-03,Garden Bar,Johnnie Walker Red,Whisky,0,4058,4058,0,4110
2026-01-03,Garden Bar,Jose Cuervo,Tequila,0,1635,1635,0,10547
2026-01-03,Garden Bar,Kingfisher Premium,Beer,0,10268,10268,0,7939
2026-01-03,Garden Bar,Smirnoff Vodka,Vodka,0,2446,3826,1380,0
2026-01-03,Lobby Bar,Bacardi White,Rum,0,2854,3870,1016,0
2026-01-03,Lobby Bar,Baileys,Liqueur,0,913,913,0,5894
2026-01-03,Lobby Bar,Bombay Sapphire,Gin,0,2411,2411,0,3909
2026-01-03,Lobby Bar,Heineken,Beer,13650,12037,12037,0,11192
2026-01-03,Lobby Bar,Hennessy,Brandy,0,1008,1008,0,12801
2026-01-03,Lobby Bar,Jack Daniel's,Whisky,0,3117,3117,0,5629
2026-01-03,Lobby Bar,Johnnie Walker Red,Whisky,0,4844,4844,0,10937
2026-01-03,Lobby Bar,Jose Cuervo,Tequila,0,2166,2166,0,5626
2026-01-03,Lobby Bar,Kingfisher Premium,Beer,0,0,9080,9080,0
2026-01-03,Lobby Bar,Smirnoff Vodka,Vodka,0,4324,4324,0,4609
2026-01-03,Pool Bar,Bacardi White,Rum,13500,4134,4134,0,9366
2026-01-03,Pool Bar,Baileys,Liqueur,0,1129,1129,0,9988
2026-01-03,Pool Bar,Bombay Sapphire,Gin,0,3516,3516,0,7899
2026-01-03,Pool Bar,Heineken,Beer,0,2557,11633,9076,1942
2026-01-03,Pool Bar,Hennessy,Brandy,0,988,988,0,14409
2026-01-03,Pool Bar,Jack Daniel's,Whisky,0,2680,2680,0,6816
2026-01-03,Pool Bar,Johnnie Walker Red,Whisky,6750,5628,5628,0,6161
2026-01-03,Pool Bar,Jose Cuervo,Tequila,0,2494,2494,0,12474
2026-01-03,Pool Bar,Kingfisher Premium,Beer,5850,11033,14063,3030,0
2026-01-03,Pool Bar,Smirnoff Vodka,Vodka,0,937,5898,4961,0
2026-01-03,Rooftop Bar,Bacardi White,Rum,12750,5127,5127,0,15495
2026-01-03,Rooftop Bar,Baileys,Liqueur,0,1821,1821,0,12622
2026-01-03,Rooftop Bar,Bombay Sapphire,Gin,9750,4023,4023,0,8373
2026-01-03,Rooftop Bar,Heineken,Beer,0,0,12787,12787,0
2026-01-03,Rooftop Bar,Hennessy,Brandy,0,1301,1301,0,15064
2026-01-03,Rooftop Bar,Jack Daniel's,Whisky,0,3314,3314,0,10062
2026-01-03,Rooftop Bar,Johnnie Walker Red,Whisky,0,6207,6207,0,6558
2026-01-03,Rooftop Bar,Jose Cuervo,Tequila,0,2688,2688,0,863
2026-01-03,Rooftop Bar,Kingfisher Premium,Beer,0,0,17327,17327,0
2026-01-03,Rooftop Bar,Smirnoff Vodka,Vodka,15000,9305,9305,0,10981
2026-01-03,Sky Lounge,Bacardi White,Rum,0,6029,6029,0,5257
2026-01-03,Sky Lounge,Baileys,Liqueur,0,1824,1824,0,6635
2026-01-03,Sky Lounge,Bombay Sapphire,Gin,12000,4201,4201,0,14815
2026-01-03,Sky Lounge,Heineken,Beer,7150,11125,18053,6928,0
2026-01-03,Sky Lounge,Hennessy,Brandy,0,1400,1400,0,3521
2026-01-03,Sky Lounge,Jack Daniel's,Whisky,0,4572,4572,0,3381
2026-01-03,Sky Lounge,Johnnie Walker Red,Whisky,11250,8732,8732,0,4053
2026-01-03,Sky Lounge,Jose Cuervo,Tequila,0,2119,2119,0,2178
2026-01-03,Sky Lounge,Kingfisher Premium,Beer,13000,13000,20008,7008,0
2026-01-03,Sky Lounge,Smirnoff Vodka,Vodka,0,6726,6726,0,2378
2026-01-04,Garden Bar,Bacardi White,Rum,8250,1412,1412,0,8647
2026-01-04,Garden Bar,Baileys,Liqueur,0,0,0,0,4236
2026-01-04,Garden Bar,Bombay Sapphire,Gin,0,2270,2270,0,5891
2026-01-04,Garden Bar,Heineken,Beer,0,0,4813,4813,0
2026-01-04,Garden Bar,Hennessy,Brandy,0,540,540,0,9797
2026-01-04,Garden Bar,Jack Daniel's,Whisky,15750,1412,1412,0,16520
2026-01-04,Garden Bar,Johnnie Walker Red,Whisky,0,2515,2515,0,511
2026-01-04,Garden Bar,Jose Cuervo,Tequila,0,931,931,0,9148
2026-01-04,Garden Bar,Kingfisher Premium,Beer,0,3662,8809,5147,0
2026-01-04,Garden Bar,Smirnoff Vodka,Vodka,12000,3345,3345,0,8655
2026-01-04,Lobby Bar,Bacardi White,Rum,0,0,2504,2504,0
2026-01-04,Lobby Bar,Baileys,Liqueur,0,790,790,0,5104
2026-01-04,Lobby Bar,Bombay Sapphire,Gin,0,2212,2212,0,3208
2026-01-04,Lobby Bar,Heineken,Beer,0,7656,7656,0,3536
2026-01-04,Lobby Bar,Hennessy,Brandy,0,598,598,0,11964
2026-01-04,Lobby Bar,Jack Daniel's,Whisky,0,1706,1706,0,3923
2026-01-04,Lobby Bar,Johnnie Walker Red,Whisky,0,2667,2667,0,8270
2026-01-04,Lobby Bar,Jose Cuervo,Tequila,0,1181,1181,0,4445
2026-01-04,Lobby Bar,Kingfisher Premium,Beer,12350,7604,7604,0,8186
2026-01-04,Lobby Bar,Smirnoff Vodka,Vodka,0,2153,3114,961,0
2026-01-04,Pool Bar,Bacardi White,Rum,0,3090,3090,0,6276
2026-01-04,Pool Bar,Baileys,Liqueur,0,952,952,0,8760
2026-01-04,Pool Bar,Bombay Sapphire,Gin,0,2607,2607,0,3464
2026-01-04,Pool Bar,Heineken,Beer,9750,6854,6854,0,2896
2026-01-04,Pool Bar,Hennessy,Brandy,0,754,754,0,14114
2026-01-04,Pool Bar,Jack Daniel's,Whisky,0,2627,2627,0,4189
2026-01-04,Pool Bar,Johnnie Walker Red,Whisky,6000,2685,2685,0,6210
2026-01-04,Pool Bar,Jose Cuervo,Tequila,0,1739,1739,0,10735
2026-01-04,Pool Bar,Kingfisher Premium,Beer,0,0,12305,12305,0
2026-01-04,Pool Bar,Smirnoff Vodka,Vodka,0,0,4568,4568,0
2026-01-04,Rooftop Bar,Bacardi White,Rum,0,4665,4665,0,10830
2026-01-04,Rooftop Bar,Baileys,Liqueur,0,829,829,0,11298
2026-01-04,Rooftop Bar,Bombay Sapphire,Gin,0,2554,2554,0,5819
2026-01-04,Rooftop Bar,Heineken,Beer,0,0,9892,9892,0
2026-01-04,Rooftop Bar,Hennessy,Brandy,0,1011,1011,0,14031
2026-01-04,Rooftop Bar,Jack Daniel's,Whisky,0,2528,2528,0,6929
2026-01-04,Rooftop Bar,Johnnie Walker Red,Whisky,7500,5088,5088,0,10159
2026-01-04,Rooftop Bar,Jose Cuervo,Tequila,0,863,1824,961,353
2026-01-04,Rooftop Bar,Kingfisher Premium,Beer,12350,12350,14942,2592,0
2026-01-04,Rooftop Bar,Smirnoff Vodka,Vodka,0,4993,4993,0,4733
2026-01-04,Sky Lounge,Bacardi White,Rum,9000,5083,5083,0,9174
2026-01-04,Sky Lounge,Baileys,Liqueur,0,0,0,0,6635
2026-01-04,Sky Lounge,Bombay Sapphire,Gin,0,3036,3036,0,11039
2026-01-04,Sky Lounge,Heineken,Beer,0,0,8511,8511,0
2026-01-04,Sky Lounge,Hennessy,Brandy,0,944,944,0,2577
2026-01-04,Sky Lounge,Jack Daniel's,Whisky,7500,3066,3066,0,9672
2026-01-04,Sky Lounge,Johnnie Walker Red,Whisky,0,4053,4851,798,936
2026-01-04,Sky Lounge,Jose Cuervo,Tequila,9000,2718,2718,0,11082
2026-01-04,Sky Lounge,Kingfisher Premium,Beer,13650,13650,17802,4152,0
2026-01-04,Sky Lounge,Smirnoff Vodka,Vodka,0,2378,6101,3723,0
2026-01-05,Garden Bar,Bacardi White,Rum,0,1998,1998,0,6649
2026-01-05,Garden Bar,Baileys,Liqueur,0,409,409,0,3827
2026-01-05,Garden Bar,Bombay Sapphire,Gin,0,892,892,0,3598
2026-01-05,Garden Bar,Heineken,Beer,0,0,3651,3651,0
2026-01-05,Garden Bar,Hennessy,Brandy,0,455,455,0,9201
2026-01-05,Garden Bar,Jack Daniel's,Whisky,0,1050,1050,0,15470
2026-01-05,Garden Bar,Johnnie Walker Red,Whisky,7500,2133,2133,0,5878
2026-01-05,Garden Bar,Jose Cuervo,Tequila,0,864,864,0,8379
2026-01-05,Garden Bar,Kingfisher Premium,Beer,11700,4860,4860,0,9362
2026-01-05,Garden Bar,Smirnoff Vodka,Vodka,0,2069,2069,0,6586
2026-01-05,Lobby Bar,Bacardi White,Rum,0,0,1782,1782,0
2026-01-05,Lobby Bar,Baileys,Liqueur,0,0,0,0,5104
2026-01-05,Lobby Bar,Bombay Sapphire,Gin,0,1697,1741,44,42
2026-01-05,Lobby Bar,Heineken,Beer,0,3536,3934,398,0
2026-01-05,Lobby Bar,Hennessy,Brandy,0,371,371,0,11764
2026-01-05,Lobby Bar,Jack Daniel's,Whisky,0,1628,1628,0,2975
2026-01-05,Lobby Bar,Johnnie Walker Red,Whisky,0,2485,2485,0,5785
2026-01-05,Lobby Bar,Jose Cuervo,Tequila,0,924,924,0,3868
2026-01-05,Lobby Bar,Kingfisher Premium,Beer,0,4746,6813,2067,0
2026-01-05,Lobby Bar,Smirnoff Vodka,Vodka,0,0,2823,2823,0
2026-01-05,Pool Bar,Bacardi White,Rum,0,1966,1966,0,4310
2026-01-05,Pool Bar,Baileys,Liqueur,0,800,800,0,8410
2026-01-05,Pool Bar,Bombay Sapphire,Gin,0,1944,1944,0,1520
2026-01-05,Pool Bar,Heineken,Beer,5200,7338,7338,0,2378
2026-01-05,Pool Bar,Hennessy,Brandy,0,0,0,0,13655
2026-01-05,Pool Bar,Jack Daniel's,Whisky,0,1519,1519,0,2670
2026-01-05,Pool Bar,Johnnie Walker Red,Whisky,0,1623,1623,0,3230
2026-01-05,Pool Bar,Jose Cuervo,Tequila,0,1250,1250,0,9485
2026-01-05,Pool Bar,Kingfisher Premium,Beer,0,0,7448,7448,0
2026-01-05,Pool Bar,Smirnoff Vodka,Vodka,15750,3063,3063,0,13208
2026-01-05,Rooftop Bar,Bacardi White,Rum,0,3010,3010,0,10593
2026-01-05,Rooftop Bar,Baileys,Liqueur,0,785,785,0,10115
2026-01-05,Rooftop Bar,Bombay Sapphire,Gin,0,2145,2145,0,3674
2026-01-05,Rooftop Bar,Heineken,Beer,0,0,6517,6517,0
2026-01-05,Rooftop Bar,Hennessy,Brandy,0,696,696,0,12821
2026-01-05,Rooftop Bar,Jack Daniel's,Whisky,0,1873,1873,0,3928
2026-01-05,Rooftop Bar,Johnnie Walker Red,Whisky,0,3033,3033,0,4945
2026-01-05,Rooftop Bar,Jose Cuervo,Tequila,13500,1571,1571,0,11929
2026-01-05,Rooftop Bar,Kingfisher Premium,Beer,0,0,8865,8865,0
2026-01-05,Rooftop Bar,Smirnoff Vodka,Vodka,8250,3072,3072,0,8674
2026-01-05,Sky Lounge,Bacardi White,Rum,0,3379,3379,0,6533
2026-01-05,Sky Lounge,Baileys,Liqueur,0,1052,1052,0,5583
2026-01-05,Sky Lounge,Bombay Sapphire,Gin,0,2772,2772,0,8267
2026-01-05,Sky Lounge,Heineken,Beer,13000,8161,8161,0,4839
2026-01-05,Sky Lounge,Hennessy,Brandy,0,792,792,0,2180
2026-01-05,Sky Lounge,Jack Daniel's,Whisky,0,2425,2425,0,7507
2026-01-05,Sky Lounge,Johnnie Walker Red,Whisky,0,0,4153,4153,0
2026-01-05,Sky Lounge,Jose Cuervo,Tequila,0,1580,1580,0,6880
2026-01-05,Sky Lounge,Kingfisher Premium,Beer,7150,7150,10937,3787,0
2026-01-05,Sky Lounge,Smirnoff Vodka,Vodka,0,0,4777,4777,0
2026-01-06,Garden Bar,Bacardi White,Rum,0,2050,2050,0,6523
2026-01-06,Garden Bar,Baileys,Liqueur,0,385,385,0,3442
2026-01-06,Garden Bar,Bombay Sapphire,Gin,0,1495,1495,0,2103
2026-01-06,Garden Bar,Heineken,Beer,13000,4733,4733,0,8267
2026-01-06,Garden Bar,Hennessy,Brandy,0,0,0,0,8967
2026-01-06,Garden Bar,Jack Daniel's,Whisky,0,1685,1685,0,13785
2026-01-06,Garden Bar,Johnnie Walker Red,Whisky,0,1675,1675,0,4203
2026-01-06,Garden Bar,Jose Cuervo,Tequila,0,876,876,0,7408
2026-01-06,Garden Bar,Kingfisher Premium,Beer,0,6200,6200,0,640
2026-01-06,Garden Bar,Smirnoff Vodka,Vodka,0,3100,3100,0,3486
2026-01-06,Lobby Bar,Bacardi White,Rum,10500,1527,1527,0,8973
2026-01-06,Lobby Bar,Baileys,Liqueur,0,601,601,0,5013
2026-01-06,Lobby Bar,Bombay Sapphire,Gin,0,0,1132,1132,0
2026-01-06,Lobby Bar,Heineken,Beer,5850,3565,3565,0,2285
2026-01-06,Lobby Bar,Hennessy,Brandy,0,458,458,0,10993
2026-01-06,Lobby Bar,Jack Daniel's,Whisky,0,1429,1429,0,1985
2026-01-06,Lobby Bar,Johnnie Walker Red,Whisky,0,2616,2616,0,4976
2026-01-06,Lobby Bar,Jose Cuervo,Tequila,0,854,854,0,2667
2026-01-06,Lobby Bar,Kingfisher Premium,Beer,11700,9027,9027,0,2673
2026-01-06,Lobby Bar,Smirnoff Vodka,Vodka,0,0,2466,2466,0
2026-01-06,Pool Bar,Bacardi White,Rum,0,2240,2240,0,2070
2026-01-06,Pool Bar,Baileys,Liqueur,0,707,707,0,7253
2026-01-06,Pool Bar,Bombay Sapphire,Gin,9750,1608,1608,0,9662
2026-01-06,Pool Bar,Heineken,Beer,0,758,6345,5587,0
2026-01-06,Pool Bar,Hennessy,Brandy,0,592,592,0,13063
2026-01-06,Pool Bar,Jack Daniel's,Whisky,0,1631,1631,0,1039
2026-01-06,Pool Bar,Johnnie Walker Red,Whisky,0,2814,3251,437,2425
2026-01-06,Pool Bar,Jose Cuervo,Tequila,0,1409,1409,0,8076
2026-01-06,Pool Bar,Kingfisher Premium,Beer,0,0,7947,7947,0
2026-01-06,Pool Bar,Smirnoff Vodka,Vodka,0,3231,3231,0,9456
2026-01-06,Rooftop Bar,Bacardi White,Rum,0,3332,3332,0,5044
2026-01-06,Rooftop Bar,Baileys,Liqueur,0,940,940,0,9293
2026-01-06,Rooftop Bar,Bombay Sapphire,Gin,15000,2884,2884,0,15790
2026-01-06,Rooftop Bar,Heineken,Beer,0,0,7989,7989,0
2026-01-06,Rooftop Bar,Hennessy,Brandy,0,830,830,0,11991
2026-01-06,Rooftop Bar,Jack Daniel's,Whisky,0,2412,2412,0,1516
2026-01-06,Rooftop Bar,Johnnie Walker Red,Whisky,15000,3084,3084,0,17780
2026-01-06,Rooftop Bar,Jose Cuervo,Tequila,0,1548,1548,0,10381
2026-01-06,Rooftop Bar,Kingfisher Premium,Beer,0,0,9919,9919,0
2026-01-06,Rooftop Bar,Smirnoff Vodka,Vodka,0,3808,3808,0,5424
2026-01-06,Sky Lounge,Bacardi White,Rum,0,3592,3592,0,3745
2026-01-06,Sky Lounge,Baileys,Liqueur,0,1037,1037,0,4546
2026-01-06,Sky Lounge,Bombay Sapphire,Gin,0,3368,3368,0,4899
2026-01-06,Sky Lounge,Heineken,Beer,11050,10469,10469,0,5420
2026-01-06,Sky Lounge,Hennessy,Brandy,0,629,629,0,1579
2026-01-06,Sky Lounge,Jack Daniel's,Whisky,0,2462,2462,0,2928
2026-01-06,Sky Lounge,Johnnie Walker Red,Whisky,0,0,3849,3849,0
2026-01-06,Sky Lounge,Jose Cuervo,Tequila,0,1608,1608,0,6651
2026-01-06,Sky Lounge,Kingfisher Premium,Beer,0,0,11857,11857,0
2026-01-06,Sky Lounge,Smirnoff Vodka,Vodka,0,0,4979,4979,0
2026-01-07,Garden Bar,Bacardi White,Rum,0,1939,1939,0,3628
2026-01-07,Garden Bar,Baileys,Liqueur,0,684,684,0,2758
2026-01-07,Garden Bar,Bombay Sapphire,Gin,0,1167,1167,0,936
2026-01-07,Garden Bar,Heineken,Beer,0,4757,4757,0,6335
2026-01-07,Garden Bar,Hennessy,Brandy,0,455,455,0,8699
2026-01-07,Garden Bar,Jack Daniel's,Whisky,0,1070,1070,0,12715
2026-01-07,Garden Bar,Johnnie Walker Red,Whisky,0,1953,1953,0,2250
2026-01-07,Garden Bar,Jose Cuervo,Tequila,0,1067,1067,0,6341
2026-01-07,Garden Bar,Kingfisher Premium,Beer,0,640,5862,5222,0
2026-01-07,Garden Bar,Smirnoff Vodka,Vodka,8250,2705,2705,0,11156
2026-01-07,Lobby Bar,Bacardi White,Rum,0,2351,2351,0,7242
2026-01-07,Lobby Bar,Baileys,Liqueur,0,857,857,0,4161
2026-01-07,Lobby Bar,Bombay Sapphire,Gin,0,0,1952,1952,0
2026-01-07,Lobby Bar,Heineken,Beer,0,2285,6004,3719,0
2026-01-07,Lobby Bar,Hennessy,Brandy,0,0,0,0,10969
2026-01-07,Lobby Bar,Jack Daniel's,Whisky,0,866,1470,604,0
2026-01-07,Lobby Bar,Johnnie Walker Red,Whisky,0,2111,2111,0,1587
2026-01-07,Lobby Bar,Jose Cuervo,Tequila,0,956,956,0,1711
2026-01-07,Lobby Bar,Kingfisher Premium,Beer,7800,6365,6365,0,8253
2026-01-07,Lobby Bar,Smirnoff Vodka,Vodka,0,0,2690,2690,0
2026-01-07,Pool Bar,Bacardi White,Rum,0,2070,2860,790,0
2026-01-07,Pool Bar,Baileys,Liqueur,0,528,528,0,6771
2026-01-07,Pool Bar,Bombay Sapphire,Gin,0,2068,2068,0,7594
2026-01-07,Pool Bar,Heineken,Beer,0,0,5989,5989,0
2026-01-07,Pool Bar,Hennessy,Brandy,0,573,573,0,12761
2026-01-07,Pool Bar,Jack Daniel's,Whisky,0,1039,1846,807,0
2026-01-07,Pool Bar,Johnnie Walker Red,Whisky,0,0,3385,3385,0
2026-01-07,Pool Bar,Jose Cuervo,Tequila,0,909,909,0,7167
2026-01-07,Pool Bar,Kingfisher Premium,Beer,0,0,8763,8763,0
2026-01-07,Pool Bar,Smirnoff Vodka,Vodka,0,3257,3257,0,7927
2026-01-07,Rooftop Bar,Bacardi White,Rum,13500,2816,2816,0,15172
2026-01-07,Rooftop Bar,Baileys,Liqueur,0,882,882,0,8293
2026-01-07,Rooftop Bar,Bombay Sapphire,Gin,0,2282,2282,0,13508
2026-01-07,Rooftop Bar,Heineken,Beer,0,0,8281,8281,0
2026-01-07,Rooftop Bar,Hennessy,Brandy,0,722,722,0,11269
2026-01-07,Rooftop Bar,Jack Daniel's,Whisky,7500,2301,2301,0,6715
2026-01-07,Rooftop Bar,Johnnie Walker Red,Whisky,0,4491,4491,0,12370
2026-01-07,Rooftop Bar,Jose Cuervo,Tequila,0,1784,1784,0,8597
2026-01-07,Rooftop Bar,Kingfisher Premium,Beer,7150,7150,8545,1395,0
2026-01-07,Rooftop Bar,Smirnoff Vodka,Vodka,0,4797,4797,0,69
2026-01-07,Sky Lounge,Bacardi White,Rum,0,2203,3599,1396,0
2026-01-07,Sky Lounge,Baileys,Liqueur,0,0,0,0,4546
2026-01-07,Sky Lounge,Bombay Sapphire,Gin,0,2187,2187,0,2712
2026-01-07,Sky Lounge,Heineken,Beer,0,5420,10838,5418,0
2026-01-07,Sky Lounge,Hennessy,Brandy,0,769,769,0,387
2026-01-07,Sky Lounge,Jack Daniel's,Whisky,0,2219,2219,0,1525
2026-01-07,Sky Lounge,Johnnie Walker Red,Whisky,9000,4098,4098,0,8115
2026-01-07,Sky Lounge,Jose Cuervo,Tequila,0,1552,1552,0,4683
2026-01-07,Sky Lounge,Kingfisher Premium,Beer,0,0,14122,14122,0
2026-01-07,Sky Lounge,Smirnoff Vodka,Vodka,12750,5634,5634,0,7116
2026-01-08,Garden Bar,Bacardi White,Rum,0,2101,2101,0,1914
2026-01-08,Garden Bar,Baileys,Liqueur,0,0,0,0,2758
2026-01-08,Garden Bar,Bombay Sapphire,Gin,0,936,1831,895,653
2026-01-08,Garden Bar,Heineken,Beer,0,3510,4580,1070,1298
2026-01-08,Garden Bar,Hennessy,Brandy,0,465,465,0,8047
2026-01-08,Garden Bar,Jack Daniel's,Whisky,0,1190,1190,0,11865
2026-01-08,Garden Bar,Johnnie Walker Red,Whisky,0,2250,2645,395,0
2026-01-08,Garden Bar,Jose Cuervo,Tequila,0,1030,1030,0,5766
2026-01-08,Garden Bar,Kingfisher Premium,Beer,9750,6404,6404,0,7062
2026-01-08,Garden Bar,Smirnoff Vodka,Vodka,0,2482,2482,0,6549
2026-01-08,Lobby Bar,Bacardi White,Rum,0,1594,1594,0,5028
2026-01-08,Lobby Bar,Baileys,Liqueur,0,635,635,0,3011
2026-01-08,Lobby Bar,Bombay Sapphire,Gin,14250,2145,2145,0,13958
2026-01-08,Lobby Bar,Heineken,Beer,0,0,6072,6072,0
2026-01-08,Lobby Bar,Hennessy,Brandy,0,652,652,0,10732
2026-01-08,Lobby Bar,Jack Daniel's,Whisky,12000,1324,1324,0,11370
2026-01-08,Lobby Bar,Johnnie Walker Red,Whisky,0,1058,2414,1356,0
2026-01-08,Lobby Bar,Jose Cuervo,Tequila,0,1048,1048,0,663
2026-01-08,Lobby Bar,Kingfisher Premium,Beer,5850,7449,7449,0,6572
2026-01-08,Lobby Bar,Smirnoff Vodka,Vodka,0,0,3041,3041,0
2026-01-08,Pool Bar,Bacardi White,Rum,0,0,3485,3485,0
2026-01-08,Pool Bar,Baileys,Liqueur,0,847,847,0,5878
2026-01-08,Pool Bar,Bombay Sapphire,Gin,0,2205,2205,0,5389
2026-01-08,Pool Bar,Heineken,Beer,0,0,5936,5936,0
2026-01-08,Pool Bar,Hennessy,Brandy,0,516,516,0,11974
2026-01-08,Pool Bar,Jack Daniel's,Whisky,0,0,1776,1776,0
2026-01-08,Pool Bar,Johnnie Walker Red,Whisky,0,0,2751,2751,0
2026-01-08,Pool Bar,Jose Cuervo,Tequila,0,1619,1619,0,5548
2026-01-08,Pool Bar,Kingfisher Premium,Beer,0,0,9815,9815,0
2026-01-08,Pool Bar,Smirnoff Vodka,Vodka,0,4264,4264,0,1935
2026-01-08,Rooftop Bar,Bacardi White,Rum,0,3965,3965,0,14413
2026-01-08,Rooftop Bar,Baileys,Liqueur,0,0,0,0,8293
2026-01-08,Rooftop Bar,Bombay Sapphire,Gin,0,3164,3164,0,10833
2026-01-08,Rooftop Bar,Heineken,Beer,7150,7150,7890,740,0
2026-01-08,Rooftop Bar,Hennessy,Brandy,0,685,685,0,11239
2026-01-08,Rooftop Bar,Jack Daniel's,Whisky,0,2344,2344,0,5908
2026-01-08,Rooftop Bar,Johnnie Walker Red,Whisky,0,4293,4293,0,8077
2026-01-08,Rooftop Bar,Jose Cuervo,Tequila,0,1710,1710,0,7451
2026-01-08,Rooftop Bar,Kingfisher Premium,Beer,0,0,11732,11732,0
2026-01-08,Rooftop Bar,Smirnoff Vodka,Vodka,0,69,5714,5645,0
2026-01-08,Sky Lounge,Bacardi White,Rum,0,0,4463,4463,0
2026-01-08,Sky Lounge,Baileys,Liqueur,0,1314,1314,0,3865
2026-01-08,Sky Lounge,Bombay Sapphire,Gin,0,2712,3959,1247,0
2026-01-08,Sky Lounge,Heineken,Beer,11050,8913,8913,0,2137
2026-01-08,Sky Lounge,Hennessy,Brandy,13300,899,899,0,13047
2026-01-08,Sky Lounge,Jack Daniel's,Whisky,6000,3183,3183,0,3526
2026-01-08,Sky Lounge,Johnnie Walker Red,Whisky,0,4655,4655,0,2511
2026-01-08,Sky Lounge,Jose Cuervo,Tequila,0,1672,1672,0,3418
2026-01-08,Sky Lounge,Kingfisher Premium,Beer,0,0,12252,12252,0
2026-01-08,Sky Lounge,Smirnoff Vodka,Vodka,0,4450,4450,0,2666
2026-01-09,Garden Bar,Bacardi White,Rum,0,559,3512,2953,0
2026-01-09,Garden Bar,Baileys,Liqueur,0,0,0,0,2758
2026-01-09,Garden Bar,Bombay Sapphire,Gin,0,0,2338,2338,0
2026-01-09,Garden Bar,Heineken,Beer,0,0,7810,7810,0
2026-01-09,Garden Bar,Hennessy,Brandy,0,591,591,0,7456
2026-01-09,Garden Bar,Jack Daniel's,Whisky,0,1987,1987,0,9538
2026-01-09,Garden Bar,Johnnie Walker Red,Whisky,13500,2973,2973,0,10527
2026-01-09,Garden Bar,Jose Cuervo,Tequila,0,1307,1307,0,4004
2026-01-09,Garden Bar,Kingfisher Premium,Beer,0,3346,9844,6498,0
2026-01-09,Garden Bar,Smirnoff Vodka,Vodka,0,3484,3484,0,3065
2026-01-09,Lobby Bar,Bacardi White,Rum,0,3239,3239,0,1789
2026-01-09,Lobby Bar,Baileys,Liqueur,0,1201,1201,0,1810
2026-01-09,Lobby Bar,Bombay Sapphire,Gin,0,2629,2629,0,9892
2026-01-09,Lobby Bar,Heineken,Beer,0,0,6744,6744,0
2026-01-09,Lobby Bar,Hennessy,Brandy,0,541,541,0,10285
2026-01-09,Lobby Bar,Jack Daniel's,Whisky,0,2170,2170,0,8506
2026-01-09,Lobby Bar,Johnnie Walker Red,Whisky,15000,4347,4347,0,10653
2026-01-09,Lobby Bar,Jose Cuervo,Tequila,0,663,1670,1007,0
2026-01-09,Lobby Bar,Kingfisher Premium,Beer,0,2509,11534,9025,0
2026-01-09,Lobby Bar,Smirnoff Vodka,Vodka,0,0,4219,4219,0
2026-01-09,Pool Bar,Bacardi White,Rum,0,0,4478,4478,0
2026-01-09,Pool Bar,Baileys,Liqueur,0,898,898,0,4980
2026-01-09,Pool Bar,Bombay Sapphire,Gin,0,2893,2893,0,4858
2026-01-09,Pool Bar,Heineken,Beer,0,0,9971,9971,0
2026-01-09,Pool Bar,Hennessy,Brandy,0,865,865,0,11616
2026-01-09,Pool Bar,Jack Daniel's,Whisky,10500,2341,2341,0,8159
2026-01-09,Pool Bar,Johnnie Walker Red,Whisky,10500,5036,5036,0,9874
2026-01-09,Pool Bar,Jose Cuervo,Tequila,0,2225,2225,0,3323
2026-01-09,Pool Bar,Kingfisher Premium,Beer,0,0,13481,13481,0
2026-01-09,Pool Bar,Smirnoff Vodka,Vodka,8250,4381,4381,0,8903
2026-01-09,Rooftop Bar,Bacardi White,Rum,0,4316,4316,0,6891
2026-01-09,Rooftop Bar,Baileys,Liqueur,0,1534,1534,0,7417
2026-01-09,Rooftop Bar,Bombay Sapphire,Gin,0,2995,2995,0,8587
2026-01-09,Rooftop Bar,Heineken,Beer,0,0,13980,13980,0
2026-01-09,Rooftop Bar,Hennessy,Brandy,0,962,962,0,10075
2026-01-09,Rooftop Bar,Jack Daniel's,Whisky,0,3653,3653,0,718
2026-01-09,Rooftop Bar,Johnnie Walker Red,Whisky,12750,5217,5217,0,15610
2026-01-09,Rooftop Bar,Jose Cuervo,Tequila,0,2469,2469,0,4418
2026-01-09,Rooftop Bar,Kingfisher Premium,Beer,0,0,16092,16092,0
2026-01-09,Rooftop Bar,Smirnoff Vodka,Vodka,0,0,7023,7023,0
2026-01-09,Sky Lounge,Bacardi White,Rum,10500,4562,4562,0,5938
2026-01-09,Sky Lounge,Baileys,Liqueur,0,1144,1144,0,2088
2026-01-09,Sky Lounge,Bombay Sapphire,Gin,0,0,4848,4848,0
2026-01-09,Sky Lounge,Heineken,Beer,8450,10587,13475,2888,0
2026-01-09,Sky Lounge,Hennessy,Brandy,0,946,946,0,12775
2026-01-09,Sky Lounge,Jack Daniel's,Whisky,10500,3327,3327,0,10699
2026-01-09,Sky Lounge,Johnnie Walker Red,Whisky,12000,5639,5639,0,6608
2026-01-09,Sky Lounge,Jose Cuervo,Tequila,10500,2554,2554,0,9994
2026-01-09,Sky Lounge,Kingfisher Premium,Beer,0,0,14828,14828,0
2026-01-09,Sky Lounge,Smirnoff Vodka,Vodka,0,2666,7325,4659,0
2026-01-10,Garden Bar,Bacardi White,Rum,0,0,2750,2750,0
2026-01-10,Garden Bar,Baileys,Liqueur,0,1144,1144,0,1614
2026-01-10,Garden Bar,Bombay Sapphire,Gin,0,0,2979,2979,0
2026-01-10,Garden Bar,Heineken,Beer,13650,8859,8859,0,4791
2026-01-10,Garden Bar,Hennessy,Brandy,0,743,743,0,7382
2026-01-10,Garden Bar,Jack Daniel's,Whisky,0,2627,2627,0,6911
2026-01-10,Garden Bar,Johnnie Walker Red,Whisky,0,3633,3633,0,9189
2026-01-10,Garden Bar,Jose Cuervo,Tequila,0,1528,1528,0,2476
2026-01-10,Garden Bar,Kingfisher Premium,Beer,0,0,9023,9023,0
2026-01-10,Garden Bar,Smirnoff Vodka,Vodka,12750,4463,4463,0,12408
2026-01-10,Lobby Bar,Bacardi White,Rum,7500,2975,2975,0,6314
2026-01-10,Lobby Bar,Baileys,Liqueur,0,1231,1231,0,579
2026-01-10,Lobby Bar,Bombay Sapphire,Gin,0,2368,2368,0,7919
2026-01-10,Lobby Bar,Heineken,Beer,0,0,6111,6111,0
2026-01-10,Lobby Bar,Hennessy,Brandy,0,812,812,0,8964
2026-01-10,Lobby Bar,Jack Daniel's,Whisky,0,2523,2523,0,5983
2026-01-10,Lobby Bar,Johnnie Walker Red,Whisky,0,4347,4347,0,6959
2026-01-10,Lobby Bar,Jose Cuervo,Tequila,0,0,1622,1622,0
2026-01-10,Lobby Bar,Kingfisher Premium,Beer,0,0,13831,13831,0
2026-01-10,Lobby Bar,Smirnoff Vodka,Vodka,12000,6141,6141,0,5859
2026-01-10,Pool Bar,Bacardi White,Rum,0,0,4691,4691,0
2026-01-10,Pool Bar,Baileys,Liqueur,0,1343,1343,0,3842
2026-01-10,Pool Bar,Bombay Sapphire,Gin,0,2496,4057,1561,0
2026-01-10,Pool Bar,Heineken,Beer,13000,12684,12684,0,4066
2026-01-10,Pool Bar,Hennessy,Brandy,0,856,856,0,10253
2026-01-10,Pool Bar,Jack Daniel's,Whisky,0,3333,3333,0,4826
2026-01-10,Pool Bar,Johnnie Walker Red,Whisky,12750,5023,5023,0,13191
2026-01-10,Pool Bar,Jose Cuervo,Tequila,0,2425,2425,0,898
2026-01-10,Pool Bar,Kingfisher Premium,Beer,0,0,16837,16837,0
2026-01-10,Pool Bar,Smirnoff Vodka,Vodka,15000,6035,6035,0,16238
2026-01-10,Rooftop Bar,Bacardi White,Rum,0,5723,5723,0,1168
2026-01-10,Rooftop Bar,Baileys,Liqueur,0,1047,1047,0,5953
2026-01-10,Rooftop Bar,Bombay Sapphire,Gin,0,4395,4395,0,2954
2026-01-10,Rooftop Bar,Heineken,Beer,0,0,13036,13036,0
2026-01-10,Rooftop Bar,Hennessy,Brandy,0,1309,1309,0,8313
2026-01-10,Rooftop Bar,Jack Daniel's,Whisky,12000,4370,4370,0,8348
2026-01-10,Rooftop Bar,Johnnie Walker Red,Whisky,0,6355,6355,0,9255
2026-01-10,Rooftop Bar,Jose Cuervo,Tequila,0,2891,2891,0,3477
2026-01-10,Rooftop Bar,Kingfisher Premium,Beer,6500,6500,21939,15439,0
2026-01-10,Rooftop Bar,Smirnoff Vodka,Vodka,0,0,7177,7177,0
2026-01-10,Sky Lounge,Bacardi White,Rum,0,5938,6997,1059,0
2026-01-10,Sky Lounge,Baileys,Liqueur,0,1394,1394,0,694
2026-01-10,Sky Lounge,Bombay Sapphire,Gin,0,0,4446,4446,0
2026-01-10,Sky Lounge,Heineken,Beer,0,0,17948,17948,0
2026-01-10,Sky Lounge,Hennessy,Brandy,0,1474,1474,0,10368
2026-01-10,Sky Lounge,Jack Daniel's,Whisky,0,3528,3528,0,7171
2026-01-10,Sky Lounge,Johnnie Walker Red,Whisky,12000,6926,6926,0,11682
2026-01-10,Sky Lounge,Jose Cuervo,Tequila,0,3267,3267,0,7120
2026-01-10,Sky Lounge,Kingfisher Premium,Beer,9100,9100,23202,14102,1067
2026-01-10,Sky Lounge,Smirnoff Vodka,Vodka,0,0,7045,7045,0
2026-01-11,Garden Bar,Bacardi White,Rum,0,0,2350,2350,0
2026-01-11,Garden Bar,Baileys,Liqueur,0,641,641,0,973
2026-01-11,Garden Bar,Bombay Sapphire,Gin,13500,2178,2178,0,11322
2026-01-11,Garden Bar,Heineken,Beer,10400,5506,5506,0,9685
2026-01-11,Garden Bar,Hennessy,Brandy,0,550,550,0,6416
2026-01-11,Garden Bar,Jack Daniel's,Whisky,0,1644,1644,0,5267
2026-01-11,Garden Bar,Johnnie Walker Red,Whisky,0,2856,2856,0,4260
2026-01-11,Garden Bar,Jose Cuervo,Tequila,0,1011,1011,0,1465
2026-01-11,Garden Bar,Kingfisher Premium,Beer,9750,9217,9217,0,533
2026-01-11,Garden Bar,Smirnoff Vodka,Vodka,0,2765,2765,0,10913
2026-01-11,Lobby Bar,Bacardi White,Rum,0,2746,2746,0,3568
2026-01-11,Lobby Bar,Baileys,Liqueur,15750,718,718,0,15611
2026-01-11,Lobby Bar,Bombay Sapphire,Gin,0,2054,2054,0,5775
2026-01-11,Lobby Bar,Heineken,Beer,0,0,7406,7406,0
2026-01-11,Lobby Bar,Hennessy,Brandy,0,670,670,0,8887
2026-01-11,Lobby Bar,Jack Daniel's,Whisky,0,1365,1365,0,4618
2026-01-11,Lobby Bar,Johnnie Walker Red,Whisky,0,3104,3104,0,3202
2026-01-11,Lobby Bar,Jose Cuervo,Tequila,6000,1384,1384,0,4616
2026-01-11,Lobby Bar,Kingfisher Premium,Beer,13000,11827,11827,0,6247
2026-01-11,Lobby Bar,Smirnoff Vodka,Vodka,0,4474,4474,0,1385
2026-01-11,Pool Bar,Bacardi White,Rum,0,0,2734,2734,0
2026-01-11,Pool Bar,Baileys,Liqueur,0,995,995,0,2642
2026-01-11,Pool Bar,Bombay Sapphire,Gin,0,0,3048,3048,0
2026-01-11,Pool Bar,Heineken,Beer,0,316,6607,6291,0
2026-01-11,Pool Bar,Hennessy,Brandy,0,0,0,0,10253
2026-01-11,Pool Bar,Jack Daniel's,Whisky,0,2305,2305,0,3175
2026-01-11,Pool Bar,Johnnie Walker Red,Whisky,0,4369,4369,0,11840
2026-01-11,Pool Bar,Jose Cuervo,Tequila,0,898,1470,572,0
2026-01-11,Pool Bar,Kingfisher Premium,Beer,0,0,9277,9277,0
2026-01-11,Pool Bar,Smirnoff Vodka,Vodka,0,4268,4268,0,12744
2026-01-11,Rooftop Bar,Bacardi White,Rum,0,1168,3599,2431,0
2026-01-11,Rooftop Bar,Baileys,Liqueur,0,944,944,0,4768
2026-01-11,Rooftop Bar,Bombay Sapphire,Gin,0,2954,3256,302,0
2026-01-11,Rooftop Bar,Heineken,Beer,5200,5200,12086,6886,0
2026-01-11,Rooftop Bar,Hennessy,Brandy,0,0,0,0,8313
2026-01-11,Rooftop Bar,Jack Daniel's,Whisky,0,2679,2679,0,5669
2026-01-11,Rooftop Bar,Johnnie Walker Red,Whisky,0,4611,4611,0,8352
2026-01-11,Rooftop Bar,Jose Cuervo,Tequila,0,1527,1819,292,0
2026-01-11,Rooftop Bar,Kingfisher Premium,Beer,0,0,12174,12174,0
2026-01-11,Rooftop Bar,Smirnoff Vodka,Vodka,0,0,6101,6101,0
2026-01-11,Sky Lounge,Bacardi White,Rum,0,0,3277,3277,0
2026-01-11,Sky Lounge,Baileys,Liqueur,0,694,1272,578,0
2026-01-11,Sky Lounge,Bombay Sapphire,Gin,0,0,3870,3870,0
2026-01-11,Sky Lounge,Heineken,Beer,0,0,12973,12973,0
2026-01-11,Sky Lounge,Hennessy,Brandy,0,907,907,0,9461
2026-01-11,Sky Lounge,Jack Daniel's,Whisky,0,3528,3528,0,6570
2026-01-11,Sky Lounge,Johnnie Walker Red,Whisky,0,3169,3169,0,8513
2026-01-11,Sky Lounge,Jose Cuervo,Tequila,0,2242,2242,0,4485
2026-01-11,Sky Lounge,Kingfisher Premium,Beer,7800,7800,16799,8999,6006
2026-01-11,Sky Lounge,Smirnoff Vodka,Vodka,8250,5815,5815,0,2435
2026-01-12,Garden Bar,Bacardi White,Rum,0,0,1767,1767,0
2026-01-12,Garden Bar,Baileys,Liqueur,0,464,464,0,509
2026-01-12,Garden Bar,Bombay Sapphire,Gin,0,1529,1529,0,9793
2026-01-12,Garden Bar,Heineken,Beer,0,3416,3416,0,6269
2026-01-12,Garden Bar,Hennessy,Brandy,0,384,384,0,6065
2026-01-12,Garden Bar,Jack Daniel's,Whisky,0,1128,1128,0,4760
2026-01-12,Garden Bar,Johnnie Walker Red,Whisky,0,1957,1957,0,2081
2026-01-12,Garden Bar,Jose Cuervo,Tequila,0,874,874,0,920
2026-01-12,Garden Bar,Kingfisher Premium,Beer,13000,5835,5835,0,7698
2026-01-12,Garden Bar,Smirnoff Vodka,Vodka,0,2503,2503,0,8324
2026-01-12,Lobby Bar,Bacardi White,Rum,0,1972,1972,0,1596
2026-01-12,Lobby Bar,Baileys,Liqueur,0,515,515,0,15096
2026-01-12,Lobby Bar,Bombay Sapphire,Gin,0,1471,1471,0,4060
2026-01-12,Lobby Bar,Heineken,Beer,13650,3560,3560,0,10090
2026-01-12,Lobby Bar,Hennessy,Brandy,0,487,487,0,7870
2026-01-12,Lobby Bar,Jack Daniel's,Whisky,0,1273,1273,0,3345
2026-01-12,Lobby Bar,Johnnie Walker Red,Whisky,0,1928,1928,0,1274
2026-01-12,Lobby Bar,Jose Cuervo,Tequila,0,950,950,0,4252
2026-01-12,Lobby Bar,Kingfisher Premium,Beer,0,1173,8523,7350,0
2026-01-12,Lobby Bar,Smirnoff Vodka,Vodka,15750,2557,2557,0,15273
2026-01-12,Pool Bar,Bacardi White,Rum,8250,2098,2098,0,7331
2026-01-12,Pool Bar,Baileys,Liqueur,0,554,554,0,2088
2026-01-12,Pool Bar,Bombay Sapphire,Gin,13500,2059,2059,0,11441
2026-01-12,Pool Bar,Heineken,Beer,0,0,4800,4800,0
2026-01-12,Pool Bar,Hennessy,Brandy,0,620,620,0,9838
2026-01-12,Pool Bar,Jack Daniel's,Whisky,0,1568,1568,0,953
2026-01-12,Pool Bar,Johnnie Walker Red,Whisky,0,2539,2539,0,8525
2026-01-12,Pool Bar,Jose Cuervo,Tequila,0,0,1335,1335,0
2026-01-12,Pool Bar,Kingfisher Premium,Beer,0,0,7852,7852,0
2026-01-12,Pool Bar,Smirnoff Vodka,Vodka,0,2366,2366,0,8135
2026-01-12,Rooftop Bar,Bacardi White,Rum,0,0,3091,3091,0
2026-01-12,Rooftop Bar,Baileys,Liqueur,0,739,739,0,4420
2026-01-12,Rooftop Bar,Bombay Sapphire,Gin,0,0,2174,2174,0
2026-01-12,Rooftop Bar,Heineken,Beer,11050,5846,5846,0,5204
2026-01-12,Rooftop Bar,Hennessy,Brandy,0,719,719,0,7594
2026-01-12,Rooftop Bar,Jack Daniel's,Whisky,0,2215,2215,0,3454
2026-01-12,Rooftop Bar,Johnnie Walker Red,Whisky,0,2260,2260,0,2384
2026-01-12,Rooftop Bar,Jose Cuervo,Tequila,9750,1655,1655,0,8095
2026-01-12,Rooftop Bar,Kingfisher Premium,Beer,0,0,7891,7891,0
2026-01-12,Rooftop Bar,Smirnoff Vodka,Vodka,0,0,3239,3239,0
2026-01-12,Sky Lounge,Bacardi White,Rum,0,0,2823,2823,0
2026-01-12,Sky Lounge,Baileys,Liqueur,0,0,0,0,0
2026-01-12,Sky Lounge,Bombay Sapphire,Gin,15000,2725,2725,0,13778
2026-01-12,Sky Lounge,Heineken,Beer,0,0,6920,6920,0
2026-01-12,Sky Lounge,Hennessy,Brandy,0,882,882,0,9208
2026-01-12,Sky Lounge,Jack Daniel's,Whisky,0,2424,2424,0,1219
2026-01-12,Sky Lounge,Johnnie Walker Red,Whisky,0,3517,3517,0,8218
2026-01-12,Sky Lounge,Jose Cuervo,Tequila,0,1528,1528,0,2957
2026-01-12,Sky Lounge,Kingfisher Premium,Beer,5850,5850,10094,4244,0
2026-01-12,Sky Lounge,Smirnoff Vodka,Vodka,0,2435,4482,2047,0
2026-01-13,Garden Bar,Bacardi White,Rum,0,0,1975,1975,0
2026-01-13,Garden Bar,Baileys,Liqueur,14250,0,0,0,14759
2026-01-13,Garden Bar,Bombay Sapphire,Gin,0,1619,1619,0,8466
2026-01-13,Garden Bar,Heineken,Beer,0,4124,4124,0,2145
2026-01-13,Garden Bar,Hennessy,Brandy,0,353,353,0,5426
2026-01-13,Garden Bar,Jack Daniel's,Whisky,0,1312,1312,0,2827
2026-01-13,Garden Bar,Johnnie Walker Red,Whisky,0,2081,2324,243,0
2026-01-13,Garden Bar,Jose Cuervo,Tequila,0,591,861,270,0
2026-01-13,Garden Bar,Kingfisher Premium,Beer,0,6624,6624,0,5223
2026-01-13,Garden Bar,Smirnoff Vodka,Vodka,0,2226,2226,0,5841
2026-01-13,Lobby Bar,Bacardi White,Rum,0,1596,1845,249,0
2026-01-13,Lobby Bar,Baileys,Liqueur,0,527,527,0,14984
2026-01-13,Lobby Bar,Bombay Sapphire,Gin,0,1775,1775,0,1808
2026-01-13,Lobby Bar,Heineken,Beer,0,6323,6323,0,3767
2026-01-13,Lobby Bar,Hennessy,Brandy,0,457,457,0,7350
2026-01-13,Lobby Bar,Jack Daniel's,Whisky,0,1394,1394,0,2178
2026-01-13,Lobby Bar,Johnnie Walker Red,Whisky,9000,2433,2433,0,9239
2026-01-13,Lobby Bar,Jose Cuervo,Tequila,0,969,969,0,3579
2026-01-13,Lobby Bar,Kingfisher Premium,Beer,0,0,3865,3865,0
2026-01-13,Lobby Bar,Smirnoff Vodka,Vodka,0,2884,2884,0,13020
2026-01-13,Pool Bar,Bacardi White,Rum,0,2241,2241,0,4330
2026-01-13,Pool Bar,Baileys,Liqueur,0,0,0,0,2088
2026-01-13,Pool Bar,Bombay Sapphire,Gin,0,1827,1827,0,9614
2026-01-13,Pool Bar,Heineken,Beer,0,0,6257,6257,0
2026-01-13,Pool Bar,Hennessy,Brandy,0,517,517,0,9304
2026-01-13,Pool Bar,Jack Daniel's,Whisky,0,953,2215,1262,0
2026-01-13,Pool Bar,Johnnie Walker Red,Whisky,0,2430,2430,0,5019
2026-01-13,Pool Bar,Jose Cuervo,Tequila,8250,1623,1623,0,6627
2026-01-13,Pool Bar,Kingfisher Premium,Beer,0,0,7346,7346,0
2026-01-13,Pool Bar,Smirnoff Vodka,Vodka,0,2379,2379,0,5756
2026-01-13,Rooftop Bar,Bacardi White,Rum,15750,2915,2915,0,12835
2026-01-13,Rooftop Bar,Baileys,Liqueur,0,1165,1165,0,2864
2026-01-13,Rooftop Bar,Bombay Sapphire,Gin,0,0,1291,1291,0
2026-01-13,Rooftop Bar,Heineken,Beer,13650,7105,7105,0,12722
2026-01-13,Rooftop Bar,Hennessy,Brandy,0,618,618,0,7107
2026-01-13,Rooftop Bar,Jack Daniel's,Whisky,0,2752,2752,0,702
2026-01-13,Rooftop Bar,Johnnie Walker Red,Whisky,9000,4293,4293,0,9818
2026-01-13,Rooftop Bar,Jose Cuervo,Tequila,0,1353,1353,0,7026
2026-01-13,Rooftop Bar,Kingfisher Premium,Beer,0,0,12179,12179,0
2026-01-13,Rooftop Bar,Smirnoff Vodka,Vodka,0,0,3811,3811,0
2026-01-13,Sky Lounge,Bacardi White,Rum,0,0,3255,3255,0
2026-01-13,Sky Lounge,Baileys,Liqueur,0,0,1043,1043,0
2026-01-13,Sky Lounge,Bombay Sapphire,Gin,0,2378,2378,0,10535
2026-01-13,Sky Lounge,Heineken,Beer,8450,8450,10930,2480,436
2026-01-13,Sky Lounge,Hennessy,Brandy,0,771,771,0,8407
2026-01-13,Sky Lounge,Jack Daniel's,Whisky,0,1219,3472,2253,0
2026-01-13,Sky Lounge,Johnnie Walker Red,Whisky,0,3284,3284,0,2609
2026-01-13,Sky Lounge,Jose Cuervo,Tequila,0,1798,1798,0,1159
2026-01-13,Sky Lounge,Kingfisher Premium,Beer,0,0,12870,12870,0
2026-01-13,Sky Lounge,Smirnoff Vodka,Vodka,0,0,4632,4632,0
2026-01-14,Garden Bar,Bacardi White,Rum,7500,2099,2099,0,6835
2026-01-14,Garden Bar,Baileys,Liqueur,0,474,474,0,14428
2026-01-14,Garden Bar,Bombay Sapphire,Gin,0,1469,1469,0,6751
2026-01-14,Garden Bar,Heineken,Beer,8450,5166,5166,0,7927
2026-01-14,Garden Bar,Hennessy,Brandy,0,403,403,0,5023
2026-01-14,Garden Bar,Jack Daniel's,Whisky,0,1113,1113,0,1714
2026-01-14,Garden Bar,Johnnie Walker Red,Whisky,6000,2569,2569,0,4018
2026-01-14,Garden Bar,Jose Cuervo,Tequila,0,0,1096,1096,0
2026-01-14,Garden Bar,Kingfisher Premium,Beer,5200,6274,8234,1960,0
2026-01-14,Garden Bar,Smirnoff Vodka,Vodka,0,2641,2641,0,1217
2026-01-14,Lobby Bar,Bacardi White,Rum,15000,1669,1669,0,13597
2026-01-14,Lobby Bar,Baileys,Liqueur,0,507,507,0,14062
2026-01-14,Lobby Bar,Bombay Sapphire,Gin,0,1719,1719,0,1005
2026-01-14,Lobby Bar,Heineken,Beer,0,3767,6106,2339,0
2026-01-14,Lobby Bar,Hennessy,Brandy,0,450,450,0,6900
2026-01-14,Lobby Bar,Jack Daniel's,Whisky,0,1743,1743,0,208
2026-01-14,Lobby Bar,Johnnie Walker Red,Whisky,0,2043,2043,0,5798
2026-01-14,Lobby Bar,Jose Cuervo,Tequila,0,1062,1062,0,1635
2026-01-14,Lobby Bar,Kingfisher Premium,Beer,0,0,8929,8929,0
2026-01-14,Lobby Bar,Smirnoff Vodka,Vodka,0,3115,3115,0,8579
2026-01-14,Pool Bar,Bacardi White,Rum,0,3267,3267,0,644
2026-01-14,Pool Bar,Baileys,Liqueur,0,698,698,0,1431
2026-01-14,Pool Bar,Bombay Sapphire,Gin,0,2242,2242,0,9131
2026-01-14,Pool Bar,Heineken,Beer,0,0,5941,5941,0
2026-01-14,Pool Bar,Hennessy,Brandy,0,591,591,0,8525
2026-01-14,Pool Bar,Jack Daniel's,Whisky,15000,1651,1651,0,14232
2026-01-14,Pool Bar,Johnnie Walker Red,Whisky,0,3174,3174,0,679
2026-01-14,Pool Bar,Jose Cuervo,Tequila,0,734,734,0,6369
2026-01-14,Pool Bar,Kingfisher Premium,Beer,0,0,8087,8087,0
2026-01-14,Pool Bar,Smirnoff Vodka,Vodka,0,3848,3848,0,3291
2026-01-14,Rooftop Bar,Bacardi White,Rum,0,3277,3277,0,11430
2026-01-14,Rooftop Bar,Baileys,Liqueur,0,945,945,0,2472
2026-01-14,Rooftop Bar,Bombay Sapphire,Gin,0,0,2580,2580,0
2026-01-14,Rooftop Bar,Heineken,Beer,6500,8565,8565,0,9684
2026-01-14,Rooftop Bar,Hennessy,Brandy,0,782,782,0,6552
2026-01-14,Rooftop Bar,Jack Daniel's,Whisky,11250,2512,2512,0,10122
2026-01-14,Rooftop Bar,Johnnie Walker Red,Whisky,0,3780,3780,0,3311
2026-01-14,Rooftop Bar,Jose Cuervo,Tequila,0,1467,1467,0,5275
2026-01-14,Rooftop Bar,Kingfisher Premium,Beer,6500,6500,9119,2619,0
2026-01-14,Rooftop Bar,Smirnoff Vodka,Vodka,6750,4529,4529,0,2221
2026-01-14,Sky Lounge,Bacardi White,Rum,0,0,4164,4164,0
2026-01-14,Sky Lounge,Baileys,Liqueur,8250,1326,1326,0,7962
2026-01-14,Sky Lounge,Bombay Sapphire,Gin,0,3202,3202,0,6695
2026-01-14,Sky Lounge,Heineken,Beer,0,0,6438,6438,0
2026-01-14,Sky Lounge,Hennessy,Brandy,0,883,883,0,6925
2026-01-14,Sky Lounge,Jack Daniel's,Whisky,0,0,2489,2489,0
2026-01-14,Sky Lounge,Johnnie Walker Red,Whisky,0,1712,4654,2942,0
2026-01-14,Sky Lounge,Jose Cuervo,Tequila,0,1159,1963,804,0
2026-01-14,Sky Lounge,Kingfisher Premium,Beer,7150,7150,13484,6334,0
2026-01-14,Sky Lounge,Smirnoff Vodka,Vodka,14250,5044,5044,0,9206
2026-01-15,Garden Bar,Bacardi White,Rum,0,1800,1800,0,5071
2026-01-15,Garden Bar,Baileys,Liqueur,0,562,562,0,13782
2026-01-15,Garden Bar,Bombay Sapphire,Gin,0,1781,1781,0,4924
2026-01-15,Garden Bar,Heineken,Beer,11700,5708,5708,0,11421
2026-01-15,Garden Bar,Hennessy,Brandy,0,429,429,0,4594
2026-01-15,Garden Bar,Jack Daniel's,Whisky,0,1227,1227,0,487
2026-01-15,Garden Bar,Johnnie Walker Red,Whisky,15750,1853,1853,0,17328
2026-01-15,Garden Bar,Jose Cuervo,Tequila,13500,1028,1028,0,12472
2026-01-15,Garden Bar,Kingfisher Premium,Beer,11050,6026,6026,0,5024
2026-01-15,Garden Bar,Smirnoff Vodka,Vodka,12750,2041,2041,0,11926
2026-01-15,Lobby Bar,Bacardi White,Rum,0,2247,2247,0,11517
2026-01-15,Lobby Bar,Baileys,Liqueur,0,676,676,0,13386
2026-01-15,Lobby Bar,Bombay Sapphire,Gin,0,89,1643,1554,0
2026-01-15,Lobby Bar,Heineken,Beer,9100,7302,7302,0,5759
2026-01-15,Lobby Bar,Hennessy,Brandy,0,673,673,0,6227
2026-01-15,Lobby Bar,Jack Daniel's,Whisky,0,208,1620,1412,0
2026-01-15,Lobby Bar,Johnnie Walker Red,Whisky,0,3001,3001,0,2797
2026-01-15,Lobby Bar,Jose Cuervo,Tequila,0,1125,1125,0,510
2026-01-15,Lobby Bar,Kingfisher Premium,Beer,0,0,8893,8893,0
2026-01-15,Lobby Bar,Smirnoff Vodka,Vodka,0,2100,2100,0,7975
2026-01-15,Pool Bar,Bacardi White,Rum,6750,3278,3278,0,4116
2026-01-15,Pool Bar,Baileys,Liqueur,0,683,683,0,933
2026-01-15,Pool Bar,Bombay Sapphire,Gin,0,2457,2457,0,4915
2026-01-15,Pool Bar,Heineken,Beer,0,0,9345,9345,0
2026-01-15,Pool Bar,Hennessy,Brandy,0,668,668,0,8440
2026-01-15,Pool Bar,Jack Daniel's,Whisky,0,1775,1775,0,12034
2026-01-15,Pool Bar,Johnnie Walker Red,Whisky,15000,3220,3220,0,13825
2026-01-15,Pool Bar,Jose Cuervo,Tequila,0,1496,1496,0,4397
2026-01-15,Pool Bar,Kingfisher Premium,Beer,0,0,7737,7737,0
2026-01-15,Pool Bar,Smirnoff Vodka,Vodka,0,1908,4922,3014,0
2026-01-15,Rooftop Bar,Bacardi White,Rum,0,3530,3530,0,6028
2026-01-15,Rooftop Bar,Baileys,Liqueur,0,1105,1105,0,1832
2026-01-15,Rooftop Bar,Bombay Sapphire,Gin,15000,2116,2116,0,12960
2026-01-15,Rooftop Bar,Heineken,Beer,0,7068,7068,0,2616
2026-01-15,Rooftop Bar,Hennessy,Brandy,0,912,912,0,5282
2026-01-15,Rooftop Bar,Jack Daniel's,Whisky,0,2729,2729,0,6711
2026-01-15,Rooftop Bar,Johnnie Walker Red,Whisky,10500,4335,4335,0,9476
2026-01-15,Rooftop Bar,Jose Cuervo,Tequila,0,1462,1462,0,3813
2026-01-15,Rooftop Bar,Kingfisher Premium,Beer,9100,9100,15880,6780,0
2026-01-15,Rooftop Bar,Smirnoff Vodka,Vodka,10500,5158,5158,0,7563
2026-01-15,Sky Lounge,Bacardi White,Rum,0,0,4155,4155,0
2026-01-15,Sky Lounge,Baileys,Liqueur,0,1149,1149,0,6579
2026-01-15,Sky Lounge,Bombay Sapphire,Gin,0,3189,3189,0,3506
2026-01-15,Sky Lounge,Heineken,Beer,5200,5200,11227,6027,0
2026-01-15,Sky Lounge,Hennessy,Brandy,0,875,875,0,6050
2026-01-15,Sky Lounge,Jack Daniel's,Whisky,0,0,3421,3421,0
2026-01-15,Sky Lounge,Johnnie Walker Red,Whisky,0,0,4901,4901,0
2026-01-15,Sky Lounge,Jose Cuervo,Tequila,8250,2175,2175,0,7353
2026-01-15,Sky Lounge,Kingfisher Premium,Beer,5200,5200,15239,10039,3591
2026-01-15,Sky Lounge,Smirnoff Vodka,Vodka,0,5364,5364,0,3842
2026-01-16,Garden Bar,Bacardi White,Rum,0,2555,2555,0,2610
2026-01-16,Garden Bar,Baileys,Liqueur,0,927,927,0,13399
2026-01-16,Garden Bar,Bombay Sapphire,Gin,0,2258,2258,0,2666
2026-01-16,Garden Bar,Heineken,Beer,0,8856,8856,0,2565
2026-01-16,Garden Bar,Hennessy,Brandy,0,625,625,0,3969
2026-01-16,Garden Bar,Jack Daniel's,Whisky,0,487,2204,1717,0
2026-01-16,Garden Bar,Johnnie Walker Red,Whisky,0,3546,3546,0,13782
2026-01-16,Garden Bar,Jose Cuervo,Tequila,0,1684,1684,0,10788
2026-01-16,Garden Bar,Kingfisher Premium,Beer,10400,11258,11258,0,4166
2026-01-16,Garden Bar,Smirnoff Vodka,Vodka,0,4170,4170,0,7756
2026-01-16,Lobby Bar,Bacardi White,Rum,0,3631,3631,0,7453
2026-01-16,Lobby Bar,Baileys,Liqueur,0,1121,1121,0,12265
2026-01-16,Lobby Bar,Bombay Sapphire,Gin,6000,2170,2170,0,5270
2026-01-16,Lobby Bar,Heineken,Beer,0,1798,7568,5770,0
2026-01-16,Lobby Bar,Hennessy,Brandy,0,602,602,0,5625
2026-01-16,Lobby Bar,Jack Daniel's,Whisky,14250,2177,2177,0,12073
2026-01-16,Lobby Bar,Johnnie Walker Red,Whisky,0,2797,4011,1214,0
2026-01-16,Lobby Bar,Jose Cuervo,Tequila,0,510,2130,1620,0
2026-01-16,Lobby Bar,Kingfisher Premium,Beer,13000,8285,8285,0,4715
2026-01-16,Lobby Bar,Smirnoff Vodka,Vodka,8250,4496,4496,0,10233
2026-01-16,Pool Bar,Bacardi White,Rum,0,3572,3572,0,544
2026-01-16,Pool Bar,Baileys,Liqueur,0,0,0,0,707
2026-01-16,Pool Bar,Bombay Sapphire,Gin,0,3491,3491,0,1424
2026-01-16,Pool Bar,Heineken,Beer,0,0,10472,10472,0
2026-01-16,Pool Bar,Hennessy,Brandy,0,0,0,0,7857
2026-01-16,Pool Bar,Jack Daniel's,Whisky,0,2663,2663,0,8911
2026-01-16,Pool Bar,Johnnie Walker Red,Whisky,0,3836,3836,0,8623
2026-01-16,Pool Bar,Jose Cuervo,Tequila,0,1565,1565,0,3542
2026-01-16,Pool Bar,Kingfisher Premium,Beer,7150,7150,13510,6360,0
2026-01-16,Pool Bar,Smirnoff Vodka,Vodka,0,0,4858,4858,0
2026-01-16,Rooftop Bar,Bacardi White,Rum,0,5526,5526,0,3127
2026-01-16,Rooftop Bar,Baileys,Liqueur,9750,1479,1479,0,9721
2026-01-16,Rooftop Bar,Bombay Sapphire,Gin,0,2959,2959,0,9925
2026-01-16,Rooftop Bar,Heineken,Beer,12350,9984,9984,0,4982
2026-01-16,Rooftop Bar,Hennessy,Brandy,0,869,869,0,4413
2026-01-16,Rooftop Bar,Jack Daniel's,Whisky,0,3666,3666,0,5808
2026-01-16,Rooftop Bar,Johnnie Walker Red,Whisky,0,6706,6706,0,2770
2026-01-16,Rooftop Bar,Jose Cuervo,Tequila,0,1794,1794,0,2019
2026-01-16,Rooftop Bar,Kingfisher Premium,Beer,0,0,15635,15635,0
2026-01-16,Rooftop Bar,Smirnoff Vodka,Vodka,9750,7059,7059,0,10254
2026-01-16,Sky Lounge,Bacardi White,Rum,0,0,6269,6269,0
2026-01-16,Sky Lounge,Baileys,Liqueur,0,1596,1596,0,4179
2026-01-16,Sky Lounge,Bombay Sapphire,Gin,6750,5227,5227,0,5029
2026-01-16,Sky Lounge,Heineken,Beer,11700,11700,15094,3394,0
2026-01-16,Sky Lounge,Hennessy,Brandy,0,1096,1096,0,4954
2026-01-16,Sky Lounge,Jack Daniel's,Whisky,15000,3838,3838,0,14643
2026-01-16,Sky Lounge,Johnnie Walker Red,Whisky,0,0,6515,6515,0
2026-01-16,Sky Lounge,Jose Cuervo,Tequila,0,2673,2673,0,3402
2026-01-16,Sky Lounge,Kingfisher Premium,Beer,7150,7150,13685,6535,0
2026-01-16,Sky Lounge,Smirnoff Vodka,Vodka,13500,7883,7883,0,12674
2026-01-17,Garden Bar,Bacardi White,Rum,0,1046,3542,2496,0
2026-01-17,Garden Bar,Baileys,Liqueur,0,820,820,0,12228
2026-01-17,Garden Bar,Bombay Sapphire,Gin,8250,2083,2083,0,8833
2026-01-17,Garden Bar,Heineken,Beer,0,2565,6987,4422,1487
2026-01-17,Garden Bar,Hennessy,Brandy,0,885,885,0,3084
2026-01-17,Garden Bar,Jack Daniel's,Whisky,0,0,1640,1640,0
2026-01-17,Garden Bar,Johnnie Walker Red,Whisky,0,4732,4732,0,9050
2026-01-17,Garden Bar,Jose Cuervo,Tequila,0,1679,1679,0,9109
2026-01-17,Garden Bar,Kingfisher Premium,Beer,0,4166,12588,8422,0
2026-01-17,Garden Bar,Smirnoff Vodka,Vodka,0,4709,4709,0,4721
2026-01-17,Lobby Bar,Bacardi White,Rum,0,4701,4701,0,5915
2026-01-17,Lobby Bar,Baileys,Liqueur,0,846,846,0,11419
2026-01-17,Lobby Bar,Bombay Sapphire,Gin,0,2424,2424,0,3458
2026-01-17,Lobby Bar,Heineken,Beer,0,0,9706,9706,0
2026-01-17,Lobby Bar,Hennessy,Brandy,0,823,823,0,5009
2026-01-17,Lobby Bar,Jack Daniel's,Whisky,0,2141,2141,0,9932
2026-01-17,Lobby Bar,Johnnie Walker Red,Whisky,14250,4864,4864,0,10639
2026-01-17,Lobby Bar,Jose Cuervo,Tequila,15750,1796,1796,0,13954
2026-01-17,Lobby Bar,Kingfisher Premium,Beer,0,4715,10383,5668,0
2026-01-17,Lobby Bar,Smirnoff Vodka,Vodka,0,5706,5706,0,4527
2026-01-17,Pool Bar,Bacardi White,Rum,0,544,4257,3713,0
2026-01-17,Pool Bar,Baileys,Liqueur,6750,1219,1219,0,6238
2026-01-17,Pool Bar,Bombay Sapphire,Gin,0,1424,3789,2365,0
2026-01-17,Pool Bar,Heineken,Beer,0,0,11142,11142,0
2026-01-17,Pool Bar,Hennessy,Brandy,0,1050,1050,0,6807
2026-01-17,Pool Bar,Jack Daniel's,Whisky,0,3105,3105,0,5806
2026-01-17,Pool Bar,Johnnie Walker Red,Whisky,0,3902,3902,0,7137
2026-01-17,Pool Bar,Jose Cuervo,Tequila,0,2178,2178,0,654
2026-01-17,Pool Bar,Kingfisher Premium,Beer,0,0,15667,15667,0
2026-01-17,Pool Bar,Smirnoff Vodka,Vodka,0,0,5794,5794,0
2026-01-17,Rooftop Bar,Bacardi White,Rum,0,502,5829,5327,0
2026-01-17,Rooftop Bar,Baileys,Liqueur,0,1449,1449,0,7636
2026-01-17,Rooftop Bar,Bombay Sapphire,Gin,0,5883,5883,0,4494
2026-01-17,Rooftop Bar,Heineken,Beer,0,4982,16010,11028,0
2026-01-17,Rooftop Bar,Hennessy,Brandy,0,1154,1154,0,3259
2026-01-17,Rooftop Bar,Jack Daniel's,Whisky,0,3045,4248,1203,0
2026-01-17,Rooftop Bar,Johnnie Walker Red,Whisky,0,2770,7682,4912,0
2026-01-17,Rooftop Bar,Jose Cuervo,Tequila,0,2019,3017,998,0
2026-01-17,Rooftop Bar,Kingfisher Premium,Beer,0,0,17226,17226,0
2026-01-17,Rooftop Bar,Smirnoff Vodka,Vodka,0,6099,6099,0,4155
2026-01-17,Sky Lounge,Bacardi White,Rum,8250,4458,4458,0,4309
2026-01-17,Sky Lounge,Baileys,Liqueur,0,2042,2042,0,2137
2026-01-17,Sky Lounge,Bombay Sapphire,Gin,12750,6457,6457,0,11322
2026-01-17,Sky Lounge,Heineken,Beer,0,0,17522,17522,0
2026-01-17,Sky Lounge,Hennessy,Brandy,0,1671,1671,0,3283
2026-01-17,Sky Lounge,Jack Daniel's,Whisky,0,3386,3386,0,7776
2026-01-17,Sky Lounge,Johnnie Walker Red,Whisky,7500,7500,8588,1088,0
2026-01-17,Sky Lounge,Jose Cuervo,Tequila,9750,2924,2924,0,10228
2026-01-17,Sky Lounge,Kingfisher Premium,Beer,0,0,21873,21873,0
2026-01-17,Sky Lounge,Smirnoff Vodka,Vodka,6750,9656,9656,0,11115
2026-01-18,Garden Bar,Bacardi White,Rum,0,0,2222,2222,0
2026-01-18,Garden Bar,Baileys,Liqueur,0,529,529,0,11635
2026-01-18,Garden Bar,Bombay Sapphire,Gin,0,1396,1396,0,7946
2026-01-18,Garden Bar,Heineken,Beer,0,0,7455,7455,0
2026-01-18,Garden Bar,Hennessy,Brandy,0,624,624,0,2460
2026-01-18,Garden Bar,Jack Daniel's,Whisky,0,0,1199,1199,0
2026-01-18,Garden Bar,Johnnie Walker Red,Whisky,0,2990,2990,0,6060
2026-01-18,Garden Bar,Jose Cuervo,Tequila,0,1260,1260,0,7849
2026-01-18,Garden Bar,Kingfisher Premium,Beer,10400,9621,9621,0,779
2026-01-18,Garden Bar,Smirnoff Vodka,Vodka,15000,2687,2687,0,15360
2026-01-18,Lobby Bar,Bacardi White,Rum,0,2752,3361,609,0
2026-01-18,Lobby Bar,Baileys,Liqueur,0,807,807,0,10612
2026-01-18,Lobby Bar,Bombay Sapphire,Gin,14250,1957,1957,0,15403
2026-01-18,Lobby Bar,Heineken,Beer,7800,7800,7961,161,0
2026-01-18,Lobby Bar,Hennessy,Brandy,0,577,577,0,4225
2026-01-18,Lobby Bar,Jack Daniel's,Whisky,0,2062,2062,0,8851
2026-01-18,Lobby Bar,Johnnie Walker Red,Whisky,0,4239,4239,0,5147
2026-01-18,Lobby Bar,Jose Cuervo,Tequila,0,1507,1507,0,12766
2026-01-18,Lobby Bar,Kingfisher Premium,Beer,0,0,9410,9410,0
2026-01-18,Lobby Bar,Smirnoff Vodka,Vodka,0,3700,3700,0,827
2026-01-18,Pool Bar,Bacardi White,Rum,0,0,4069,4069,0
2026-01-18,Pool Bar,Baileys,Liqueur,0,1028,1028,0,5210
2026-01-18,Pool Bar,Bombay Sapphire,Gin,10500,2541,2541,0,7959
2026-01-18,Pool Bar,Heineken,Beer,0,0,7910,7910,0
2026-01-18,Pool Bar,Hennessy,Brandy,0,0,0,0,6807
2026-01-18,Pool Bar,Jack Daniel's,Whisky,0,1762,1762,0,4789
2026-01-18,Pool Bar,Johnnie Walker Red,Whisky,14250,3939,3939,0,15032
2026-01-18,Pool Bar,Jose Cuervo,Tequila,0,654,1614,960,0
2026-01-18,Pool Bar,Kingfisher Premium,Beer,7800,7800,13269,5469,0
2026-01-18,Pool Bar,Smirnoff Vodka,Vodka,0,0,4132,4132,0
2026-01-18,Rooftop Bar,Bacardi White,Rum,0,0,3390,3390,0
2026-01-18,Rooftop Bar,Baileys,Liqueur,0,1291,1291,0,6345
2026-01-18,Rooftop Bar,Bombay Sapphire,Gin,0,3444,3444,0,598
2026-01-18,Rooftop Bar,Heineken,Beer,0,0,11779,11779,0
2026-01-18,Rooftop Bar,Hennessy,Brandy,0,868,868,0,2926
2026-01-18,Rooftop Bar,Jack Daniel's,Whisky,0,0,2462,2462,0
2026-01-18,Rooftop Bar,Johnnie Walker Red,Whisky,6750,4807,4807,0,5679
2026-01-18,Rooftop Bar,Jose Cuervo,Tequila,0,0,2371,2371,0
2026-01-18,Rooftop Bar,Kingfisher Premium,Beer,0,0,14663,14663,0
2026-01-18,Rooftop Bar,Smirnoff Vodka,Vodka,0,4155,5014,859,0
2026-01-18,Sky Lounge,Bacardi White,Rum,12750,3690,3690,0,13955
2026-01-18,Sky Lounge,Baileys,Liqueur,0,1146,1146,0,1129
2026-01-18,Sky Lounge,Bombay Sapphire,Gin,0,2629,2629,0,9752
2026-01-18,Sky Lounge,Heineken,Beer,0,0,6758,6758,0
2026-01-18,Sky Lounge,Hennessy,Brandy,0,1132,1132,0,2151
2026-01-18,Sky Lounge,Jack Daniel's,Whisky,0,2269,2269,0,5507
2026-01-18,Sky Lounge,Johnnie Walker Red,Whisky,13500,6415,6415,0,7085
2026-01-18,Sky Lounge,Jose Cuervo,Tequila,0,2395,2395,0,8661
2026-01-18,Sky Lounge,Kingfisher Premium,Beer,0,0,16112,16112,0
2026-01-18,Sky Lounge,Smirnoff Vodka,Vodka,9750,5356,5356,0,10947
2026-01-19,Garden Bar,Bacardi White,Rum,0,0,1896,1896,0
2026-01-19,Garden Bar,Baileys,Liqueur,0,586,586,0,10974
2026-01-19,Garden Bar,Bombay Sapphire,Gin,0,942,942,0,6495
2026-01-19,Garden Bar,Heineken,Beer,0,0,5323,5323,0
2026-01-19,Garden Bar,Hennessy,Brandy,0,420,420,0,2040
2026-01-19,Garden Bar,Jack Daniel's,Whisky,15000,1245,1245,0,13755
2026-01-19,Garden Bar,Johnnie Walker Red,Whisky,0,2246,2246,0,3869
2026-01-19,Garden Bar,Jose Cuervo,Tequila,0,890,890,0,7079
2026-01-19,Garden Bar,Kingfisher Premium,Beer,0,779,5405,4626,0
2026-01-19,Garden Bar,Smirnoff Vodka,Vodka,0,2352,2352,0,14174
2026-01-19,Lobby Bar,Bacardi White,Rum,9000,2380,2380,0,6620
2026-01-19,Lobby Bar,Baileys,Liqueur,0,736,736,0,9876
2026-01-19,Lobby Bar,Bombay Sapphire,Gin,0,1672,1672,0,12178
2026-01-19,Lobby Bar,Heineken,Beer,0,0,5521,5521,0
2026-01-19,Lobby Bar,Hennessy,Brandy,0,437,437,0,4029
2026-01-19,Lobby Bar,Jack Daniel's,Whisky,0,1238,1238,0,7255
2026-01-19,Lobby Bar,Johnnie Walker Red,Whisky,0,2178,2178,0,3885
2026-01-19,Lobby Bar,Jose Cuervo,Tequila,0,744,744,0,11703
2026-01-19,Lobby Bar,Kingfisher Premium,Beer,9100,5534,5534,0,7358
2026-01-19,Lobby Bar,Smirnoff Vodka,Vodka,0,827,2854,2027,0
2026-01-19,Pool Bar,Bacardi White,Rum,0,0,2201,2201,0
2026-01-19,Pool Bar,Baileys,Liqueur,0,634,634,0,4652
2026-01-19,Pool Bar,Bombay Sapphire,Gin,0,1566,1566,0,6965
2026-01-19,Pool Bar,Heineken,Beer,0,0,5566,5566,0
2026-01-19,Pool Bar,Hennessy,Brandy,0,426,426,0,6621
2026-01-19,Pool Bar,Jack Daniel's,Whisky,0,1536,1536,0,2508
2026-01-19,Pool Bar,Johnnie Walker Red,Whisky,0,2179,2179,0,14025
2026-01-19,Pool Bar,Jose Cuervo,Tequila,8250,1336,1336,0,6914
2026-01-19,Pool Bar,Kingfisher Premium,Beer,0,0,8101,8101,0
2026-01-19,Pool Bar,Smirnoff Vodka,Vodka,8250,3031,3031,0,7250
2026-01-19,Rooftop Bar,Bacardi White,Rum,0,0,3399,3399,0
2026-01-19,Rooftop Bar,Baileys,Liqueur,0,765,765,0,5580
2026-01-19,Rooftop Bar,Bombay Sapphire,Gin,11250,2430,2430,0,9889
2026-01-19,Rooftop Bar,Heineken,Beer,0,0,7356,7356,0
2026-01-19,Rooftop Bar,Hennessy,Brandy,0,658,658,0,1733
2026-01-19,Rooftop Bar,Jack Daniel's,Whisky,9000,1722,1722,0,7278
2026-01-19,Rooftop Bar,Johnnie Walker Red,Whisky,0,1943,4036,2093,0
2026-01-19,Rooftop Bar,Jose Cuervo,Tequila,6000,1488,1488,0,4512
2026-01-19,Rooftop Bar,Kingfisher Premium,Beer,10400,10400,10618,218,3997
2026-01-19,Rooftop Bar,Smirnoff Vodka,Vodka,11250,4804,4804,0,6446
2026-01-19,Sky Lounge,Bacardi White,Rum,0,2817,2817,0,11044
2026-01-19,Sky Lounge,Baileys,Liqueur,0,0,0,0,991
2026-01-19,Sky Lounge,Bombay Sapphire,Gin,0,2645,2645,0,7160
2026-01-19,Sky Lounge,Heineken,Beer,0,0,5825,5825,0
2026-01-19,Sky Lounge,Hennessy,Brandy,0,689,689,0,1798
2026-01-19,Sky Lounge,Jack Daniel's,Whisky,0,2466,2466,0,3041
2026-01-19,Sky Lounge,Johnnie Walker Red,Whisky,0,4365,4365,0,5029
2026-01-19,Sky Lounge,Jose Cuervo,Tequila,0,1524,1524,0,6375
2026-01-19,Sky Lounge,Kingfisher Premium,Beer,0,0,12052,12052,0
2026-01-19,Sky Lounge,Smirnoff Vodka,Vodka,0,4341,4341,0,6606
2026-01-20,Garden Bar,Bacardi White,Rum,0,0,2007,2007,0
2026-01-20,Garden Bar,Baileys,Liqueur,0,0,0,0,10861
2026-01-20,Garden Bar,Bombay Sapphire,Gin,0,1543,1543,0,6251
2026-01-20,Garden Bar,Heineken,Beer,0,0,3159,3159,0
2026-01-20,Garden Bar,Hennessy,Brandy,0,405,405,0,1635
2026-01-20,Garden Bar,Jack Daniel's,Whisky,0,1217,1217,0,12538
2026-01-20,Garden Bar,Johnnie Walker Red,Whisky,0,2036,2036,0,1778
2026-01-20,Garden Bar,Jose Cuervo,Tequila,0,951,951,0,6008
2026-01-20,Garden Bar,Kingfisher Premium,Beer,0,0,6880,6880,0
2026-01-20,Garden Bar,Smirnoff Vodka,Vodka,0,3148,3148,0,10194
2026-01-20,Lobby Bar,Bacardi White,Rum,0,1678,1678,0,5945
2026-01-20,Lobby Bar,Baileys,Liqueur,0,406,406,0,9470
2026-01-20,Lobby Bar,Bombay Sapphire,Gin,0,1176,1176,0,10851
2026-01-20,Lobby Bar,Heineken,Beer,0,0,5331,5331,0
2026-01-20,Lobby Bar,Hennessy,Brandy,0,494,494,0,3294
2026-01-20,Lobby Bar,Jack Daniel's,Whisky,0,1585,1585,0,6056
2026-01-20,Lobby Bar,Johnnie Walker Red,Whisky,0,2424,2424,0,545
2026-01-20,Lobby Bar,Jose Cuervo,Tequila,0,1333,1333,0,10370
2026-01-20,Lobby Bar,Kingfisher Premium,Beer,12350,7775,7775,0,8141
2026-01-20,Lobby Bar,Smirnoff Vodka,Vodka,0,0,3502,3502,0
2026-01-20,Pool Bar,Bacardi White,Rum,6000,1766,1766,0,4782
2026-01-20,Pool Bar,Baileys,Liqueur,0,0,0,0,4576
2026-01-20,Pool Bar,Bombay Sapphire,Gin,0,2031,2031,0,4362
2026-01-20,Pool Bar,Heineken,Beer,0,0,5985,5985,0
2026-01-20,Pool Bar,Hennessy,Brandy,0,697,697,0,5684
2026-01-20,Pool Bar,Jack Daniel's,Whisky,0,1863,1863,0,645
2026-01-20,Pool Bar,Johnnie Walker Red,Whisky,0,3236,3236,0,9617
2026-01-20,Pool Bar,Jose Cuervo,Tequila,0,1007,1007,0,5990
2026-01-20,Pool Bar,Kingfisher Premium,Beer,7150,7150,9134,1984,0
2026-01-20,Pool Bar,Smirnoff Vodka,Vodka,0,4044,4044,0,1852
2026-01-20,Rooftop Bar,Bacardi White,Rum,0,0,2998,2998,0
2026-01-20,Rooftop Bar,Baileys,Liqueur,0,1059,1059,0,4521
2026-01-20,Rooftop Bar,Bombay Sapphire,Gin,0,2207,2207,0,8508
2026-01-20,Rooftop Bar,Heineken,Beer,0,0,8809,8809,0
2026-01-20,Rooftop Bar,Hennessy,Brandy,0,0,0,0,1733
2026-01-20,Rooftop Bar,Jack Daniel's,Whisky,0,1768,1768,0,5881
2026-01-20,Rooftop Bar,Johnnie Walker Red,Whisky,0,0,3862,3862,0
2026-01-20,Rooftop Bar,Jose Cuervo,Tequila,0,1326,1326,0,3888
2026-01-20,Rooftop Bar,Kingfisher Premium,Beer,7800,7800,11499,3699,338
2026-01-20,Rooftop Bar,Smirnoff Vodka,Vodka,11250,3937,3937,0,13759
2026-01-20,Sky Lounge,Bacardi White,Rum,0,3611,3611,0,6424
2026-01-20,Sky Lounge,Baileys,Liqueur,0,0,0,0,991
2026-01-20,Sky Lounge,Bombay Sapphire,Gin,0,2654,2654,0,3394
2026-01-20,Sky Lounge,Heineken,Beer,0,0,9756,9756,0
2026-01-20,Sky Lounge,Hennessy,Brandy,0,733,733,0,729
2026-01-20,Sky Lounge,Jack Daniel's,Whisky,0,2487,2487,0,554
2026-01-20,Sky Lounge,Johnnie Walker Red,Whisky,0,2720,4052,1332,0
2026-01-20,Sky Lounge,Jose Cuervo,Tequila,0,1852,1852,0,4457
2026-01-20,Sky Lounge,Kingfisher Premium,Beer,9100,9100,11453,2353,0
2026-01-20,Sky Lounge,Smirnoff Vodka,Vodka,12750,4902,4902,0,16373
2026-01-21,Garden Bar,Bacardi White,Rum,0,0,2412,2412,0
2026-01-21,Garden Bar,Baileys,Liqueur,0,623,623,0,10238
2026-01-21,Garden Bar,Bombay Sapphire,Gin,0,1447,1447,0,3505
2026-01-21,Garden Bar,Heineken,Beer,6500,4549,4549,0,2472
2026-01-21,Garden Bar,Hennessy,Brandy,0,0,0,0,1635
2026-01-21,Garden Bar,Jack Daniel's,Whisky,0,1403,1403,0,11135
2026-01-21,Garden Bar,Johnnie Walker Red,Whisky,0,1778,2502,724,0
2026-01-21,Garden Bar,Jose Cuervo,Tequila,0,1086,1086,0,4922
2026-01-21,Garden Bar,Kingfisher Premium,Beer,0,0,4922,4922,0
2026-01-21,Garden Bar,Smirnoff Vodka,Vodka,0,2896,2896,0,6964
2026-01-21,Lobby Bar,Bacardi White,Rum,0,2384,2384,0,2558
2026-01-21,Lobby Bar,Baileys,Liqueur,0,694,694,0,8866
2026-01-21,Lobby Bar,Bombay Sapphire,Gin,0,1392,1392,0,9459
2026-01-21,Lobby Bar,Heineken,Beer,0,0,4628,4628,0
2026-01-21,Lobby Bar,Hennessy,Brandy,0,426,426,0,3156
2026-01-21,Lobby Bar,Jack Daniel's,Whisky,0,1072,1072,0,3975
2026-01-21,Lobby Bar,Johnnie Walker Red,Whisky,9750,3027,3027,0,9280
2026-01-21,Lobby Bar,Jose Cuervo,Tequila,0,848,848,0,9522
2026-01-21,Lobby Bar,Kingfisher Premium,Beer,0,7811,7811,0,330
2026-01-21,Lobby Bar,Smirnoff Vodka,Vodka,0,0,2774,2774,0
2026-01-21,Pool Bar,Bacardi White,Rum,0,2790,2790,0,1444
2026-01-21,Pool Bar,Baileys,Liqueur,0,644,644,0,3932
2026-01-21,Pool Bar,Bombay Sapphire,Gin,0,2041,2041,0,3764
2026-01-21,Pool Bar,Heineken,Beer,0,0,4141,4141,0
2026-01-21,Pool Bar,Hennessy,Brandy,0,675,675,0,5009
2026-01-21,Pool Bar,Jack Daniel's,Whisky,0,645,1701,1056,0
2026-01-21,Pool Bar,Johnnie Walker Red,Whisky,0,3435,3435,0,6182
2026-01-21,Pool Bar,Jose Cuervo,Tequila,0,1106,1106,0,5593
2026-01-21,Pool Bar,Kingfisher Premium,Beer,0,0,9016,9016,0
2026-01-21,Pool Bar,Smirnoff Vodka,Vodka,0,1175,3342,2167,0
2026-01-21,Rooftop Bar,Bacardi White,Rum,0,0,3786,3786,0
2026-01-21,Rooftop Bar,Baileys,Liqueur,0,1092,1092,0,3429
2026-01-21,Rooftop Bar,Bombay Sapphire,Gin,0,2711,2711,0,4500
2026-01-21,Rooftop Bar,Heineken,Beer,7150,7150,10475,3325,0
2026-01-21,Rooftop Bar,Hennessy,Brandy,0,512,512,0,1221
2026-01-21,Rooftop Bar,Jack Daniel's,Whisky,0,2250,2250,0,3260
2026-01-21,Rooftop Bar,Johnnie Walker Red,Whisky,0,0,3262,3262,0
2026-01-21,Rooftop Bar,Jose Cuervo,Tequila,0,1220,1220,0,1966
2026-01-21,Rooftop Bar,Kingfisher Premium,Beer,10400,10086,10086,0,1390
2026-01-21,Rooftop Bar,Smirnoff Vodka,Vodka,0,4571,4571,0,9188
2026-01-21,Sky Lounge,Bacardi White,Rum,0,4649,4649,0,6035
2026-01-21,Sky Lounge,Baileys,Liqueur,9750,0,0,0,10741
2026-01-21,Sky Lounge,Bombay Sapphire,Gin,0,2597,2597,0,2295
2026-01-21,Sky Lounge,Heineken,Beer,0,0,11618,11618,0
2026-01-21,Sky Lounge,Hennessy,Brandy,0,729,887,158,0
2026-01-21,Sky Lounge,Jack Daniel's,Whisky,6750,2331,2331,0,4973
2026-01-21,Sky Lounge,Johnnie Walker Red,Whisky,0,0,4229,4229,0
2026-01-21,Sky Lounge,Jose Cuervo,Tequila,0,1938,1938,0,3782
2026-01-21,Sky Lounge,Kingfisher Premium,Beer,0,0,14130,14130,0
2026-01-21,Sky Lounge,Smirnoff Vodka,Vodka,0,4581,4581,0,11034
2026-01-22,Garden Bar,Bacardi White,Rum,7500,2236,2236,0,5264
2026-01-22,Garden Bar,Baileys,Liqueur,0,652,652,0,10100
2026-01-22,Garden Bar,Bombay Sapphire,Gin,0,1515,1515,0,2906
2026-01-22,Garden Bar,Heineken,Beer,0,1951,4243,2292,0
2026-01-22,Garden Bar,Hennessy,Brandy,0,454,454,0,1624
2026-01-22,Garden Bar,Jack Daniel's,Whisky,0,1427,1427,0,9708
2026-01-22,Garden Bar,Johnnie Walker Red,Whisky,0,0,2131,2131,0
2026-01-22,Garden Bar,Jose Cuervo,Tequila,0,1033,1033,0,3889
2026-01-22,Garden Bar,Kingfisher Premium,Beer,0,0,7030,7030,0
2026-01-22,Garden Bar,Smirnoff Vodka,Vodka,0,2169,2169,0,6310
2026-01-22,Lobby Bar,Bacardi White,Rum,9750,2261,2261,0,10047
2026-01-22,Lobby Bar,Baileys,Liqueur,0,666,666,0,8240
2026-01-22,Lobby Bar,Bombay Sapphire,Gin,0,1745,1745,0,8874
2026-01-22,Lobby Bar,Heineken,Beer,0,0,6495,6495,0
2026-01-22,Lobby Bar,Hennessy,Brandy,0,481,481,0,2537
2026-01-22,Lobby Bar,Jack Daniel's,Whisky,0,1789,1789,0,2445
2026-01-22,Lobby Bar,Johnnie Walker Red,Whisky,0,3222,3222,0,4046
2026-01-22,Lobby Bar,Jose Cuervo,Tequila,0,1215,1215,0,8673
2026-01-22,Lobby Bar,Kingfisher Premium,Beer,0,330,8812,8482,0
2026-01-22,Lobby Bar,Smirnoff Vodka,Vodka,0,0,2162,2162,0
2026-01-22,Pool Bar,Bacardi White,Rum,0,1444,2678,1234,0
2026-01-22,Pool Bar,Baileys,Liqueur,0,837,837,0,3095
2026-01-22,Pool Bar,Bombay Sapphire,Gin,9000,2679,2679,0,8642
2026-01-22,Pool Bar,Heineken,Beer,0,0,7353,7353,0
2026-01-22,Pool Bar,Hennessy,Brandy,0,551,551,0,4608
2026-01-22,Pool Bar,Jack Daniel's,Whisky,0,0,2114,2114,0
2026-01-22,Pool Bar,Johnnie Walker Red,Whisky,0,3633,3633,0,2549
2026-01-22,Pool Bar,Jose Cuervo,Tequila,0,1184,1184,0,3617
2026-01-22,Pool Bar,Kingfisher Premium,Beer,13000,9023,9023,0,3977
2026-01-22,Pool Bar,Smirnoff Vodka,Vodka,0,0,4164,4164,0
2026-01-22,Rooftop Bar,Bacardi White,Rum,6000,2958,2958,0,5274
2026-01-22,Rooftop Bar,Baileys,Liqueur,0,1170,1170,0,2259
2026-01-22,Rooftop Bar,Bombay Sapphire,Gin,0,2954,2954,0,1546
2026-01-22,Rooftop Bar,Heineken,Beer,0,0,10456,10456,0
2026-01-22,Rooftop Bar,Hennessy,Brandy,7700,806,806,0,8115
2026-01-22,Rooftop Bar,Jack Daniel's,Whisky,11250,2396,2396,0,12114
2026-01-22,Rooftop Bar,Johnnie Walker Red,Whisky,0,0,5723,5723,0
2026-01-22,Rooftop Bar,Jose Cuervo,Tequila,0,1804,1804,0,162
2026-01-22,Rooftop Bar,Kingfisher Premium,Beer,0,314,9834,9520,0
2026-01-22,Rooftop Bar,Smirnoff Vodka,Vodka,0,5245,5245,0,3943
2026-01-22,Sky Lounge,Bacardi White,Rum,15000,2748,2748,0,15555
2026-01-22,Sky Lounge,Baileys,Liqueur,0,1118,1118,0,9623
2026-01-22,Sky Lounge,Bombay Sapphire,Gin,0,797,2223,1426,0
2026-01-22,Sky Lounge,Heineken,Beer,0,0,9758,9758,0
2026-01-22,Sky Lounge,Hennessy,Brandy,9100,0,0,0,9100
2026-01-22,Sky Lounge,Jack Daniel's,Whisky,0,3318,3318,0,1655
2026-01-22,Sky Lounge,Johnnie Walker Red,Whisky,0,0,3624,3624,0
2026-01-22,Sky Lounge,Jose Cuervo,Tequila,0,1919,1919,0,600
2026-01-22,Sky Lounge,Kingfisher Premium,Beer,0,0,15285,15285,0
2026-01-22,Sky Lounge,Smirnoff Vodka,Vodka,0,4801,4801,0,5072
2026-01-23,Garden Bar,Bacardi White,Rum,0,2939,2939,0,3511
2026-01-23,Garden Bar,Baileys,Liqueur,0,838,838,0,8748
2026-01-23,Garden Bar,Bombay Sapphire,Gin,14250,1692,1692,0,14548
2026-01-23,Garden Bar,Heineken,Beer,0,0,7196,7196,0
2026-01-23,Garden Bar,Hennessy,Brandy,0,661,661,0,520
2026-01-23,Garden Bar,Jack Daniel's,Whisky,0,1990,1990,0,9113
2026-01-23,Garden Bar,Johnnie Walker Red,Whisky,8250,2291,2291,0,5959
2026-01-23,Garden Bar,Jose Cuervo,Tequila,0,1242,1242,0,2647
2026-01-23,Garden Bar,Kingfisher Premium,Beer,0,0,5182,5182,0
2026-01-23,Garden Bar,Smirnoff Vodka,Vodka,9750,3522,3522,0,13923
2026-01-23,Lobby Bar,Bacardi White,Rum,0,2922,2922,0,7125
2026-01-23,Lobby Bar,Baileys,Liqueur,0,1264,1264,0,6846
2026-01-23,Lobby Bar,Bombay Sapphire,Gin,0,2569,2569,0,6005
2026-01-23,Lobby Bar,Heineken,Beer,0,0,8349,8349,0
2026-01-23,Lobby Bar,Hennessy,Brandy,0,691,691,0,2349
2026-01-23,Lobby Bar,Jack Daniel's,Whisky,9750,1889,1889,0,10047
2026-01-23,Lobby Bar,Johnnie Walker Red,Whisky,0,4046,4054,8,257
2026-01-23,Lobby Bar,Jose Cuervo,Tequila,0,1909,1909,0,8061
2026-01-23,Lobby Bar,Kingfisher Premium,Beer,0,0,10773,10773,0
2026-01-23,Lobby Bar,Smirnoff Vodka,Vodka,7500,4774,4774,0,2726
2026-01-23,Pool Bar,Bacardi White,Rum,0,0,4110,4110,0
2026-01-23,Pool Bar,Baileys,Liqueur,0,1249,1249,0,1846
2026-01-23,Pool Bar,Bombay Sapphire,Gin,0,2673,2673,0,5969
2026-01-23,Pool Bar,Heineken,Beer,7150,7150,8405,1255,0
2026-01-23,Pool Bar,Hennessy,Brandy,0,903,903,0,4150
2026-01-23,Pool Bar,Jack Daniel's,Whisky,0,0,2312,2312,0
2026-01-23,Pool Bar,Johnnie Walker Red,Whisky,8250,4284,4284,0,9469
2026-01-23,Pool Bar,Jose Cuervo,Tequila,0,2238,2238,0,1379
2026-01-23,Pool Bar,Kingfisher Premium,Beer,0,3977,14613,10636,0
2026-01-23,Pool Bar,Smirnoff Vodka,Vodka,13500,4646,4646,0,8854
2026-01-23,Rooftop Bar,Bacardi White,Rum,0,3042,4503,1461,0
2026-01-23,Rooftop Bar,Baileys,Liqueur,0,1409,1409,0,850
2026-01-23,Rooftop Bar,Bombay Sapphire,Gin,14250,4112,4112,0,14486
2026-01-23,Rooftop Bar,Heineken,Beer,0,0,8796,8796,0
2026-01-23,Rooftop Bar,Hennessy,Brandy,0,1257,1257,0,6858
2026-01-23,Rooftop Bar,Jack Daniel's,Whisky,0,3732,3732,0,11543
2026-01-23,Rooftop Bar,Johnnie Walker Red,Whisky,0,0,5903,5903,0
2026-01-23,Rooftop Bar,Jose Cuervo,Tequila,15000,2436,2436,0,14363
2026-01-23,Rooftop Bar,Kingfisher Premium,Beer,9750,9750,17325,7575,0
2026-01-23,Rooftop Bar,Smirnoff Vodka,Vodka,6000,6273,6273,0,9123
2026-01-23,Sky Lounge,Bacardi White,Rum,0,4144,4144,0,11066
2026-01-23,Sky Lounge,Baileys,Liqueur,0,0,0,0,9623
2026-01-23,Sky Lounge,Bombay Sapphire,Gin,7500,4762,4762,0,7366
2026-01-23,Sky Lounge,Heineken,Beer,0,0,17238,17238,0
2026-01-23,Sky Lounge,Hennessy,Brandy,0,1356,1356,0,7744
2026-01-23,Sky Lounge,Jack Daniel's,Whisky,0,1655,3587,1932,0
2026-01-23,Sky Lounge,Johnnie Walker Red,Whisky,0,0,6489,6489,0
2026-01-23,Sky Lounge,Jose Cuervo,Tequila,0,600,2912,2312,0
2026-01-23,Sky Lounge,Kingfisher Premium,Beer,0,0,21851,21851,0
2026-01-23,Sky Lounge,Smirnoff Vodka,Vodka,0,5072,6016,944,0
2026-01-24,Garden Bar,Bacardi White,Rum,0,2325,3080,755,580
2026-01-24,Garden Bar,Baileys,Liqueur,0,0,0,0,8748
2026-01-24,Garden Bar,Bombay Sapphire,Gin,0,2320,2320,0,12228
2026-01-24,Garden Bar,Heineken,Beer,0,0,7921,7921,0
2026-01-24,Garden Bar,Hennessy,Brandy,0,520,647,127,0
2026-01-24,Garden Bar,Jack Daniel's,Whisky,0,2604,2604,0,5114
2026-01-24,Garden Bar,Johnnie Walker Red,Whisky,0,4359,4359,0,1600
2026-01-24,Garden Bar,Jose Cuervo,Tequila,0,1983,1983,0,1911
2026-01-24,Garden Bar,Kingfisher Premium,Beer,9750,9750,11254,1504,7445
2026-01-24,Garden Bar,Smirnoff Vodka,Vodka,0,4086,4086,0,6937
2026-01-24,Lobby Bar,Bacardi White,Rum,0,3872,3872,0,3253
2026-01-24,Lobby Bar,Baileys,Liqueur,0,884,884,0,5962
2026-01-24,Lobby Bar,Bombay Sapphire,Gin,0,2780,2780,0,2600
2026-01-24,Lobby Bar,Heineken,Beer,0,0,9053,9053,0
2026-01-24,Lobby Bar,Hennessy,Brandy,0,1139,1139,0,1036
2026-01-24,Lobby Bar,Jack Daniel's,Whisky,0,2590,2590,0,9612
2026-01-24,Lobby Bar,Johnnie Walker Red,Whisky,0,0,3946,3946,0
2026-01-24,Lobby Bar,Jose Cuervo,Tequila,0,1587,1587,0,4811
2026-01-24,Lobby Bar,Kingfisher Premium,Beer,0,0,11908,11908,0
2026-01-24,Lobby Bar,Smirnoff Vodka,Vodka,0,2726,4543,1817,0
2026-01-24,Pool Bar,Bacardi White,Rum,6750,4877,4877,0,1873
2026-01-24,Pool Bar,Baileys,Liqueur,0,1326,1326,0,520
2026-01-24,Pool Bar,Bombay Sapphire,Gin,0,2961,2961,0,5504
2026-01-24,Pool Bar,Heineken,Beer,0,0,11041,11041,0
2026-01-24,Pool Bar,Hennessy,Brandy,0,1025,1025,0,2789
2026-01-24,Pool Bar,Jack Daniel's,Whisky,0,0,3134,3134,0
2026-01-24,Pool Bar,Johnnie Walker Red,Whisky,0,6115,6115,0,400
2026-01-24,Pool Bar,Jose Cuervo,Tequila,0,1379,2072,693,0
2026-01-24,Pool Bar,Kingfisher Premium,Beer,0,0,15560,15560,0
2026-01-24,Pool Bar,Smirnoff Vodka,Vodka,7500,5456,5456,0,15635
2026-01-24,Rooftop Bar,Bacardi White,Rum,0,0,4873,4873,0
2026-01-24,Rooftop Bar,Baileys,Liqueur,0,850,1459,609,363
2026-01-24,Rooftop Bar,Bombay Sapphire,Gin,0,3856,3856,0,8778
2026-01-24,Rooftop Bar,Heineken,Beer,13000,10397,10397,0,4418
2026-01-24,Rooftop Bar,Hennessy,Brandy,0,1270,1270,0,6158
2026-01-24,Rooftop Bar,Jack Daniel's,Whisky,0,4204,4204,0,5551
2026-01-24,Rooftop Bar,Johnnie Walker Red,Whisky,0,0,7022,7022,0
2026-01-24,Rooftop Bar,Jose Cuervo,Tequila,0,3393,3393,0,9333
2026-01-24,Rooftop Bar,Kingfisher Premium,Beer,11700,11700,21610,9910,0
2026-01-24,Rooftop Bar,Smirnoff Vodka,Vodka,0,3670,8217,4547,0
2026-01-24,Sky Lounge,Bacardi White,Rum,0,6812,6812,0,3071
2026-01-24,Sky Lounge,Baileys,Liqueur,0,1902,1902,0,7721
2026-01-24,Sky Lounge,Bombay Sapphire,Gin,9750,4170,4170,0,8318
2026-01-24,Sky Lounge,Heineken,Beer,0,0,18107,18107,0
2026-01-24,Sky Lounge,Hennessy,Brandy,0,1417,1417,0,6449
2026-01-24,Sky Lounge,Jack Daniel's,Whisky,0,0,4799,4799,0
2026-01-24,Sky Lounge,Johnnie Walker Red,Whisky,0,0,5452,5452,0
2026-01-24,Sky Lounge,Jose Cuervo,Tequila,9000,3103,3103,0,5897
2026-01-24,Sky Lounge,Kingfisher Premium,Beer,13650,13650,24023,10373,0
2026-01-24,Sky Lounge,Smirnoff Vodka,Vodka,0,0,9673,9673,0
2026-01-25,Garden Bar,Bacardi White,Rum,0,0,3071,3071,0
2026-01-25,Garden Bar,Baileys,Liqueur,0,721,721,0,8379
2026-01-25,Garden Bar,Bombay Sapphire,Gin,0,2115,2115,0,10113
2026-01-25,Garden Bar,Heineken,Beer,11700,6337,6337,0,5363
2026-01-25,Garden Bar,Hennessy,Brandy,0,0,546,546,0
2026-01-25,Garden Bar,Jack Daniel's,Whisky,0,1498,1498,0,3616
2026-01-25,Garden Bar,Johnnie Walker Red,Whisky,0,1600,2502,902,0
2026-01-25,Garden Bar,Jose Cuervo,Tequila,0,664,1241,577,0
2026-01-25,Garden Bar,Kingfisher Premium,Beer,0,0,8462,8462,0
2026-01-25,Garden Bar,Smirnoff Vodka,Vodka,0,2728,2728,0,4209
2026-01-25,Lobby Bar,Bacardi White,Rum,0,3086,3086,0,1790
2026-01-25,Lobby Bar,Baileys,Liqueur,0,0,0,0,5962
2026-01-25,Lobby Bar,Bombay Sapphire,Gin,9000,2603,2603,0,8762
2026-01-25,Lobby Bar,Heineken,Beer,0,0,6396,6396,0
2026-01-25,Lobby Bar,Hennessy,Brandy,8400,661,661,0,8847
2026-01-25,Lobby Bar,Jack Daniel's,Whisky,0,1762,1762,0,5695
2026-01-25,Lobby Bar,Johnnie Walker Red,Whisky,0,0,3310,3310,0
2026-01-25,Lobby Bar,Jose Cuervo,Tequila,0,1373,1373,0,3982
2026-01-25,Lobby Bar,Kingfisher Premium,Beer,0,0,10088,10088,0
2026-01-25,Lobby Bar,Smirnoff Vodka,Vodka,12000,3613,3613,0,8387
2026-01-25,Pool Bar,Bacardi White,Rum,0,1873,2966,1093,0
2026-01-25,Pool Bar,Baileys,Liqueur,0,520,929,409,0
2026-01-25,Pool Bar,Bombay Sapphire,Gin,0,2803,2803,0,1031
2026-01-25,Pool Bar,Heineken,Beer,0,0,7924,7924,0
2026-01-25,Pool Bar,Hennessy,Brandy,0,607,607,0,1923
2026-01-25,Pool Bar,Jack Daniel's,Whisky,0,0,1515,1515,0
2026-01-25,Pool Bar,Johnnie Walker Red,Whisky,0,400,3674,3274,0
2026-01-25,Pool Bar,Jose Cuervo,Tequila,12750,1641,1641,0,12474
2026-01-25,Pool Bar,Kingfisher Premium,Beer,0,0,11969,11969,0
2026-01-25,Pool Bar,Smirnoff Vodka,Vodka,0,3566,3566,0,7332
2026-01-25,Rooftop Bar,Bacardi White,Rum,12750,4199,4199,0,8551
2026-01-25,Rooftop Bar,Baileys,Liqueur,0,0,1186,1186,0
2026-01-25,Rooftop Bar,Bombay Sapphire,Gin,0,2797,2797,0,7062
2026-01-25,Rooftop Bar,Heineken,Beer,12350,12014,12014,0,2939
2026-01-25,Rooftop Bar,Hennessy,Brandy,0,0,0,0,5588
2026-01-25,Rooftop Bar,Jack Daniel's,Whisky,12000,3356,3356,0,14347
2026-01-25,Rooftop Bar,Johnnie Walker Red,Whisky,0,0,4805,4805,0
2026-01-25,Rooftop Bar,Jose Cuervo,Tequila,0,1481,1481,0,8885
2026-01-25,Rooftop Bar,Kingfisher Premium,Beer,0,0,10742,10742,0
2026-01-25,Rooftop Bar,Smirnoff Vodka,Vodka,0,0,6073,6073,0
2026-01-25,Sky Lounge,Bacardi White,Rum,11250,5386,5386,0,8935
2026-01-25,Sky Lounge,Baileys,Liqueur,0,1419,1419,0,6910
2026-01-25,Sky Lounge,Bombay Sapphire,Gin,0,3957,3957,0,5621
2026-01-25,Sky Lounge,Heineken,Beer,0,0,10029,10029,0
2026-01-25,Sky Lounge,Hennessy,Brandy,0,0,0,0,6327
2026-01-25,Sky Lounge,Jack Daniel's,Whisky,0,0,2968,2968,0
2026-01-25,Sky Lounge,Johnnie Walker Red,Whisky,0,0,5454,5454,0
2026-01-25,Sky Lounge,Jose Cuervo,Tequila,0,2166,2166,0,3731
2026-01-25,Sky Lounge,Kingfisher Premium,Beer,0,0,11656,11656,0
2026-01-25,Sky Lounge,Smirnoff Vodka,Vodka,0,0,7492,7492,0
2026-01-26,Garden Bar,Bacardi White,Rum,0,0,1776,1776,0
2026-01-26,Garden Bar,Baileys,Liqueur,0,549,549,0,7478
2026-01-26,Garden Bar,Bombay Sapphire,Gin,0,1262,1262,0,8851
2026-01-26,Garden Bar,Heineken,Beer,0,3766,3766,0,1597
2026-01-26,Garden Bar,Hennessy,Brandy,9800,0,0,0,9800
2026-01-26,Garden Bar,Jack Daniel's,Whisky,0,1185,1185,0,3246
2026-01-26,Garden Bar,Johnnie Walker Red,Whisky,12750,2287,2287,0,10463
2026-01-26,Garden Bar,Jose Cuervo,Tequila,0,0,1067,1067,0
2026-01-26,Garden Bar,Kingfisher Premium,Beer,0,0,5657,5657,0
2026-01-26,Garden Bar,Smirnoff Vodka,Vodka,0,2440,2440,0,2405
2026-01-26,Lobby Bar,Bacardi White,Rum,0,167,2095,1928,0
2026-01-26,Lobby Bar,Baileys,Liqueur,0,737,737,0,5899
2026-01-26,Lobby Bar,Bombay Sapphire,Gin,0,1213,1213,0,7549
2026-01-26,Lobby Bar,Heineken,Beer,0,0,6112,6112,0
2026-01-26,Lobby Bar,Hennessy,Brandy,0,271,271,0,8216
2026-01-26,Lobby Bar,Jack Daniel's,Whisky,0,1525,1525,0,4539
2026-01-26,Lobby Bar,Johnnie Walker Red,Whisky,6750,2693,2693,0,5484
2026-01-26,Lobby Bar,Jose Cuervo,Tequila,0,867,867,0,2571
2026-01-26,Lobby Bar,Kingfisher Premium,Beer,0,0,7740,7740,0
2026-01-26,Lobby Bar,Smirnoff Vodka,Vodka,0,2989,2989,0,5398
2026-01-26,Pool Bar,Bacardi White,Rum,0,0,2675,2675,0
2026-01-26,Pool Bar,Baileys,Liqueur,6750,0,0,0,6750
2026-01-26,Pool Bar,Bombay Sapphire,Gin,0,205,1809,1604,0
2026-01-26,Pool Bar,Heineken,Beer,0,0,6206,6206,0
2026-01-26,Pool Bar,Hennessy,Brandy,0,579,579,0,1344
2026-01-26,Pool Bar,Jack Daniel's,Whisky,9000,1369,1369,0,7631
2026-01-26,Pool Bar,Johnnie Walker Red,Whisky,9750,2369,2369,0,7381
2026-01-26,Pool Bar,Jose Cuervo,Tequila,0,1093,1093,0,10231
2026-01-26,Pool Bar,Kingfisher Premium,Beer,9100,8874,8874,0,226
2026-01-26,Pool Bar,Smirnoff Vodka,Vodka,0,2866,2866,0,4466
2026-01-26,Rooftop Bar,Bacardi White,Rum,0,2717,2717,0,8139
2026-01-26,Rooftop Bar,Baileys,Liqueur,0,0,1007,1007,0
2026-01-26,Rooftop Bar,Bombay Sapphire,Gin,0,1999,1999,0,3711
2026-01-26,Rooftop Bar,Heineken,Beer,0,2939,6327,3388,0
2026-01-26,Rooftop Bar,Hennessy,Brandy,0,579,579,0,5009
2026-01-26,Rooftop Bar,Jack Daniel's,Whisky,0,2072,2072,0,10750
2026-01-26,Rooftop Bar,Johnnie Walker Red,Whisky,6000,4083,4083,0,3708
2026-01-26,Rooftop Bar,Jose Cuervo,Tequila,0,1743,1743,0,7150
2026-01-26,Rooftop Bar,Kingfisher Premium,Beer,12350,11392,11392,0,958
2026-01-26,Rooftop Bar,Smirnoff Vodka,Vodka,0,0,4852,4852,0
2026-01-26,Sky Lounge,Bacardi White,Rum,0,1729,1729,0,7757
2026-01-26,Sky Lounge,Baileys,Liqueur,0,0,0,0,6302
2026-01-26,Sky Lounge,Bombay Sapphire,Gin,0,3062,3062,0,2829
2026-01-26,Sky Lounge,Heineken,Beer,11700,10070,10070,0,1630
2026-01-26,Sky Lounge,Hennessy,Brandy,0,661,661,0,5666
2026-01-26,Sky Lounge,Jack Daniel's,Whisky,11250,2785,2785,0,8465
2026-01-26,Sky Lounge,Johnnie Walker Red,Whisky,0,0,5466,5466,0
2026-01-26,Sky Lounge,Jose Cuervo,Tequila,0,1181,1181,0,2550
2026-01-26,Sky Lounge,Kingfisher Premium,Beer,5200,5200,12315,7115,0
2026-01-26,Sky Lounge,Smirnoff Vodka,Vodka,0,0,3877,3877,0
2026-01-27,Garden Bar,Bacardi White,Rum,0,0,1833,1833,0
2026-01-27,Garden Bar,Baileys,Liqueur,0,530,530,0,7135
2026-01-27,Garden Bar,Bombay Sapphire,Gin,0,1335,1335,0,7516
2026-01-27,Garden Bar,Heineken,Beer,13000,4463,4463,0,13257
2026-01-27,Garden Bar,Hennessy,Brandy,0,496,496,0,9304
2026-01-27,Garden Bar,Jack Daniel's,Whisky,0,1021,1021,0,1410
2026-01-27,Garden Bar,Johnnie Walker Red,Whisky,0,2790,2790,0,10054
2026-01-27,Garden Bar,Jose Cuervo,Tequila,0,0,717,717,0
2026-01-27,Garden Bar,Kingfisher Premium,Beer,0,0,5251,5251,0
2026-01-27,Garden Bar,Smirnoff Vodka,Vodka,0,1769,2579,810,0
2026-01-27,Lobby Bar,Bacardi White,Rum,6750,2355,2355,0,4958
2026-01-27,Lobby Bar,Baileys,Liqueur,0,0,0,0,5225
2026-01-27,Lobby Bar,Bombay Sapphire,Gin,0,1968,1968,0,7277
2026-01-27,Lobby Bar,Heineken,Beer,5200,5200,5802,602,2119
2026-01-27,Lobby Bar,Hennessy,Brandy,0,368,368,0,7657
2026-01-27,Lobby Bar,Jack Daniel's,Whisky,0,958,958,0,3212
2026-01-27,Lobby Bar,Johnnie Walker Red,Whisky,0,2743,2743,0,2618
2026-01-27,Lobby Bar,Jose Cuervo,Tequila,0,1220,1220,0,2231
2026-01-27,Lobby Bar,Kingfisher Premium,Beer,0,0,7609,7609,0
2026-01-27,Lobby Bar,Smirnoff Vodka,Vodka,0,3421,3421,0,1977
2026-01-27,Pool Bar,Bacardi White,Rum,0,0,2904,2904,0
2026-01-27,Pool Bar,Baileys,Liqueur,0,638,638,0,6112
2026-01-27,Pool Bar,Bombay Sapphire,Gin,0,0,1570,1570,0
2026-01-27,Pool Bar,Heineken,Beer,11050,7808,7808,0,3242
2026-01-27,Pool Bar,Hennessy,Brandy,0,677,677,0,1297
2026-01-27,Pool Bar,Jack Daniel's,Whisky,0,1360,1360,0,6271
2026-01-27,Pool Bar,Johnnie Walker Red,Whisky,0,3314,3314,0,4904
2026-01-27,Pool Bar,Jose Cuervo,Tequila,0,991,991,0,9025
2026-01-27,Pool Bar,Kingfisher Premium,Beer,0,226,7339,7113,0
2026-01-27,Pool Bar,Smirnoff Vodka,Vodka,0,3479,3479,0,987
2026-01-27,Rooftop Bar,Bacardi White,Rum,0,2771,2771,0,3063
2026-01-27,Rooftop Bar,Baileys,Liqueur,0,0,1011,1011,0
2026-01-27,Rooftop Bar,Bombay Sapphire,Gin,0,2237,2237,0,1750
2026-01-27,Rooftop Bar,Heineken,Beer,0,0,7871,7871,0
2026-01-27,Rooftop Bar,Hennessy,Brandy,0,914,914,0,4876
2026-01-27,Rooftop Bar,Jack Daniel's,Whisky,0,2250,2250,0,9784
2026-01-27,Rooftop Bar,Johnnie Walker Red,Whisky,0,1917,4588,2671,0
2026-01-27,Rooftop Bar,Jose Cuervo,Tequila,0,1645,1645,0,4464
2026-01-27,Rooftop Bar,Kingfisher Premium,Beer,0,958,10516,9558,0
2026-01-27,Rooftop Bar,Smirnoff Vodka,Vodka,0,0,3777,3777,0
2026-01-27,Sky Lounge,Bacardi White,Rum,0,3821,3821,0,3385
2026-01-27,Sky Lounge,Baileys,Liqueur,0,1014,1014,0,5349
2026-01-27,Sky Lounge,Bombay Sapphire,Gin,6750,3315,3315,0,4734
2026-01-27,Sky Lounge,Heineken,Beer,0,1630,11409,9779,0
2026-01-27,Sky Lounge,Hennessy,Brandy,0,826,826,0,4840
2026-01-27,Sky Lounge,Jack Daniel's,Whisky,0,3096,3096,0,5369
2026-01-27,Sky Lounge,Johnnie Walker Red,Whisky,0,0,4062,4062,0
2026-01-27,Sky Lounge,Jose Cuervo,Tequila,15000,1482,1482,0,16068
2026-01-27,Sky Lounge,Kingfisher Premium,Beer,0,0,13709,13709,0
2026-01-27,Sky Lounge,Smirnoff Vodka,Vodka,14250,4149,4149,0,10101
2026-01-28,Garden Bar,Bacardi White,Rum,0,0,2020,2020,0
2026-01-28,Garden Bar,Baileys,Liqueur,0,581,581,0,6640
2026-01-28,Garden Bar,Bombay Sapphire,Gin,0,1356,1356,0,6876
2026-01-28,Garden Bar,Heineken,Beer,0,4775,4775,0,5359
2026-01-28,Garden Bar,Hennessy,Brandy,0,382,382,0,8922
2026-01-28,Garden Bar,Jack Daniel's,Whisky,0,1329,1329,0,809
2026-01-28,Garden Bar,Johnnie Walker Red,Whisky,0,2867,2867,0,4806
2026-01-28,Garden Bar,Jose Cuervo,Tequila,0,0,950,950,0
2026-01-28,Garden Bar,Kingfisher Premium,Beer,0,0,7975,7975,0
2026-01-28,Garden Bar,Smirnoff Vodka,Vodka,11250,2461,2461,0,10816
2026-01-28,Lobby Bar,Bacardi White,Rum,0,1725,1725,0,2807
2026-01-28,Lobby Bar,Baileys,Liqueur,0,403,403,0,4822
2026-01-28,Lobby Bar,Bombay Sapphire,Gin,0,1355,1355,0,4226
2026-01-28,Lobby Bar,Heineken,Beer,0,0,5769,5769,0
2026-01-28,Lobby Bar,Hennessy,Brandy,0,0,0,0,7657
2026-01-28,Lobby Bar,Jack Daniel's,Whisky,0,1528,1528,0,1684
2026-01-28,Lobby Bar,Johnnie Walker Red,Whisky,0,1314,3169,1855,0
2026-01-28,Lobby Bar,Jose Cuervo,Tequila,0,1002,1002,0,349
2026-01-28,Lobby Bar,Kingfisher Premium,Beer,10400,8343,8343,0,2057
2026-01-28,Lobby Bar,Smirnoff Vodka,Vodka,6750,2668,2668,0,7941
2026-01-28,Pool Bar,Bacardi White,Rum,12000,2855,2855,0,9145
2026-01-28,Pool Bar,Baileys,Liqueur,0,707,707,0,5405
2026-01-28,Pool Bar,Bombay Sapphire,Gin,0,0,2191,2191,0
2026-01-28,Pool Bar,Heineken,Beer,8450,6658,6658,0,5034
2026-01-28,Pool Bar,Hennessy,Brandy,6300,668,668,0,6447
2026-01-28,Pool Bar,Jack Daniel's,Whisky,0,1743,1743,0,5496
2026-01-28,Pool Bar,Johnnie Walker Red,Whisky,0,3490,3490,0,1607
2026-01-28,Pool Bar,Jose Cuervo,Tequila,0,1604,1604,0,7421
2026-01-28,Pool Bar,Kingfisher Premium,Beer,0,0,9048,9048,0
2026-01-28,Pool Bar,Smirnoff Vodka,Vodka,12750,3016,3016,0,10721
2026-01-28,Rooftop Bar,Bacardi White,Rum,0,3063,3458,395,563
2026-01-28,Rooftop Bar,Baileys,Liqueur,9000,1043,1043,0,7957
2026-01-28,Rooftop Bar,Bombay Sapphire,Gin,0,795,2621,1826,0
2026-01-28,Rooftop Bar,Heineken,Beer,0,0,9593,9593,0
2026-01-28,Rooftop Bar,Hennessy,Brandy,0,602,602,0,3493
2026-01-28,Rooftop Bar,Jack Daniel's,Whisky,0,2077,2077,0,6423
2026-01-28,Rooftop Bar,Johnnie Walker Red,Whisky,0,0,4579,4579,0
2026-01-28,Rooftop Bar,Jose Cuervo,Tequila,0,1910,1910,0,2554
2026-01-28,Rooftop Bar,Kingfisher Premium,Beer,13000,11250,11250,0,1750
2026-01-28,Rooftop Bar,Smirnoff Vodka,Vodka,0,0,3955,3955,0
2026-01-28,Sky Lounge,Bacardi White,Rum,0,3385,3679,294,1876
2026-01-28,Sky Lounge,Baileys,Liqueur,0,0,0,0,5288
2026-01-28,Sky Lounge,Bombay Sapphire,Gin,0,3299,3299,0,2623
2026-01-28,Sky Lounge,Heineken,Beer,5200,5200,8877,3677,0
2026-01-28,Sky Lounge,Hennessy,Brandy,0,696,696,0,4326
2026-01-28,Sky Lounge,Jack Daniel's,Whisky,0,2441,2441,0,2928
2026-01-28,Sky Lounge,Johnnie Walker Red,Whisky,0,0,4710,4710,0
2026-01-28,Sky Lounge,Jose Cuervo,Tequila,0,2461,2461,0,13607
2026-01-28,Sky Lounge,Kingfisher Premium,Beer,9100,9100,11530,2430,0
2026-01-28,Sky Lounge,Smirnoff Vodka,Vodka,0,4854,4854,0,5247
2026-01-29,Garden Bar,Bacardi White,Rum,0,0,1952,1952,0
2026-01-29,Garden Bar,Baileys,Liqueur,0,648,648,0,5719
2026-01-29,Garden Bar,Bombay Sapphire,Gin,0,1646,1646,0,4514
2026-01-29,Garden Bar,Heineken,Beer,0,4893,4893,0,466
2026-01-29,Garden Bar,Hennessy,Brandy,0,464,464,0,8458
2026-01-29,Garden Bar,Jack Daniel's,Whisky,0,81,1255,1174,0
2026-01-29,Garden Bar,Johnnie Walker Red,Whisky,0,2565,2565,0,3672
2026-01-29,Garden Bar,Jose Cuervo,Tequila,15000,1069,1069,0,13931
2026-01-29,Garden Bar,Kingfisher Premium,Beer,10400,8334,8334,0,2066
2026-01-29,Garden Bar,Smirnoff Vodka,Vodka,0,2680,2680,0,6109
2026-01-29,Lobby Bar,Bacardi White,Rum,0,2431,2431,0,239
2026-01-29,Lobby Bar,Baileys,Liqueur,0,639,639,0,4183
2026-01-29,Lobby Bar,Bombay Sapphire,Gin,0,1760,1760,0,3561
2026-01-29,Lobby Bar,Heineken,Beer,0,0,6200,6200,0
2026-01-29,Lobby Bar,Hennessy,Brandy,0,558,558,0,7099
2026-01-29,Lobby Bar,Jack Daniel's,Whisky,0,1684,1702,18,1339
2026-01-29,Lobby Bar,Johnnie Walker Red,Whisky,0,0,2463,2463,0
2026-01-29,Lobby Bar,Jose Cuervo,Tequila,0,349,1073,724,0
2026-01-29,Lobby Bar,Kingfisher Premium,Beer,0,2057,6800,4743,0
2026-01-29,Lobby Bar,Smirnoff Vodka,Vodka,0,3874,3874,0,2921
2026-01-29,Pool Bar,Bacardi White,Rum,0,2438,2438,0,6707
2026-01-29,Pool Bar,Baileys,Liqueur,0,741,741,0,5097
2026-01-29,Pool Bar,Bombay Sapphire,Gin,7500,2369,2369,0,5131
2026-01-29,Pool Bar,Heineken,Beer,12350,6644,6644,0,10740
2026-01-29,Pool Bar,Hennessy,Brandy,0,817,817,0,6075
2026-01-29,Pool Bar,Jack Daniel's,Whisky,0,1858,1858,0,4295
2026-01-29,Pool Bar,Johnnie Walker Red,Whisky,0,577,4675,4098,0
2026-01-29,Pool Bar,Jose Cuervo,Tequila,0,1916,1916,0,6862
2026-01-29,Pool Bar,Kingfisher Premium,Beer,7150,7150,10303,3153,0
2026-01-29,Pool Bar,Smirnoff Vodka,Vodka,0,4134,4134,0,6587
2026-01-29,Rooftop Bar,Bacardi White,Rum,0,0,2915,2915,0
2026-01-29,Rooftop Bar,Baileys,Liqueur,0,1107,1107,0,7591
2026-01-29,Rooftop Bar,Bombay Sapphire,Gin,0,0,3269,3269,0
2026-01-29,Rooftop Bar,Heineken,Beer,0,0,9001,9001,0
2026-01-29,Rooftop Bar,Hennessy,Brandy,0,597,597,0,2896
2026-01-29,Rooftop Bar,Jack Daniel's,Whisky,0,2166,2166,0,4257
2026-01-29,Rooftop Bar,Johnnie Walker Red,Whisky,7500,3791,3791,0,3709
2026-01-29,Rooftop Bar,Jose Cuervo,Tequila,6000,1871,1871,0,6683
2026-01-29,Rooftop Bar,Kingfisher Premium,Beer,0,1750,12991,11241,0
2026-01-29,Rooftop Bar,Smirnoff Vodka,Vodka,0,0,5802,5802,0
2026-01-29,Sky Lounge,Bacardi White,Rum,0,0,4496,4496,0
2026-01-29,Sky Lounge,Baileys,Liqueur,0,1342,1342,0,4590
2026-01-29,Sky Lounge,Bombay Sapphire,Gin,0,1435,3347,1912,0
2026-01-29,Sky Lounge,Heineken,Beer,9100,9100,9313,213,1068
2026-01-29,Sky Lounge,Hennessy,Brandy,0,830,830,0,3314
2026-01-29,Sky Lounge,Jack Daniel's,Whisky,0,2802,2802,0,126
2026-01-29,Sky Lounge,Johnnie Walker Red,Whisky,0,0,3904,3904,0
2026-01-29,Sky Lounge,Jose Cuervo,Tequila,0,2412,2412,0,11858
2026-01-29,Sky Lounge,Kingfisher Premium,Beer,7150,7150,13567,6417,0
2026-01-29,Sky Lounge,Smirnoff Vodka,Vodka,9000,5292,5292,0,10606
2026-01-30,Garden Bar,Bacardi White,Rum,0,0,3483,3483,0
2026-01-30,Garden Bar,Baileys,Liqueur,0,967,967,0,4752
2026-01-30,Garden Bar,Bombay Sapphire,Gin,0,2817,2817,0,1697
2026-01-30,Garden Bar,Heineken,Beer,0,466,7716,7250,0
2026-01-30,Garden Bar,Hennessy,Brandy,0,776,776,0,7682
2026-01-30,Garden Bar,Jack Daniel's,Whisky,0,0,2036,2036,0
2026-01-30,Garden Bar,Johnnie Walker Red,Whisky,12750,3534,3534,0,11457
2026-01-30,Garden Bar,Jose Cuervo,Tequila,0,1218,1218,0,12713
2026-01-30,Garden Bar,Kingfisher Premium,Beer,0,2066,9270,7204,0
2026-01-30,Garden Bar,Smirnoff Vodka,Vodka,0,3330,3330,0,2779
2026-01-30,Lobby Bar,Bacardi White,Rum,0,239,3762,3523,0
2026-01-30,Lobby Bar,Baileys,Liqueur,0,1027,1027,0,3156
2026-01-30,Lobby Bar,Bombay Sapphire,Gin,0,2466,2569,103,0
2026-01-30,Lobby Bar,Heineken,Beer,0,0,7590,7590,0
2026-01-30,Lobby Bar,Hennessy,Brandy,0,809,809,0,6290
2026-01-30,Lobby Bar,Jack Daniel's,Whisky,7500,2131,2131,0,5369
2026-01-30,Lobby Bar,Johnnie Walker Red,Whisky,0,0,3078,3078,0
2026-01-30,Lobby Bar,Jose Cuervo,Tequila,0,0,1655,1655,0
2026-01-30,Lobby Bar,Kingfisher Premium,Beer,0,0,13353,13353,0
2026-01-30,Lobby Bar,Smirnoff Vodka,Vodka,0,2185,4170,1985,0
2026-01-30,Pool Bar,Bacardi White,Rum,0,4398,4398,0,2309
2026-01-30,Pool Bar,Baileys,Liqueur,0,950,950,0,4412
2026-01-30,Pool Bar,Bombay Sapphire,Gin,0,2676,2676,0,2708
2026-01-30,Pool Bar,Heineken,Beer,11700,11306,11306,0,11134
2026-01-30,Pool Bar,Hennessy,Brandy,0,862,862,0,4620
2026-01-30,Pool Bar,Jack Daniel's,Whisky,0,2565,2565,0,105
2026-01-30,Pool Bar,Johnnie Walker Red,Whisky,0,0,5877,5877,0
2026-01-30,Pool Bar,Jose Cuervo,Tequila,0,2735,2735,0,2770
2026-01-30,Pool Bar,Kingfisher Premium,Beer,0,0,13944,13944,0
2026-01-30,Pool Bar,Smirnoff Vodka,Vodka,0,4711,4711,0,1876
2026-01-30,Rooftop Bar,Bacardi White,Rum,0,0,4299,4299,0
2026-01-30,Rooftop Bar,Baileys,Liqueur,0,1364,1364,0,5486
2026-01-30,Rooftop Bar,Bombay Sapphire,Gin,6000,4768,4768,0,3308
2026-01-30,Rooftop Bar,Heineken,Beer,0,0,12703,12703,0
2026-01-30,Rooftop Bar,Hennessy,Brandy,0,948,948,0,1948
2026-01-30,Rooftop Bar,Jack Daniel's,Whisky,0,3412,3412,0,845
2026-01-30,Rooftop Bar,Johnnie Walker Red,Whisky,0,3709,6678,2969,0
2026-01-30,Rooftop Bar,Jose Cuervo,Tequila,0,2291,2291,0,4392
2026-01-30,Rooftop Bar,Kingfisher Premium,Beer,0,0,13793,13793,0
2026-01-30,Rooftop Bar,Smirnoff Vodka,Vodka,0,0,5842,5842,0
2026-01-30,Sky Lounge,Bacardi White,Rum,0,0,4014,4014,0
2026-01-30,Sky Lounge,Baileys,Liqueur,0,0,0,0,3946
2026-01-30,Sky Lounge,Bombay Sapphire,Gin,0,0,5632,5632,0
2026-01-30,Sky Lounge,Heineken,Beer,7150,7150,16211,9061,4711
2026-01-30,Sky Lounge,Hennessy,Brandy,0,1194,1194,0,2570
2026-01-30,Sky Lounge,Jack Daniel's,Whisky,0,126,4694,4568,0
2026-01-30,Sky Lounge,Johnnie Walker Red,Whisky,0,0,6311,6311,0
2026-01-30,Sky Lounge,Jose Cuervo,Tequila,0,2662,2662,0,10353
2026-01-30,Sky Lounge,Kingfisher Premium,Beer,0,0,20388,20388,0
2026-01-30,Sky Lounge,Smirnoff Vodka,Vodka,12000,6461,6461,0,14494
2026-01-31,Garden Bar,Bacardi White,Rum,9000,3063,3063,0,8425
2026-01-31,Garden Bar,Baileys,Liqueur,0,0,0,0,4752
2026-01-31,Garden Bar,Bombay Sapphire,Gin,0,1697,2550,853,0
2026-01-31,Garden Bar,Heineken,Beer,5850,5850,8296,2446,0
2026-01-31,Garden Bar,Hennessy,Brandy,0,869,869,0,7471
2026-01-31,Garden Bar,Jack Daniel's,Whisky,7500,1629,1629,0,5871
2026-01-31,Garden Bar,Johnnie Walker Red,Whisky,0,2701,2701,0,9626
2026-01-31,Garden Bar,Jose Cuervo,Tequila,0,1856,1856,0,10857
2026-01-31,Garden Bar,Kingfisher Premium,Beer,0,0,10177,10177,0
2026-01-31,Garden Bar,Smirnoff Vodka,Vodka,0,2779,4764,1985,2357
2026-01-31,Lobby Bar,Bacardi White,Rum,0,0,3230,3230,0
2026-01-31,Lobby Bar,Baileys,Liqueur,0,0,0,0,3156
2026-01-31,Lobby Bar,Bombay Sapphire,Gin,12000,2466,2466,0,9534
2026-01-31,Lobby Bar,Heineken,Beer,13000,8824,8824,0,8198
2026-01-31,Lobby Bar,Hennessy,Brandy,0,761,761,0,5529
2026-01-31,Lobby Bar,Jack Daniel's,Whisky,0,2651,2651,0,5014
2026-01-31,Lobby Bar,Johnnie Walker Red,Whisky,0,0,3962,3962,0
2026-01-31,Lobby Bar,Jose Cuervo,Tequila,0,0,2051,2051,0
2026-01-31,Lobby Bar,Kingfisher Premium,Beer,8450,8450,13310,4860,0
2026-01-31,Lobby Bar,Smirnoff Vodka,Vodka,0,0,4278,4278,0
2026-01-31,Pool Bar,Bacardi White,Rum,0,2309,5926,3617,0
2026-01-31,Pool Bar,Baileys,Liqueur,0,1151,1151,0,2877
2026-01-31,Pool Bar,Bombay Sapphire,Gin,15000,3320,3320,0,14135
2026-01-31,Pool Bar,Heineken,Beer,5200,8589,8589,0,9687
2026-01-31,Pool Bar,Hennessy,Brandy,0,1147,1147,0,4396
2026-01-31,Pool Bar,Jack Daniel's,Whisky,0,105,3311,3206,0
2026-01-31,Pool Bar,Johnnie Walker Red,Whisky,15000,5906,5906,0,9094
2026-01-31,Pool Bar,Jose Cuervo,Tequila,0,2182,2182,0,588
2026-01-31,Pool Bar,Kingfisher Premium,Beer,0,0,18705,18705,0
2026-01-31,Pool Bar,Smirnoff Vodka,Vodka,0,1876,5425,3549,0
2026-01-31,Rooftop Bar,Bacardi White,Rum,0,0,5923,5923,0
2026-01-31,Rooftop Bar,Baileys,Liqueur,0,1582,1582,0,3904
2026-01-31,Rooftop Bar,Bombay Sapphire,Gin,0,1232,4574,3342,0
2026-01-31,Rooftop Bar,Heineken,Beer,6500,6500,15622,9122,0
2026-01-31,Rooftop Bar,Hennessy,Brandy,0,1338,1338,0,1562
2026-01-31,Rooftop Bar,Jack Daniel's,Whisky,0,845,5035,4190,0
2026-01-31,Rooftop Bar,Johnnie Walker Red,Whisky,0,0,7413,7413,0
2026-01-31,Rooftop Bar,Jose Cuervo,Tequila,0,3090,3090,0,1563
2026-01-31,Rooftop Bar,Kingfisher Premium,Beer,6500,6500,16960,10460,0
2026-01-31,Rooftop Bar,Smirnoff Vodka,Vodka,0,0,8424,8424,0
2026-01-31,Sky Lounge,Bacardi White,Rum,6750,6343,6343,0,407
2026-01-31,Sky Lounge,Baileys,Liqueur,0,2324,2324,0,1622
2026-01-31,Sky Lounge,Bombay Sapphire,Gin,12750,4964,4964,0,7786
2026-01-31,Sky Lounge,Heineken,Beer,11050,11050,12411,1361,2936
2026-01-31,Sky Lounge,Hennessy,Brandy,9100,1558,1558,0,9662
2026-01-31,Sky Lounge,Jack Daniel's,Whisky,0,0,4553,4553,0
2026-01-31,Sky Lounge,Johnnie Walker Red,Whisky,0,0,6903,6903,0
2026-01-31,Sky Lounge,Jose Cuervo,Tequila,0,3075,3075,0,6713
2026-01-31,Sky Lounge,Kingfisher Premium,Beer,0,0,19624,19624,0
2026-01-31,Sky Lounge,Smirnoff Vodka,Vodka,0,9031,9031,0,5463
2026-02-01,Garden Bar,Bacardi White,Rum,0,2423,2423,0,3514
2026-02-01,Garden Bar,Baileys,Liqueur,0,584,584,0,4168
2026-02-01,Garden Bar,Bombay Sapphire,Gin,9000,1454,1454,0,8177
2026-02-01,Garden Bar,Heineken,Beer,0,0,5960,5960,0
2026-02-01,Garden Bar,Hennessy,Brandy,0,542,542,0,6271
2026-02-01,Garden Bar,Jack Daniel's,Whisky,0,1613,1613,0,4258
2026-02-01,Garden Bar,Johnnie Walker Red,Whisky,0,2625,2625,0,6131
2026-02-01,Garden Bar,Jose Cuervo,Tequila,0,1362,1362,0,9495
2026-02-01,Garden Bar,Kingfisher Premium,Beer,0,0,8482,8482,0
2026-02-01,Garden Bar,Smirnoff Vodka,Vodka,0,0,3362,3362,0
2026-02-01,Lobby Bar,Bacardi White,Rum,13500,2226,2226,0,12549
2026-02-01,Lobby Bar,Baileys,Liqueur,0,942,942,0,2214
2026-02-01,Lobby Bar,Bombay Sapphire,Gin,0,1772,1772,0,8126
2026-02-01,Lobby Bar,Heineken,Beer,0,4176,7338,3162,2059
2026-02-01,Lobby Bar,Hennessy,Brandy,0,0,0,0,5529
2026-02-01,Lobby Bar,Jack Daniel's,Whisky,9750,1555,1555,0,10913
2026-02-01,Lobby Bar,Johnnie Walker Red,Whisky,13500,3379,3379,0,10121
2026-02-01,Lobby Bar,Jose Cuervo,Tequila,0,0,1104,1104,0
2026-02-01,Lobby Bar,Kingfisher Premium,Beer,0,0,12366,12366,0
2026-02-01,Lobby Bar,Smirnoff Vodka,Vodka,0,0,3139,3139,0
2026-02-01,Pool Bar,Bacardi White,Rum,0,0,4109,4109,0
2026-02-01,Pool Bar,Baileys,Liqueur,0,890,890,0,1673
2026-02-01,Pool Bar,Bombay Sapphire,Gin,0,2538,2538,0,11597
2026-02-01,Pool Bar,Heineken,Beer,5200,7781,7781,0,11774
2026-02-01,Pool Bar,Hennessy,Brandy,0,942,942,0,2531
2026-02-01,Pool Bar,Jack Daniel's,Whisky,0,0,2644,2644,0
2026-02-01,Pool Bar,Johnnie Walker Red,Whisky,0,4142,4142,0,4952
2026-02-01,Pool Bar,Jose Cuervo,Tequila,0,588,1560,972,0
2026-02-01,Pool Bar,Kingfisher Premium,Beer,0,0,10731,10731,0
2026-02-01,Pool Bar,Smirnoff Vodka,Vodka,0,0,5023,5023,0
2026-02-01,Rooftop Bar,Bacardi White,Rum,0,0,3089,3089,0
2026-02-01,Rooftop Bar,Baileys,Liqueur,0,1269,1269,0,2635
2026-02-01,Rooftop Bar,Bombay Sapphire,Gin,0,0,3237,3237,0
2026-02-01,Rooftop Bar,Heineken,Beer,0,0,11782,11782,0
2026-02-01,Rooftop Bar,Hennessy,Brandy,0,0,0,0,610
2026-02-01,Rooftop Bar,Jack Daniel's,Whisky,0,0,2552,2552,0
2026-02-01,Rooftop Bar,Johnnie Walker Red,Whisky,0,0,5953,5953,0
2026-02-01,Rooftop Bar,Jose Cuervo,Tequila,0,1302,1752,450,0
2026-02-01,Rooftop Bar,Kingfisher Premium,Beer,0,0,10936,10936,0
2026-02-01,Rooftop Bar,Smirnoff Vodka,Vodka,0,0,5414,5414,0
2026-02-01,Sky Lounge,Bacardi White,Rum,9750,4740,4740,0,5417
2026-02-01,Sky Lounge,Baileys,Liqueur,10500,1529,1529,0,10593
2026-02-01,Sky Lounge,Bombay Sapphire,Gin,0,3149,3149,0,6352
2026-02-01,Sky Lounge,Heineken,Beer,0,0,13430,13430,0
2026-02-01,Sky Lounge,Hennessy,Brandy,0,1232,1232,0,8605
2026-02-01,Sky Lounge,Jack Daniel's,Whisky,0,0,3760,3760,0
2026-02-01,Sky Lounge,Johnnie Walker Red,Whisky,0,0,5499,5499,0
2026-02-01,Sky Lounge,Jose Cuervo,Tequila,0,2057,2057,0,3401
2026-02-01,Sky Lounge,Kingfisher Premium,Beer,0,0,17675,17675,0
2026-02-01,Sky Lounge,Smirnoff Vodka,Vodka,14250,7185,7185,0,12528
2026-02-02,Garden Bar,Bacardi White,Rum,0,1712,1712,0,1802
2026-02-02,Garden Bar,Baileys,Liqueur,0,551,551,0,3916
2026-02-02,Garden Bar,Bombay Sapphire,Gin,0,1255,1255,0,6291
2026-02-02,Garden Bar,Heineken,Beer,13000,4771,4771,0,10181
2026-02-02,Garden Bar,Hennessy,Brandy,0,382,382,0,5889
2026-02-02,Garden Bar,Jack Daniel's,Whisky,0,978,978,0,4230
2026-02-02,Garden Bar,Johnnie Walker Red,Whisky,0,2460,2460,0,4847
2026-02-02,Garden Bar,Jose Cuervo,Tequila,0,900,900,0,9212
2026-02-02,Garden Bar,Kingfisher Premium,Beer,0,0,6423,6423,0
2026-02-02,Garden Bar,Smirnoff Vodka,Vodka,0,0,2981,2981,0
2026-02-02,Lobby Bar,Bacardi White,Rum,0,1909,1909,0,9365
2026-02-02,Lobby Bar,Baileys,Liqueur,0,615,615,0,2123
2026-02-02,Lobby Bar,Bombay Sapphire,Gin,0,1868,1868,0,7276
2026-02-02,Lobby Bar,Heineken,Beer,8450,4530,4530,0,3920
2026-02-02,Lobby Bar,Hennessy,Brandy,0,0,0,0,5529
2026-02-02,Lobby Bar,Jack Daniel's,Whisky,0,1497,1497,0,9416
2026-02-02,Lobby Bar,Johnnie Walker Red,Whisky,0,2661,2661,0,10015
2026-02-02,Lobby Bar,Jose Cuervo,Tequila,0,0,1291,1291,0
2026-02-02,Lobby Bar,Kingfisher Premium,Beer,0,0,8174,8174,0
2026-02-02,Lobby Bar,Smirnoff Vodka,Vodka,0,0,2669,2669,0
2026-02-02,Pool Bar,Bacardi White,Rum,0,0,2290,2290,0
2026-02-02,Pool Bar,Baileys,Liqueur,0,770,770,0,1492
2026-02-02,Pool Bar,Bombay Sapphire,Gin,0,1547,1547,0,11447
2026-02-02,Pool Bar,Heineken,Beer,0,5164,5560,396,0
2026-02-02,Pool Bar,Hennessy,Brandy,0,392,392,0,2354
2026-02-02,Pool Bar,Jack Daniel's,Whisky,0,0,1437,1437,0
2026-02-02,Pool Bar,Johnnie Walker Red,Whisky,0,2898,2898,0,2054
2026-02-02,Pool Bar,Jose Cuervo,Tequila,0,0,1418,1418,0
2026-02-02,Pool Bar,Kingfisher Premium,Beer,0,0,8061,8061,0
2026-02-02,Pool Bar,Smirnoff Vodka,Vodka,12750,2537,2537,0,10213
2026-02-02,Rooftop Bar,Bacardi White,Rum,0,0,3015,3015,0
2026-02-02,Rooftop Bar,Baileys,Liqueur,0,965,965,0,2132
2026-02-02,Rooftop Bar,Bombay Sapphire,Gin,0,0,2729,2729,0
2026-02-02,Rooftop Bar,Heineken,Beer,9100,5521,5521,0,5690
2026-02-02,Rooftop Bar,Hennessy,Brandy,0,610,737,127,267
2026-02-02,Rooftop Bar,Jack Daniel's,Whisky,9750,2085,2085,0,9261
2026-02-02,Rooftop Bar,Johnnie Walker Red,Whisky,13500,4102,4102,0,9398
2026-02-02,Rooftop Bar,Jose Cuervo,Tequila,7500,1654,1654,0,6022
2026-02-02,Rooftop Bar,Kingfisher Premium,Beer,0,0,12322,12322,0
2026-02-02,Rooftop Bar,Smirnoff Vodka,Vodka,6000,3991,3991,0,2009
2026-02-02,Sky Lounge,Bacardi White,Rum,0,2646,2646,0,4689
2026-02-02,Sky Lounge,Baileys,Liqueur,0,1149,1149,0,9543
2026-02-02,Sky Lounge,Bombay Sapphire,Gin,0,2717,2717,0,1920
2026-02-02,Sky Lounge,Heineken,Beer,7150,7150,9402,2252,0
2026-02-02,Sky Lounge,Hennessy,Brandy,0,741,741,0,8276
2026-02-02,Sky Lounge,Jack Daniel's,Whisky,0,0,2545,2545,0
2026-02-02,Sky Lounge,Johnnie Walker Red,Whisky,9750,4005,4005,0,6564
2026-02-02,Sky Lounge,Jose Cuervo,Tequila,0,1811,1811,0,2279
2026-02-02,Sky Lounge,Kingfisher Premium,Beer,0,0,8921,8921,0
2026-02-02,Sky Lounge,Smirnoff Vodka,Vodka,0,3303,3303,0,11608
2026-02-03,Garden Bar,Bacardi White,Rum,14250,1697,1697,0,14355
2026-02-03,Garden Bar,Baileys,Liqueur,0,608,608,0,3009
2026-02-03,Garden Bar,Bombay Sapphire,Gin,0,1350,1350,0,5709
2026-02-03,Garden Bar,Heineken,Beer,0,4492,4492,0,3737
2026-02-03,Garden Bar,Hennessy,Brandy,0,394,394,0,5583
2026-02-03,Garden Bar,Jack Daniel's,Whisky,0,1217,1217,0,2063
2026-02-03,Garden Bar,Johnnie Walker Red,Whisky,0,1746,1746,0,1925
2026-02-03,Garden Bar,Jose Cuervo,Tequila,0,672,672,0,8228
2026-02-03,Garden Bar,Kingfisher Premium,Beer,9100,6287,6287,0,6320
2026-02-03,Garden Bar,Smirnoff Vodka,Vodka,6750,2703,2703,0,5563
2026-02-03,Lobby Bar,Bacardi White,Rum,0,2171,2171,0,7194
2026-02-03,Lobby Bar,Baileys,Liqueur,0,578,578,0,1021
2026-02-03,Lobby Bar,Bombay Sapphire,Gin,0,2017,2017,0,5166
2026-02-03,Lobby Bar,Heineken,Beer,0,3920,4515,595,1906
2026-02-03,Lobby Bar,Hennessy,Brandy,0,456,456,0,5501
2026-02-03,Lobby Bar,Jack Daniel's,Whisky,0,1746,1746,0,8725
2026-02-03,Lobby Bar,Johnnie Walker Red,Whisky,0,2855,2855,0,4605
2026-02-03,Lobby Bar,Jose Cuervo,Tequila,14250,1186,1186,0,13390
2026-02-03,Lobby Bar,Kingfisher Premium,Beer,0,0,5988,5988,0
2026-02-03,Lobby Bar,Smirnoff Vodka,Vodka,11250,2495,2495,0,8755
2026-02-03,Pool Bar,Bacardi White,Rum,0,0,1895,1895,0
2026-02-03,Pool Bar,Baileys,Liqueur,10500,720,720,0,10734
2026-02-03,Pool Bar,Bombay Sapphire,Gin,0,1972,1972,0,9584
2026-02-03,Pool Bar,Heineken,Beer,0,0,6760,6760,0
2026-02-03,Pool Bar,Hennessy,Brandy,0,687,687,0,1452
2026-02-03,Pool Bar,Jack Daniel's,Whisky,9000,2045,2045,0,6955
2026-02-03,Pool Bar,Johnnie Walker Red,Whisky,9000,3047,3047,0,10526
2026-02-03,Pool Bar,Jose Cuervo,Tequila,0,0,1226,1226,0
2026-02-03,Pool Bar,Kingfisher Premium,Beer,0,0,8265,8265,0
2026-02-03,Pool Bar,Smirnoff Vodka,Vodka,0,2912,2912,0,7301
2026-02-03,Rooftop Bar,Bacardi White,Rum,0,0,3472,3472,0
2026-02-03,Rooftop Bar,Baileys,Liqueur,0,0,0,0,1670
2026-02-03,Rooftop Bar,Bombay Sapphire,Gin,0,0,2154,2154,0
2026-02-03,Rooftop Bar,Heineken,Beer,8450,6568,6568,0,6933
2026-02-03,Rooftop Bar,Hennessy,Brandy,0,0,867,867,0
2026-02-03,Rooftop Bar,Jack Daniel's,Whisky,0,2097,2097,0,6735
2026-02-03,Rooftop Bar,Johnnie Walker Red,Whisky,0,4287,4287,0,5111
2026-02-03,Rooftop Bar,Jose Cuervo,Tequila,0,1647,1647,0,4625
2026-02-03,Rooftop Bar,Kingfisher Premium,Beer,0,0,13304,13304,0
2026-02-03,Rooftop Bar,Smirnoff Vodka,Vodka,9750,4029,4029,0,10075
2026-02-03,Sky Lounge,Bacardi White,Rum,0,2771,3563,792,0
2026-02-03,Sky Lounge,Baileys,Liqueur,0,903,903,0,9184
2026-02-03,Sky Lounge,Bombay Sapphire,Gin,0,1920,2905,985,0
2026-02-03,Sky Lounge,Heineken,Beer,9750,8643,8643,0,1107
2026-02-03,Sky Lounge,Hennessy,Brandy,0,835,835,0,6917
2026-02-03,Sky Lounge,Jack Daniel's,Whisky,9750,2560,2560,0,7190
2026-02-03,Sky Lounge,Johnnie Walker Red,Whisky,0,4132,4132,0,1613
2026-02-03,Sky Lounge,Jose Cuervo,Tequila,0,1554,1554,0,866
2026-02-03,Sky Lounge,Kingfisher Premium,Beer,7800,7800,14408,6608,0
2026-02-03,Sky Lounge,Smirnoff Vodka,Vodka,0,4205,4205,0,5020
2026-02-04,Garden Bar,Bacardi White,Rum,0,2039,2039,0,12316
2026-02-04,Garden Bar,Baileys,Liqueur,0,468,468,0,2825
2026-02-04,Garden Bar,Bombay Sapphire,Gin,0,1471,1471,0,4357
2026-02-04,Garden Bar,Heineken,Beer,0,3737,5911,2174,0
2026-02-04,Garden Bar,Hennessy,Brandy,0,493,493,0,5198
2026-02-04,Garden Bar,Jack Daniel's,Whisky,0,1430,1430,0,1090
2026-02-04,Garden Bar,Johnnie Walker Red,Whisky,0,1925,2955,1030,0
2026-02-04,Garden Bar,Jose Cuervo,Tequila,0,1042,1042,0,6881
2026-02-04,Garden Bar,Kingfisher Premium,Beer,0,2813,5902,3089,0
2026-02-04,Garden Bar,Smirnoff Vodka,Vodka,0,3565,3565,0,482
2026-02-04,Lobby Bar,Bacardi White,Rum,0,2343,2343,0,4851
2026-02-04,Lobby Bar,Baileys,Liqueur,0,829,829,0,739
2026-02-04,Lobby Bar,Bombay Sapphire,Gin,0,2128,2128,0,3118
2026-02-04,Lobby Bar,Heineken,Beer,0,0,5690,5690,0
2026-02-04,Lobby Bar,Hennessy,Brandy,0,441,441,0,4682
2026-02-04,Lobby Bar,Jack Daniel's,Whisky,0,1268,1268,0,6675
2026-02-04,Lobby Bar,Johnnie Walker Red,Whisky,0,2347,2347,0,2258
2026-02-04,Lobby Bar,Jose Cuervo,Tequila,0,1216,1216,0,11848
2026-02-04,Lobby Bar,Kingfisher Premium,Beer,7150,7150,8574,1424,5010
2026-02-04,Lobby Bar,Smirnoff Vodka,Vodka,0,3328,3328,0,8130
2026-02-04,Pool Bar,Bacardi White,Rum,0,0,2878,2878,0
2026-02-04,Pool Bar,Baileys,Liqueur,0,964,964,0,9986
2026-02-04,Pool Bar,Bombay Sapphire,Gin,0,1673,1673,0,6405
2026-02-04,Pool Bar,Heineken,Beer,0,0,6993,6993,0
2026-02-04,Pool Bar,Hennessy,Brandy,0,669,669,0,783
2026-02-04,Pool Bar,Jack Daniel's,Whisky,0,2084,2084,0,4871
2026-02-04,Pool Bar,Johnnie Walker Red,Whisky,0,3135,3135,0,4872
2026-02-04,Pool Bar,Jose Cuervo,Tequila,6000,1428,1428,0,5593
2026-02-04,Pool Bar,Kingfisher Premium,Beer,0,0,8970,8970,0
2026-02-04,Pool Bar,Smirnoff Vodka,Vodka,0,3593,3593,0,3708
2026-02-04,Rooftop Bar,Bacardi White,Rum,0,0,4158,4158,0
2026-02-04,Rooftop Bar,Baileys,Liqueur,0,0,0,0,1670
2026-02-04,Rooftop Bar,Bombay Sapphire,Gin,0,0,3024,3024,0
2026-02-04,Rooftop Bar,Heineken,Beer,9100,8211,8211,0,10489
2026-02-04,Rooftop Bar,Hennessy,Brandy,13300,1112,1112,0,12188
2026-02-04,Rooftop Bar,Jack Daniel's,Whisky,0,2860,2860,0,2708
2026-02-04,Rooftop Bar,Johnnie Walker Red,Whisky,14250,2598,2598,0,17738
2026-02-04,Rooftop Bar,Jose Cuervo,Tequila,0,1638,1638,0,2561
2026-02-04,Rooftop Bar,Kingfisher Premium,Beer,0,0,11364,11364,0
2026-02-04,Rooftop Bar,Smirnoff Vodka,Vodka,0,3293,3293,0,4437
2026-02-04,Sky Lounge,Bacardi White,Rum,8250,4210,4210,0,6427
2026-02-04,Sky Lounge,Baileys,Liqueur,0,1040,1040,0,7923
2026-02-04,Sky Lounge,Bombay Sapphire,Gin,11250,3054,3054,0,8196
2026-02-04,Sky Lounge,Heineken,Beer,10400,8807,8807,0,2700
2026-02-04,Sky Lounge,Hennessy,Brandy,0,732,732,0,6122
2026-02-04,Sky Lounge,Jack Daniel's,Whisky,0,2891,2891,0,4299
2026-02-04,Sky Lounge,Johnnie Walker Red,Whisky,14250,4989,4989,0,12994
2026-02-04,Sky Lounge,Jose Cuervo,Tequila,0,36,1703,1667,0
2026-02-04,Sky Lounge,Kingfisher Premium,Beer,0,0,12592,12592,0
2026-02-04,Sky Lounge,Smirnoff Vodka,Vodka,0,5020,5108,88,1911
2026-02-05,Garden Bar,Bacardi White,Rum,0,2242,2242,0,11804
2026-02-05,Garden Bar,Baileys,Liqueur,0,584,584,0,1957
2026-02-05,Garden Bar,Bombay Sapphire,Gin,0,1653,1653,0,1817
2026-02-05,Garden Bar,Heineken,Beer,0,0,4954,4954,0
2026-02-05,Garden Bar,Hennessy,Brandy,0,484,484,0,4518
2026-02-05,Garden Bar,Jack Daniel's,Whisky,0,633,1749,1116,0
2026-02-05,Garden Bar,Johnnie Walker Red,Whisky,0,0,2350,2350,0
2026-02-05,Garden Bar,Jose Cuervo,Tequila,0,872,872,0,6009
2026-02-05,Garden Bar,Kingfisher Premium,Beer,0,0,8473,8473,0
2026-02-05,Garden Bar,Smirnoff Vodka,Vodka,10500,2748,2748,0,8234
2026-02-05,Lobby Bar,Bacardi White,Rum,0,2120,2120,0,2731
2026-02-05,Lobby Bar,Baileys,Liqueur,0,192,743,551,0
2026-02-05,Lobby Bar,Bombay Sapphire,Gin,10500,1935,1935,0,10512
2026-02-05,Lobby Bar,Heineken,Beer,0,0,5333,5333,0
2026-02-05,Lobby Bar,Hennessy,Brandy,0,0,0,0,4632
2026-02-05,Lobby Bar,Jack Daniel's,Whisky,0,1404,1404,0,4998
2026-02-05,Lobby Bar,Johnnie Walker Red,Whisky,0,2258,3352,1094,294
2026-02-05,Lobby Bar,Jose Cuervo,Tequila,0,1303,1303,0,10545
2026-02-05,Lobby Bar,Kingfisher Premium,Beer,0,0,9781,9781,0
2026-02-05,Lobby Bar,Smirnoff Vodka,Vodka,0,3320,3320,0,3932
2026-02-05,Pool Bar,Bacardi White,Rum,0,0,2632,2632,0
2026-02-05,Pool Bar,Baileys,Liqueur,0,938,938,0,8781
2026-02-05,Pool Bar,Bombay Sapphire,Gin,0,2792,2792,0,3613
2026-02-05,Pool Bar,Heineken,Beer,8450,7769,7769,0,681
2026-02-05,Pool Bar,Hennessy,Brandy,0,0,0,0,783
2026-02-05,Pool Bar,Jack Daniel's,Whisky,0,1878,1878,0,3600
2026-02-05,Pool Bar,Johnnie Walker Red,Whisky,6000,3277,3277,0,7595
2026-02-05,Pool Bar,Jose Cuervo,Tequila,0,1140,1140,0,3432
2026-02-05,Pool Bar,Kingfisher Premium,Beer,0,0,12754,12754,0
2026-02-05,Pool Bar,Smirnoff Vodka,Vodka,0,3708,3816,108,0
2026-02-05,Rooftop Bar,Bacardi White,Rum,0,0,3584,3584,0
2026-02-05,Rooftop Bar,Baileys,Liqueur,0,0,0,0,1670
2026-02-05,Rooftop Bar,Bombay Sapphire,Gin,12000,2828,2828,0,9172
2026-02-05,Rooftop Bar,Heineken,Beer,0,6350,10279,3929,0
2026-02-05,Rooftop Bar,Hennessy,Brandy,0,1015,1015,0,11173
2026-02-05,Rooftop Bar,Jack Daniel's,Whisky,15750,2022,2022,0,16436
2026-02-05,Rooftop Bar,Johnnie Walker Red,Whisky,0,4193,4193,0,13248
2026-02-05,Rooftop Bar,Jose Cuervo,Tequila,0,1762,1762,0,1967
2026-02-05,Rooftop Bar,Kingfisher Premium,Beer,6500,6500,14064,7564,0
2026-02-05,Rooftop Bar,Smirnoff Vodka,Vodka,8250,4380,4380,0,9759
2026-02-05,Sky Lounge,Bacardi White,Rum,9000,4973,4973,0,8067
2026-02-05,Sky Lounge,Baileys,Liqueur,0,1169,1169,0,7009
2026-02-05,Sky Lounge,Bombay Sapphire,Gin,0,4442,4442,0,7328
2026-02-05,Sky Lounge,Heineken,Beer,0,2700,13570,10870,0
2026-02-05,Sky Lounge,Hennessy,Brandy,0,819,819,0,5772
2026-02-05,Sky Lounge,Jack Daniel's,Whisky,0,2446,2446,0,3098
2026-02-05,Sky Lounge,Johnnie Walker Red,Whisky,0,4234,4234,0,9310
2026-02-05,Sky Lounge,Jose Cuervo,Tequila,11250,1947,1947,0,10269
2026-02-05,Sky Lounge,Kingfisher Premium,Beer,0,0,15490,15490,0
2026-02-05,Sky Lounge,Smirnoff Vodka,Vodka,0,0,6986,6986,0
2026-02-06,Garden Bar,Bacardi White,Rum,0,3392,3392,0,8857
2026-02-06,Garden Bar,Baileys,Liqueur,0,539,539,0,1571
2026-02-06,Garden Bar,Bombay Sapphire,Gin,15000,2211,2211,0,14606
2026-02-06,Garden Bar,Heineken,Beer,0,0,7407,7407,0
2026-02-06,Garden Bar,Hennessy,Brandy,0,641,641,0,3877
2026-02-06,Garden Bar,Jack Daniel's,Whisky,0,0,2289,2289,0
2026-02-06,Garden Bar,Johnnie Walker Red,Whisky,6000,2967,2967,0,3033
2026-02-06,Garden Bar,Jose Cuervo,Tequila,0,1263,1263,0,4746
2026-02-06,Garden Bar,Kingfisher Premium,Beer,0,0,9146,9146,0
2026-02-06,Garden Bar,Smirnoff Vodka,Vodka,0,4692,4692,0,4386
2026-02-06,Lobby Bar,Bacardi White,Rum,0,2731,2817,86,0
2026-02-06,Lobby Bar,Baileys,Liqueur,15000,764,764,0,14236
2026-02-06,Lobby Bar,Bombay Sapphire,Gin,0,2440,2440,0,7874
2026-02-06,Lobby Bar,Heineken,Beer,0,0,8798,8798,0
2026-02-06,Lobby Bar,Hennessy,Brandy,0,601,601,0,4031
2026-02-06,Lobby Bar,Jack Daniel's,Whisky,0,2674,2674,0,4224
2026-02-06,Lobby Bar,Johnnie Walker Red,Whisky,0,0,3519,3519,0
2026-02-06,Lobby Bar,Jose Cuervo,Tequila,0,1427,1427,0,9118
2026-02-06,Lobby Bar,Kingfisher Premium,Beer,0,0,11976,11976,0
2026-02-06,Lobby Bar,Smirnoff Vodka,Vodka,0,2107,4817,2710,0
2026-02-06,Pool Bar,Bacardi White,Rum,0,0,4077,4077,0
2026-02-06,Pool Bar,Baileys,Liqueur,0,879,879,0,7902
2026-02-06,Pool Bar,Bombay Sapphire,Gin,0,2623,2623,0,990
2026-02-06,Pool Bar,Heineken,Beer,9750,9239,9239,0,1192
2026-02-06,Pool Bar,Hennessy,Brandy,0,782,782,0,749
2026-02-06,Pool Bar,Jack Daniel's,Whisky,0,2517,2517,0,1926
2026-02-06,Pool Bar,Johnnie Walker Red,Whisky,0,4438,4438,0,4995
2026-02-06,Pool Bar,Jose Cuervo,Tequila,0,2310,2310,0,1122
2026-02-06,Pool Bar,Kingfisher Premium,Beer,0,0,12583,12583,0
2026-02-06,Pool Bar,Smirnoff Vodka,Vodka,0,0,3088,3088,0
2026-02-06,Rooftop Bar,Bacardi White,Rum,0,0,5161,5161,0
2026-02-06,Rooftop Bar,Baileys,Liqueur,6000,0,0,0,7670
2026-02-06,Rooftop Bar,Bombay Sapphire,Gin,0,2806,2806,0,7799
2026-02-06,Rooftop Bar,Heineken,Beer,0,0,9143,9143,0
2026-02-06,Rooftop Bar,Hennessy,Brandy,0,1174,1174,0,10411
2026-02-06,Rooftop Bar,Jack Daniel's,Whisky,0,2809,2809,0,15404
2026-02-06,Rooftop Bar,Johnnie Walker Red,Whisky,0,6014,6014,0,12306
2026-02-06,Rooftop Bar,Jose Cuervo,Tequila,6000,2193,2193,0,5153
2026-02-06,Rooftop Bar,Kingfisher Premium,Beer,8450,8450,15517,7067,164
2026-02-06,Rooftop Bar,Smirnoff Vodka,Vodka,0,7125,7125,0,1738
2026-02-06,Sky Lounge,Bacardi White,Rum,15750,6436,6436,0,23219
2026-02-06,Sky Lounge,Baileys,Liqueur,0,0,0,0,6332
2026-02-06,Sky Lounge,Bombay Sapphire,Gin,0,3754,5253,1499,661
2026-02-06,Sky Lounge,Heineken,Beer,0,0,12945,12945,0
2026-02-06,Sky Lounge,Hennessy,Brandy,0,1541,1541,0,3762
2026-02-06,Sky Lounge,Jack Daniel's,Whisky,0,1853,1966,113,1422
2026-02-06,Sky Lounge,Johnnie Walker Red,Whisky,12000,8165,8165,0,10475
2026-02-06,Sky Lounge,Jose Cuervo,Tequila,0,2665,2665,0,6638
2026-02-06,Sky Lounge,Kingfisher Premium,Beer,0,0,15849,15849,0
2026-02-06,Sky Lounge,Smirnoff Vodka,Vodka,0,0,8431,8431,0
2026-02-07,Garden Bar,Bacardi White,Rum,0,2430,2430,0,4907
2026-02-07,Garden Bar,Baileys,Liqueur,0,1091,1091,0,1278
2026-02-07,Garden Bar,Bombay Sapphire,Gin,0,2825,2825,0,11781
2026-02-07,Garden Bar,Heineken,Beer,0,0,10235,10235,0
2026-02-07,Garden Bar,Hennessy,Brandy,0,867,867,0,3010
2026-02-07,Garden Bar,Jack Daniel's,Whisky,0,0,1419,1419,0
2026-02-07,Garden Bar,Johnnie Walker Red,Whisky,0,3033,3206,173,1775
2026-02-07,Garden Bar,Jose Cuervo,Tequila,0,2235,2235,0,4019
2026-02-07,Garden Bar,Kingfisher Premium,Beer,0,0,11189,11189,0
2026-02-07,Garden Bar,Smirnoff Vodka,Vodka,12000,4121,4121,0,11421
2026-02-07,Lobby Bar,Bacardi White,Rum,7500,3944,3944,0,5930
2026-02-07,Lobby Bar,Baileys,Liqueur,0,828,828,0,13626
2026-02-07,Lobby Bar,Bombay Sapphire,Gin,0,2933,2933,0,4941
2026-02-07,Lobby Bar,Heineken,Beer,13650,8388,8388,0,5262
2026-02-07,Lobby Bar,Hennessy,Brandy,0,728,728,0,3303
2026-02-07,Lobby Bar,Jack Daniel's,Whisky,9750,2793,2793,0,11162
2026-02-07,Lobby Bar,Johnnie Walker Red,Whisky,0,0,4692,4692,0
2026-02-07,Lobby Bar,Jose Cuervo,Tequila,0,1775,1775,0,7343
2026-02-07,Lobby Bar,Kingfisher Premium,Beer,9100,9100,14713,5613,0
2026-02-07,Lobby Bar,Smirnoff Vodka,Vodka,0,0,4902,4902,0
2026-02-07,Pool Bar,Bacardi White,Rum,0,0,4902,4902,0
2026-02-07,Pool Bar,Baileys,Liqueur,0,1438,1438,0,6981
2026-02-07,Pool Bar,Bombay Sapphire,Gin,0,990,2549,1559,0
2026-02-07,Pool Bar,Heineken,Beer,7150,8342,10692,2350,0
2026-02-07,Pool Bar,Hennessy,Brandy,8400,1137,1137,0,7264
2026-02-07,Pool Bar,Jack Daniel's,Whisky,0,476,3224,2748,0
2026-02-07,Pool Bar,Johnnie Walker Red,Whisky,0,3157,6438,3281,0
2026-02-07,Pool Bar,Jose Cuervo,Tequila,13500,2067,2067,0,12555
2026-02-07,Pool Bar,Kingfisher Premium,Beer,11050,11050,14504,3454,8263
2026-02-07,Pool Bar,Smirnoff Vodka,Vodka,15000,6492,6492,0,13470
2026-02-07,Rooftop Bar,Bacardi White,Rum,10500,4710,4710,0,5790
2026-02-07,Rooftop Bar,Baileys,Liqueur,0,1550,1550,0,6638
2026-02-07,Rooftop Bar,Bombay Sapphire,Gin,0,5736,5736,0,3048
2026-02-07,Rooftop Bar,Heineken,Beer,0,0,12894,12894,0
2026-02-07,Rooftop Bar,Hennessy,Brandy,0,1003,1003,0,9936
2026-02-07,Rooftop Bar,Jack Daniel's,Whisky,0,3607,3607,0,10541
2026-02-07,Rooftop Bar,Johnnie Walker Red,Whisky,0,5704,5704,0,3666
2026-02-07,Rooftop Bar,Jose Cuervo,Tequila,0,3148,3148,0,1458
2026-02-07,Rooftop Bar,Kingfisher Premium,Beer,0,0,15513,15513,0
2026-02-07,Rooftop Bar,Smirnoff Vodka,Vodka,0,1182,5896,4714,0
2026-02-07,Sky Lounge,Bacardi White,Rum,0,7766,7766,0,14434
2026-02-07,Sky Lounge,Baileys,Liqueur,0,1834,1834,0,5372
2026-02-07,Sky Lounge,Bombay Sapphire,Gin,0,0,3598,3598,0
2026-02-07,Sky Lounge,Heineken,Beer,5850,5850,18609,12759,0
2026-02-07,Sky Lounge,Hennessy,Brandy,0,0,0,0,3762
2026-02-07,Sky Lounge,Jack Daniel's,Whisky,0,0,4179,4179,0
2026-02-07,Sky Lounge,Johnnie Walker Red,Whisky,15000,7272,7272,0,19316
2026-02-07,Sky Lounge,Jose Cuervo,Tequila,0,3148,3148,0,4713
2026-02-07,Sky Lounge,Kingfisher Premium,Beer,10400,10400,16279,5879,0
2026-02-07,Sky Lounge,Smirnoff Vodka,Vodka,0,0,7439,7439,0
2026-02-08,Garden Bar,Bacardi White,Rum,0,2462,2462,0,2106
2026-02-08,Garden Bar,Baileys,Liqueur,0,0,0,0,327
2026-02-08,Garden Bar,Bombay Sapphire,Gin,0,1622,1622,0,10159
2026-02-08,Garden Bar,Heineken,Beer,9750,5770,5770,0,5605
2026-02-08,Garden Bar,Hennessy,Brandy,0,559,559,0,2809
2026-02-08,Garden Bar,Jack Daniel's,Whisky,9000,1982,1982,0,7282
2026-02-08,Garden Bar,Johnnie Walker Red,Whisky,15000,2415,2415,0,13071
2026-02-08,Garden Bar,Jose Cuervo,Tequila,0,1041,1041,0,1470
2026-02-08,Garden Bar,Kingfisher Premium,Beer,0,0,8420,8420,0
2026-02-08,Garden Bar,Smirnoff Vodka,Vodka,0,3895,3895,0,7526
2026-02-08,Lobby Bar,Bacardi White,Rum,0,3211,3211,0,345
2026-02-08,Lobby Bar,Baileys,Liqueur,0,874,874,0,12534
2026-02-08,Lobby Bar,Bombay Sapphire,Gin,0,2630,2630,0,2311
2026-02-08,Lobby Bar,Heineken,Beer,11700,7089,7089,0,9873
2026-02-08,Lobby Bar,Hennessy,Brandy,0,592,592,0,2711
2026-02-08,Lobby Bar,Jack Daniel's,Whisky,0,2329,2329,0,6952
2026-02-08,Lobby Bar,Johnnie Walker Red,Whisky,9750,3637,3637,0,6727
2026-02-08,Lobby Bar,Jose Cuervo,Tequila,0,969,969,0,6374
2026-02-08,Lobby Bar,Kingfisher Premium,Beer,7150,7150,7940,790,0
2026-02-08,Lobby Bar,Smirnoff Vodka,Vodka,0,0,3906,3906,0
2026-02-08,Pool Bar,Bacardi White,Rum,0,0,3488,3488,0
2026-02-08,Pool Bar,Baileys,Liqueur,0,781,781,0,5876
2026-02-08,Pool Bar,Bombay Sapphire,Gin,0,0,2511,2511,0
2026-02-08,Pool Bar,Heineken,Beer,7800,7800,9609,1809,0
2026-02-08,Pool Bar,Hennessy,Brandy,0,651,651,0,6613
2026-02-08,Pool Bar,Jack Daniel's,Whisky,0,0,2097,2097,0
2026-02-08,Pool Bar,Johnnie Walker Red,Whisky,0,0,4347,4347,0
2026-02-08,Pool Bar,Jose Cuervo,Tequila,0,974,974,0,11581
2026-02-08,Pool Bar,Kingfisher Premium,Beer,0,0,9098,9098,0
2026-02-08,Pool Bar,Smirnoff Vodka,Vodka,0,3795,3795,0,4713
2026-02-08,Rooftop Bar,Bacardi White,Rum,13500,4095,4095,0,16043
2026-02-08,Rooftop Bar,Baileys,Liqueur,0,1398,1398,0,4722
2026-02-08,Rooftop Bar,Bombay Sapphire,Gin,9000,3091,3091,0,6539
2026-02-08,Rooftop Bar,Heineken,Beer,7800,7800,10161,2361,5530
2026-02-08,Rooftop Bar,Hennessy,Brandy,0,1293,1293,0,7703
2026-02-08,Rooftop Bar,Jack Daniel's,Whisky,0,2944,2944,0,9545
2026-02-08,Rooftop Bar,Johnnie Walker Red,Whisky,0,852,6626,5774,0
2026-02-08,Rooftop Bar,Jose Cuervo,Tequila,0,1458,1505,47,0
2026-02-08,Rooftop Bar,Kingfisher Premium,Beer,0,0,15958,15958,0
2026-02-08,Rooftop Bar,Smirnoff Vodka,Vodka,15750,6608,6608,0,9142
2026-02-08,Sky Lounge,Bacardi White,Rum,0,3877,3877,0,9477
2026-02-08,Sky Lounge,Baileys,Liqueur,0,1125,1125,0,4467
2026-02-08,Sky Lounge,Bombay Sapphire,Gin,15000,3727,3727,0,13022
2026-02-08,Sky Lounge,Heineken,Beer,0,0,9587,9587,0
2026-02-08,Sky Lounge,Hennessy,Brandy,0,1033,1033,0,2729
2026-02-08,Sky Lounge,Jack Daniel's,Whisky,0,0,3609,3609,0
2026-02-08,Sky Lounge,Johnnie Walker Red,Whisky,0,4767,4767,0,16703
2026-02-08,Sky Lounge,Jose Cuervo,Tequila,0,2496,2496,0,994
2026-02-08,Sky Lounge,Kingfisher Premium,Beer,9750,9750,19054,9304,5252
2026-02-08,Sky Lounge,Smirnoff Vodka,Vodka,0,0,8398,8398,0
2026-02-09,Garden Bar,Bacardi White,Rum,0,1327,1327,0,1599
2026-02-09,Garden Bar,Baileys,Liqueur,0,0,0,0,327
2026-02-09,Garden Bar,Bombay Sapphire,Gin,0,1651,1651,0,8508
2026-02-09,Garden Bar,Heineken,Beer,0,3580,3580,0,400
2026-02-09,Garden Bar,Hennessy,Brandy,0,353,353,0,2306
2026-02-09,Garden Bar,Jack Daniel's,Whisky,0,1258,1258,0,6683
2026-02-09,Garden Bar,Johnnie Walker Red,Whisky,0,1880,1880,0,10705
2026-02-09,Garden Bar,Jose Cuervo,Tequila,0,807,807,0,663
2026-02-09,Garden Bar,Kingfisher Premium,Beer,0,0,9582,9582,0
2026-02-09,Garden Bar,Smirnoff Vodka,Vodka,0,2662,2662,0,4864
2026-02-09,Lobby Bar,Bacardi White,Rum,15750,2494,2494,0,13601
2026-02-09,Lobby Bar,Baileys,Liqueur,0,662,662,0,11872
2026-02-09,Lobby Bar,Bombay Sapphire,Gin,6750,1469,1469,0,7592
2026-02-09,Lobby Bar,Heineken,Beer,0,6025,6025,0,8054
2026-02-09,Lobby Bar,Hennessy,Brandy,0,465,465,0,2246
2026-02-09,Lobby Bar,Jack Daniel's,Whisky,0,1647,1647,0,6366
2026-02-09,Lobby Bar,Johnnie Walker Red,Whisky,0,1981,1981,0,4132
2026-02-09,Lobby Bar,Jose Cuervo,Tequila,0,1142,1142,0,5232
2026-02-09,Lobby Bar,Kingfisher Premium,Beer,0,0,6801,6801,0
2026-02-09,Lobby Bar,Smirnoff Vodka,Vodka,0,0,2570,2570,0
2026-02-09,Pool Bar,Bacardi White,Rum,0,0,1848,1848,0
2026-02-09,Pool Bar,Baileys,Liqueur,0,920,920,0,4863
2026-02-09,Pool Bar,Bombay Sapphire,Gin,7500,1429,1429,0,6071
2026-02-09,Pool Bar,Heineken,Beer,0,0,5790,5790,0
2026-02-09,Pool Bar,Hennessy,Brandy,0,0,0,0,6613
2026-02-09,Pool Bar,Jack Daniel's,Whisky,0,0,1368,1368,0
2026-02-09,Pool Bar,Johnnie Walker Red,Whisky,0,0,3161,3161,0
2026-02-09,Pool Bar,Jose Cuervo,Tequila,0,1310,1310,0,11206
2026-02-09,Pool Bar,Kingfisher Premium,Beer,0,0,8478,8478,0
2026-02-09,Pool Bar,Smirnoff Vodka,Vodka,12000,3373,3373,0,15145
2026-02-09,Rooftop Bar,Bacardi White,Rum,0,3989,3989,0,11206
2026-02-09,Rooftop Bar,Baileys,Liqueur,0,788,788,0,4248
2026-02-09,Rooftop Bar,Bombay Sapphire,Gin,0,2356,2356,0,4183
2026-02-09,Rooftop Bar,Heineken,Beer,9100,9100,9123,23,0
2026-02-09,Rooftop Bar,Hennessy,Brandy,0,620,620,0,7554
2026-02-09,Rooftop Bar,Jack Daniel's,Whisky,0,2806,2806,0,5227
2026-02-09,Rooftop Bar,Johnnie Walker Red,Whisky,0,0,3570,3570,0
2026-02-09,Rooftop Bar,Jose Cuervo,Tequila,0,0,1478,1478,0
2026-02-09,Rooftop Bar,Kingfisher Premium,Beer,5850,5850,10440,4590,3397
2026-02-09,Rooftop Bar,Smirnoff Vodka,Vodka,0,5500,5500,0,3642
2026-02-09,Sky Lounge,Bacardi White,Rum,0,3887,3887,0,2376
2026-02-09,Sky Lounge,Baileys,Liqueur,0,0,0,0,3373
2026-02-09,Sky Lounge,Bombay Sapphire,Gin,0,2939,2939,0,10320
2026-02-09,Sky Lounge,Heineken,Beer,0,0,7642,7642,0
2026-02-09,Sky Lounge,Hennessy,Brandy,0,914,914,0,1815
2026-02-09,Sky Lounge,Jack Daniel's,Whisky,0,0,3044,3044,0
2026-02-09,Sky Lounge,Johnnie Walker Red,Whisky,0,3486,3486,0,9950
2026-02-09,Sky Lounge,Jose Cuervo,Tequila,9000,1340,1340,0,8654
2026-02-09,Sky Lounge,Kingfisher Premium,Beer,5850,5850,11117,5267,0
2026-02-09,Sky Lounge,Smirnoff Vodka,Vodka,0,0,4913,4913,0
2026-02-10,Garden Bar,Bacardi White,Rum,7500,1827,1827,0,6913
2026-02-10,Garden Bar,Baileys,Liqueur,0,327,569,242,0
2026-02-10,Garden Bar,Bombay Sapphire,Gin,0,1644,1644,0,6864
2026-02-10,Garden Bar,Heineken,Beer,0,400,3287,2887,0
2026-02-10,Garden Bar,Hennessy,Brandy,0,0,0,0,2098
2026-02-10,Garden Bar,Jack Daniel's,Whisky,0,1421,1421,0,4339
2026-02-10,Garden Bar,Johnnie Walker Red,Whisky,0,1842,1842,0,8863
2026-02-10,Garden Bar,Jose Cuervo,Tequila,8250,974,974,0,7939
2026-02-10,Garden Bar,Kingfisher Premium,Beer,0,0,7051,7051,0
2026-02-10,Garden Bar,Smirnoff Vodka,Vodka,0,2701,2701,0,2163
2026-02-10,Lobby Bar,Bacardi White,Rum,0,1905,1905,0,11696
2026-02-10,Lobby Bar,Baileys,Liqueur,0,618,618,0,11458
2026-02-10,Lobby Bar,Bombay Sapphire,Gin,0,1989,1989,0,6566
2026-02-10,Lobby Bar,Heineken,Beer,0,3848,5357,1509,0
2026-02-10,Lobby Bar,Hennessy,Brandy,0,569,569,0,1826
2026-02-10,Lobby Bar,Jack Daniel's,Whisky,0,1715,1715,0,3789
2026-02-10,Lobby Bar,Johnnie Walker Red,Whisky,0,2452,2452,0,2963
2026-02-10,Lobby Bar,Jose Cuervo,Tequila,0,917,917,0,4315
2026-02-10,Lobby Bar,Kingfisher Premium,Beer,0,0,7288,7288,0
2026-02-10,Lobby Bar,Smirnoff Vodka,Vodka,6000,2696,2696,0,3304
2026-02-10,Pool Bar,Bacardi White,Rum,6000,3308,3308,0,4414
2026-02-10,Pool Bar,Baileys,Liqueur,0,589,589,0,4174
2026-02-10,Pool Bar,Bombay Sapphire,Gin,0,1763,1763,0,4308
2026-02-10,Pool Bar,Heineken,Beer,7150,5251,5251,0,1899
2026-02-10,Pool Bar,Hennessy,Brandy,0,568,568,0,6097
2026-02-10,Pool Bar,Jack Daniel's,Whisky,0,0,1720,1720,0
2026-02-10,Pool Bar,Johnnie Walker Red,Whisky,0,0,3015,3015,0
2026-02-10,Pool Bar,Jose Cuervo,Tequila,0,1144,1144,0,9209
2026-02-10,Pool Bar,Kingfisher Premium,Beer,9750,9035,9035,0,715
2026-02-10,Pool Bar,Smirnoff Vodka,Vodka,0,2851,2851,0,10489
2026-02-10,Rooftop Bar,Bacardi White,Rum,0,3073,3073,0,9749
2026-02-10,Rooftop Bar,Baileys,Liqueur,0,1059,1059,0,2875
2026-02-10,Rooftop Bar,Bombay Sapphire,Gin,0,2982,2982,0,1201
2026-02-10,Rooftop Bar,Heineken,Beer,0,0,8367,8367,0
2026-02-10,Rooftop Bar,Hennessy,Brandy,0,798,798,0,6285
2026-02-10,Rooftop Bar,Jack Daniel's,Whisky,0,2385,2385,0,2188
2026-02-10,Rooftop Bar,Johnnie Walker Red,Whisky,15000,4930,4930,0,10481
2026-02-10,Rooftop Bar,Jose Cuervo,Tequila,12000,1915,1915,0,10085
2026-02-10,Rooftop Bar,Kingfisher Premium,Beer,0,0,12273,12273,0
2026-02-10,Rooftop Bar,Smirnoff Vodka,Vodka,0,3642,5553,1911,0
2026-02-10,Sky Lounge,Bacardi White,Rum,7500,4559,4559,0,4792
2026-02-10,Sky Lounge,Baileys,Liqueur,0,1091,1091,0,2282
2026-02-10,Sky Lounge,Bombay Sapphire,Gin,0,2976,2976,0,7096
2026-02-10,Sky Lounge,Heineken,Beer,7800,7800,9406,1606,0
2026-02-10,Sky Lounge,Hennessy,Brandy,0,914,914,0,901
2026-02-10,Sky Lounge,Jack Daniel's,Whisky,0,0,2378,2378,0
2026-02-10,Sky Lounge,Johnnie Walker Red,Whisky,0,4320,4320,0,5630
2026-02-10,Sky Lounge,Jose Cuervo,Tequila,0,1888,1888,0,6766
2026-02-10,Sky Lounge,Kingfisher Premium,Beer,0,0,7808,7808,0
2026-02-10,Sky Lounge,Smirnoff Vodka,Vodka,12000,4325,4325,0,8212
2026-02-11,Garden Bar,Bacardi White,Rum,0,2007,2007,0,4129
2026-02-11,Garden Bar,Baileys,Liqueur,7500,682,682,0,6818
2026-02-11,Garden Bar,Bombay Sapphire,Gin,0,1789,1789,0,5075
2026-02-11,Garden Bar,Heineken,Beer,0,0,4893,4893,0
2026-02-11,Garden Bar,Hennessy,Brandy,0,469,469,0,1629
2026-02-11,Garden Bar,Jack Daniel's,Whisky,0,1664,1664,0,3735
2026-02-11,Garden Bar,Johnnie Walker Red,Whisky,0,2802,2802,0,6484
2026-02-11,Garden Bar,Jose Cuervo,Tequila,0,1038,1038,0,6901
2026-02-11,Garden Bar,Kingfisher Premium,Beer,9100,5911,5911,0,3189
2026-02-11,Garden Bar,Smirnoff Vodka,Vodka,9750,3027,3027,0,8886
2026-02-11,Lobby Bar,Bacardi White,Rum,0,1649,1649,0,10521
2026-02-11,Lobby Bar,Baileys,Liqueur,0,709,709,0,10545
2026-02-11,Lobby Bar,Bombay Sapphire,Gin,0,1630,1630,0,4809
2026-02-11,Lobby Bar,Heineken,Beer,0,0,4505,4505,0
2026-02-11,Lobby Bar,Hennessy,Brandy,0,542,542,0,1301
2026-02-11,Lobby Bar,Jack Daniel's,Whisky,0,1443,1443,0,2147
2026-02-11,Lobby Bar,Johnnie Walker Red,Whisky,0,1680,2691,1011,0
2026-02-11,Lobby Bar,Jose Cuervo,Tequila,0,879,879,0,3436
2026-02-11,Lobby Bar,Kingfisher Premium,Beer,8450,8198,8198,0,252
2026-02-11,Lobby Bar,Smirnoff Vodka,Vodka,6000,3299,3299,0,7304
2026-02-11,Pool Bar,Bacardi White,Rum,0,2692,2850,158,1155
2026-02-11,Pool Bar,Baileys,Liqueur,0,1015,1015,0,3904
2026-02-11,Pool Bar,Bombay Sapphire,Gin,0,2438,2438,0,2704
2026-02-11,Pool Bar,Heineken,Beer,0,1899,6285,4386,0
2026-02-11,Pool Bar,Hennessy,Brandy,0,631,631,0,5634
2026-02-11,Pool Bar,Jack Daniel's,Whisky,0,0,1922,1922,0
2026-02-11,Pool Bar,Johnnie Walker Red,Whisky,14250,1960,1960,0,12290
2026-02-11,Pool Bar,Jose Cuervo,Tequila,0,1555,1555,0,8620
2026-02-11,Pool Bar,Kingfisher Premium,Beer,0,715,8642,7927,0
2026-02-11,Pool Bar,Smirnoff Vodka,Vodka,0,3786,3786,0,8803
2026-02-11,Rooftop Bar,Bacardi White,Rum,0,3750,3750,0,5453
2026-02-11,Rooftop Bar,Baileys,Liqueur,0,1193,1193,0,1682
2026-02-11,Rooftop Bar,Bombay Sapphire,Gin,0,1201,2510,1309,281
2026-02-11,Rooftop Bar,Heineken,Beer,0,0,7639,7639,0
2026-02-11,Rooftop Bar,Hennessy,Brandy,0,575,575,0,6148
2026-02-11,Rooftop Bar,Jack Daniel's,Whisky,0,1885,2533,648,0
2026-02-11,Rooftop Bar,Johnnie Walker Red,Whisky,0,3606,3606,0,6464
2026-02-11,Rooftop Bar,Jose Cuervo,Tequila,0,946,946,0,9419
2026-02-11,Rooftop Bar,Kingfisher Premium,Beer,0,0,13421,13421,0
2026-02-11,Rooftop Bar,Smirnoff Vodka,Vodka,14250,4125,4125,0,10125
2026-02-11,Sky Lounge,Bacardi White,Rum,9000,4246,4246,0,12899
2026-02-11,Sky Lounge,Baileys,Liqueur,0,0,0,0,2282
2026-02-11,Sky Lounge,Bombay Sapphire,Gin,0,2588,2588,0,3303
2026-02-11,Sky Lounge,Heineken,Beer,12350,8916,8916,0,7821
2026-02-11,Sky Lounge,Hennessy,Brandy,0,803,803,0,153
2026-02-11,Sky Lounge,Jack Daniel's,Whisky,0,0,2848,2848,0
2026-02-11,Sky Lounge,Johnnie Walker Red,Whisky,0,4007,4007,0,1623
2026-02-11,Sky Lounge,Jose Cuervo,Tequila,0,2188,2188,0,6383
2026-02-11,Sky Lounge,Kingfisher Premium,Beer,0,0,10138,10138,0
2026-02-11,Sky Lounge,Smirnoff Vodka,Vodka,0,6465,6465,0,1210
2026-02-12,Garden Bar,Bacardi White,Rum,0,1942,1942,0,2187
2026-02-12,Garden Bar,Baileys,Liqueur,0,641,641,0,6325
2026-02-12,Garden Bar,Bombay Sapphire,Gin,0,2031,2031,0,4121
2026-02-12,Garden Bar,Heineken,Beer,0,0,4516,4516,0
2026-02-12,Garden Bar,Hennessy,Brandy,0,548,548,0,1081
2026-02-12,Garden Bar,Jack Daniel's,Whisky,0,1044,1044,0,1755
2026-02-12,Garden Bar,Johnnie Walker Red,Whisky,0,3389,3389,0,2672
2026-02-12,Garden Bar,Jose Cuervo,Tequila,0,881,881,0,6020
2026-02-12,Garden Bar,Kingfisher Premium,Beer,0,3189,6936,3747,2526
2026-02-12,Garden Bar,Smirnoff Vodka,Vodka,0,3410,3410,0,7466
2026-02-12,Lobby Bar,Bacardi White,Rum,0,2408,2408,0,7639
2026-02-12,Lobby Bar,Baileys,Liqueur,0,651,651,0,9894
2026-02-12,Lobby Bar,Bombay Sapphire,Gin,0,2086,2086,0,1887
2026-02-12,Lobby Bar,Heineken,Beer,0,0,4944,4944,0
2026-02-12,Lobby Bar,Hennessy,Brandy,0,0,0,0,1135
2026-02-12,Lobby Bar,Jack Daniel's,Whisky,0,1664,1664,0,483
2026-02-12,Lobby Bar,Johnnie Walker Red,Whisky,15750,2955,2955,0,12795
2026-02-12,Lobby Bar,Jose Cuervo,Tequila,0,1022,1022,0,2823
2026-02-12,Lobby Bar,Kingfisher Premium,Beer,0,252,7057,6805,0
2026-02-12,Lobby Bar,Smirnoff Vodka,Vodka,0,4180,4180,0,1825
2026-02-12,Pool Bar,Bacardi White,Rum,0,0,2685,2685,0
2026-02-12,Pool Bar,Baileys,Liqueur,0,662,662,0,2497
2026-02-12,Pool Bar,Bombay Sapphire,Gin,0,1870,2159,289,667
2026-02-12,Pool Bar,Heineken,Beer,0,0,7250,7250,0
2026-02-12,Pool Bar,Hennessy,Brandy,0,568,568,0,5182
2026-02-12,Pool Bar,Jack Daniel's,Whisky,0,0,1862,1862,0
2026-02-12,Pool Bar,Johnnie Walker Red,Whisky,0,3728,3728,0,8562
2026-02-12,Pool Bar,Jose Cuervo,Tequila,0,1442,1442,0,6826
2026-02-12,Pool Bar,Kingfisher Premium,Beer,0,0,10808,10808,0
2026-02-12,Pool Bar,Smirnoff Vodka,Vodka,0,2690,2690,0,4013
2026-02-12,Rooftop Bar,Bacardi White,Rum,6750,3526,3526,0,7607
2026-02-12,Rooftop Bar,Baileys,Liqueur,0,1335,1335,0,1393
2026-02-12,Rooftop Bar,Bombay Sapphire,Gin,0,0,4093,4093,0
2026-02-12,Rooftop Bar,Heineken,Beer,0,0,9215,9215,0
2026-02-12,Rooftop Bar,Hennessy,Brandy,0,1162,1162,0,5630
2026-02-12,Rooftop Bar,Jack Daniel's,Whisky,15000,2564,2564,0,12436
2026-02-12,Rooftop Bar,Johnnie Walker Red,Whisky,10500,2838,2838,0,14126
2026-02-12,Rooftop Bar,Jose Cuervo,Tequila,0,1155,1155,0,8479
2026-02-12,Rooftop Bar,Kingfisher Premium,Beer,0,0,11404,11404,0
2026-02-12,Rooftop Bar,Smirnoff Vodka,Vodka,0,4559,4559,0,5566
2026-02-12,Sky Lounge,Bacardi White,Rum,0,3852,3852,0,8444
2026-02-12,Sky Lounge,Baileys,Liqueur,0,1285,1285,0,997
2026-02-12,Sky Lounge,Bombay Sapphire,Gin,0,2770,3291,521,0
2026-02-12,Sky Lounge,Heineken,Beer,7800,10313,10313,0,2223
2026-02-12,Sky Lounge,Hennessy,Brandy,7000,909,909,0,6189
2026-02-12,Sky Lounge,Jack Daniel's,Whisky,0,0,2667,2667,0
2026-02-12,Sky Lounge,Johnnie Walker Red,Whisky,14250,6705,6705,0,10156
2026-02-12,Sky Lounge,Jose Cuervo,Tequila,0,1340,1340,0,3238
2026-02-12,Sky Lounge,Kingfisher Premium,Beer,0,0,12620,12620,0
2026-02-12,Sky Lounge,Smirnoff Vodka,Vodka,0,1210,5872,4662,0
2026-02-13,Garden Bar,Bacardi White,Rum,0,2187,3325,1138,0
2026-02-13,Garden Bar,Baileys,Liqueur,0,827,827,0,5350
2026-02-13,Garden Bar,Bombay Sapphire,Gin,0,2460,2460,0,584
2026-02-13,Garden Bar,Heineken,Beer,0,0,6703,6703,0
2026-02-13,Garden Bar,Hennessy,Brandy,0,538,538,0,821
2026-02-13,Garden Bar,Jack Daniel's,Whisky,0,1418,1418,0,213
2026-02-13,Garden Bar,Johnnie Walker Red,Whisky,15000,2792,2792,0,14880
2026-02-13,Garden Bar,Jose Cuervo,Tequila,0,1329,1329,0,4691
2026-02-13,Garden Bar,Kingfisher Premium,Beer,0,0,9682,9682,0
2026-02-13,Garden Bar,Smirnoff Vodka,Vodka,0,4094,4094,0,4679
2026-02-13,Lobby Bar,Bacardi White,Rum,0,3267,3267,0,4372
2026-02-13,Lobby Bar,Baileys,Liqueur,0,786,786,0,9108
2026-02-13,Lobby Bar,Bombay Sapphire,Gin,13500,2889,2889,0,12498
2026-02-13,Lobby Bar,Heineken,Beer,13650,6857,6857,0,12190
2026-02-13,Lobby Bar,Hennessy,Brandy,0,576,576,0,559
2026-02-13,Lobby Bar,Jack Daniel's,Whisky,0,483,2358,1875,0
2026-02-13,Lobby Bar,Johnnie Walker Red,Whisky,0,3588,3588,0,9207
2026-02-13,Lobby Bar,Jose Cuervo,Tequila,0,1584,1584,0,2037
2026-02-13,Lobby Bar,Kingfisher Premium,Beer,0,0,10246,10246,0
2026-02-13,Lobby Bar,Smirnoff Vodka,Vodka,0,1825,5284,3459,0
2026-02-13,Pool Bar,Bacardi White,Rum,0,0,4529,4529,0
2026-02-13,Pool Bar,Baileys,Liqueur,0,1662,1662,0,1598
2026-02-13,Pool Bar,Bombay Sapphire,Gin,0,0,3129,3129,0
2026-02-13,Pool Bar,Heineken,Beer,0,0,8616,8616,0
2026-02-13,Pool Bar,Hennessy,Brandy,0,1261,1261,0,3585
2026-02-13,Pool Bar,Jack Daniel's,Whisky,0,0,2421,2421,0
2026-02-13,Pool Bar,Johnnie Walker Red,Whisky,0,4126,4126,0,4436
2026-02-13,Pool Bar,Jose Cuervo,Tequila,0,2225,2225,0,3905
2026-02-13,Pool Bar,Kingfisher Premium,Beer,0,0,12333,12333,0
2026-02-13,Pool Bar,Smirnoff Vodka,Vodka,0,4013,7032,3019,0
2026-02-13,Rooftop Bar,Bacardi White,Rum,0,5291,5291,0,6346
2026-02-13,Rooftop Bar,Baileys,Liqueur,0,347,1275,928,0
2026-02-13,Rooftop Bar,Bombay Sapphire,Gin,0,0,3586,3586,0
2026-02-13,Rooftop Bar,Heineken,Beer,0,0,10912,10912,0
2026-02-13,Rooftop Bar,Hennessy,Brandy,0,1133,1133,0,3983
2026-02-13,Rooftop Bar,Jack Daniel's,Whisky,0,3852,3852,0,8584
2026-02-13,Rooftop Bar,Johnnie Walker Red,Whisky,0,6552,6552,0,7574
2026-02-13,Rooftop Bar,Jose Cuervo,Tequila,0,2043,2043,0,5941
2026-02-13,Rooftop Bar,Kingfisher Premium,Beer,0,0,12737,12737,0
2026-02-13,Rooftop Bar,Smirnoff Vodka,Vodka,0,5566,7108,1542,1604
2026-02-13,Sky Lounge,Bacardi White,Rum,7500,6914,6914,0,6790
2026-02-13,Sky Lounge,Baileys,Liqueur,9750,2121,2121,0,9893
2026-02-13,Sky Lounge,Bombay Sapphire,Gin,0,0,3867,3867,0
2026-02-13,Sky Lounge,Heineken,Beer,0,921,11110,10189,704
2026-02-13,Sky Lounge,Hennessy,Brandy,0,1331,1331,0,4858
2026-02-13,Sky Lounge,Jack Daniel's,Whisky,14250,2875,2875,0,11375
2026-02-13,Sky Lounge,Johnnie Walker Red,Whisky,0,7691,7691,0,7385
2026-02-13,Sky Lounge,Jose Cuervo,Tequila,8250,3413,3413,0,9697
2026-02-13,Sky Lounge,Kingfisher Premium,Beer,0,0,15804,15804,0
2026-02-13,Sky Lounge,Smirnoff Vodka,Vodka,13500,7105,7105,0,6395
2026-02-14,Garden Bar,Bacardi White,Rum,12000,3107,3107,0,8893
2026-02-14,Garden Bar,Baileys,Liqueur,0,868,868,0,4482
2026-02-14,Garden Bar,Bombay Sapphire,Gin,0,584,2041,1457,0
2026-02-14,Garden Bar,Heineken,Beer,0,0,6095,6095,0
2026-02-14,Garden Bar,Hennessy,Brandy,0,0,0,0,543
2026-02-14,Garden Bar,Jack Daniel's,Whisky,0,213,2734,2521,0
2026-02-14,Garden Bar,Johnnie Walker Red,Whisky,0,3041,3041,0,14272
2026-02-14,Garden Bar,Jose Cuervo,Tequila,0,1948,1948,0,2743
2026-02-14,Garden Bar,Kingfisher Premium,Beer,0,0,9689,9689,0
2026-02-14,Garden Bar,Smirnoff Vodka,Vodka,0,1382,4304,2922,0
2026-02-14,Lobby Bar,Bacardi White,Rum,8250,4495,4495,0,8127
2026-02-14,Lobby Bar,Baileys,Liqueur,0,0,0,0,9108
2026-02-14,Lobby Bar,Bombay Sapphire,Gin,0,2941,2941,0,9557
2026-02-14,Lobby Bar,Heineken,Beer,0,6793,9157,2364,0
2026-02-14,Lobby Bar,Hennessy,Brandy,6300,986,986,0,5873
2026-02-14,Lobby Bar,Jack Daniel's,Whisky,0,0,2700,2700,0
2026-02-14,Lobby Bar,Johnnie Walker Red,Whisky,0,4177,4177,0,5030
2026-02-14,Lobby Bar,Jose Cuervo,Tequila,0,830,2017,1187,0
2026-02-14,Lobby Bar,Kingfisher Premium,Beer,11050,11050,12166,1116,4358
2026-02-14,Lobby Bar,Smirnoff Vodka,Vodka,0,0,5443,5443,0
2026-02-14,Pool Bar,Bacardi White,Rum,0,0,3977,3977,0
2026-02-14,Pool Bar,Baileys,Liqueur,8250,1496,1496,0,7589
2026-02-14,Pool Bar,Bombay Sapphire,Gin,0,0,2703,2703,0
2026-02-14,Pool Bar,Heineken,Beer,0,0,11838,11838,0
2026-02-14,Pool Bar,Hennessy,Brandy,0,938,938,0,2647
2026-02-14,Pool Bar,Jack Daniel's,Whisky,13500,2992,2992,0,10508
2026-02-14,Pool Bar,Johnnie Walker Red,Whisky,0,4436,5890,1454,41
2026-02-14,Pool Bar,Jose Cuervo,Tequila,0,2564,2564,0,1341
2026-02-14,Pool Bar,Kingfisher Premium,Beer,12350,12350,13779,1429,1251
2026-02-14,Pool Bar,Smirnoff Vodka,Vodka,0,0,6082,6082,0
2026-02-14,Rooftop Bar,Bacardi White,Rum,0,2316,5450,3134,0
2026-02-14,Rooftop Bar,Baileys,Liqueur,12000,2036,2036,0,9964
2026-02-14,Rooftop Bar,Bombay Sapphire,Gin,0,0,4651,4651,0
2026-02-14,Rooftop Bar,Heineken,Beer,0,0,14164,14164,0
2026-02-14,Rooftop Bar,Hennessy,Brandy,0,1440,1440,0,1975
2026-02-14,Rooftop Bar,Jack Daniel's,Whisky,0,4618,4618,0,3966
2026-02-14,Rooftop Bar,Johnnie Walker Red,Whisky,10500,6267,6267,0,16734
2026-02-14,Rooftop Bar,Jose Cuervo,Tequila,0,3222,3222,0,2719
2026-02-14,Rooftop Bar,Kingfisher Premium,Beer,7150,7150,25262,18112,0
2026-02-14,Rooftop Bar,Smirnoff Vodka,Vodka,0,0,8733,8733,0
2026-02-14,Sky Lounge,Bacardi White,Rum,14250,7815,7815,0,12715
2026-02-14,Sky Lounge,Baileys,Liqueur,0,1700,1700,0,6926
2026-02-14,Sky Lounge,Bombay Sapphire,Gin,6000,5106,5106,0,4286
2026-02-14,Sky Lounge,Heineken,Beer,11050,11050,17938,6888,0
2026-02-14,Sky Lounge,Hennessy,Brandy,0,1434,1434,0,3424
2026-02-14,Sky Lounge,Jack Daniel's,Whisky,0,3472,3472,0,10247
2026-02-14,Sky Lounge,Johnnie Walker Red,Whisky,0,1477,7986,6509,0
2026-02-14,Sky Lounge,Jose Cuervo,Tequila,0,3863,3863,0,4212
2026-02-14,Sky Lounge,Kingfisher Premium,Beer,0,0,25727,25727,0
2026-02-14,Sky Lounge,Smirnoff Vodka,Vodka,7500,8400,8400,0,5495
2026-02-15,Garden Bar,Bacardi White,Rum,0,2788,2788,0,6105
2026-02-15,Garden Bar,Baileys,Liqueur,0,618,618,0,4367
2026-02-15,Garden Bar,Bombay Sapphire,Gin,0,0,2390,2390,0
2026-02-15,Garden Bar,Heineken,Beer,7150,6293,6293,0,857
2026-02-15,Garden Bar,Hennessy,Brandy,9800,0,0,0,10343
2026-02-15,Garden Bar,Jack Daniel's,Whisky,14250,1353,1353,0,12897
2026-02-15,Garden Bar,Johnnie Walker Red,Whisky,0,2362,2362,0,10991
2026-02-15,Garden Bar,Jose Cuervo,Tequila,0,920,920,0,1823
2026-02-15,Garden Bar,Kingfisher Premium,Beer,0,0,7289,7289,0
2026-02-15,Garden Bar,Smirnoff Vodka,Vodka,0,0,2644,2644,0
2026-02-15,Lobby Bar,Bacardi White,Rum,0,2502,2502,0,5625
2026-02-15,Lobby Bar,Baileys,Liqueur,0,699,699,0,8447
2026-02-15,Lobby Bar,Bombay Sapphire,Gin,0,2063,2063,0,8198
2026-02-15,Lobby Bar,Heineken,Beer,0,0,6428,6428,0
2026-02-15,Lobby Bar,Hennessy,Brandy,0,530,530,0,5343
2026-02-15,Lobby Bar,Jack Daniel's,Whisky,0,0,1908,1908,0
2026-02-15,Lobby Bar,Johnnie Walker Red,Whisky,0,2829,2829,0,3566
2026-02-15,Lobby Bar,Jose Cuervo,Tequila,0,0,1351,1351,0
2026-02-15,Lobby Bar,Kingfisher Premium,Beer,7150,7150,11029,3879,0
2026-02-15,Lobby Bar,Smirnoff Vodka,Vodka,0,0,3428,3428,0
2026-02-15,Pool Bar,Bacardi White,Rum,0,0,4161,4161,0
2026-02-15,Pool Bar,Baileys,Liqueur,0,0,0,0,7589
2026-02-15,Pool Bar,Bombay Sapphire,Gin,0,0,2293,2293,0
2026-02-15,Pool Bar,Heineken,Beer,0,0,9726,9726,0
2026-02-15,Pool Bar,Hennessy,Brandy,0,761,761,0,2194
2026-02-15,Pool Bar,Jack Daniel's,Whisky,0,1805,1805,0,9452
2026-02-15,Pool Bar,Johnnie Walker Red,Whisky,0,0,3820,3820,0
2026-02-15,Pool Bar,Jose Cuervo,Tequila,0,1183,1183,0,1176
2026-02-15,Pool Bar,Kingfisher Premium,Beer,9100,9100,10691,1591,0
2026-02-15,Pool Bar,Smirnoff Vodka,Vodka,0,0,4362,4362,0
2026-02-15,Rooftop Bar,Bacardi White,Rum,12000,2968,2968,0,11722
2026-02-15,Rooftop Bar,Baileys,Liqueur,0,1384,1384,0,8580
2026-02-15,Rooftop Bar,Bombay Sapphire,Gin,0,0,2647,2647,0
2026-02-15,Rooftop Bar,Heineken,Beer,0,0,9845,9845,0
2026-02-15,Rooftop Bar,Hennessy,Brandy,0,909,909,0,1726
2026-02-15,Rooftop Bar,Jack Daniel's,Whisky,0,3139,3139,0,827
2026-02-15,Rooftop Bar,Johnnie Walker Red,Whisky,0,4515,4515,0,7292
2026-02-15,Rooftop Bar,Jose Cuervo,Tequila,0,2021,2021,0,698
2026-02-15,Rooftop Bar,Kingfisher Premium,Beer,8450,8450,13685,5235,0
2026-02-15,Rooftop Bar,Smirnoff Vodka,Vodka,0,0,3758,3758,0
2026-02-15,Sky Lounge,Bacardi White,Rum,0,4882,4882,0,9751
2026-02-15,Sky Lounge,Baileys,Liqueur,0,1560,1560,0,5366
2026-02-15,Sky Lounge,Bombay Sapphire,Gin,15750,3164,3164,0,14460
2026-02-15,Sky Lounge,Heineken,Beer,12350,12350,12814,464,0
2026-02-15,Sky Lounge,Hennessy,Brandy,0,950,950,0,2474
2026-02-15,Sky Lounge,Jack Daniel's,Whisky,0,2864,2864,0,5039
2026-02-15,Sky Lounge,Johnnie Walker Red,Whisky,6000,4774,4774,0,4914
2026-02-15,Sky Lounge,Jose Cuervo,Tequila,0,1913,1913,0,2299
2026-02-15,Sky Lounge,Kingfisher Premium,Beer,12350,12350,16633,4283,730
2026-02-15,Sky Lounge,Smirnoff Vodka,Vodka,0,5495,6679,1184,0
2026-02-16,Garden Bar,Bacardi White,Rum,0,1957,1957,0,4897
2026-02-16,Garden Bar,Baileys,Liqueur,0,0,0,0,3864
2026-02-16,Garden Bar,Bombay Sapphire,Gin,9750,1290,1290,0,8460
2026-02-16,Garden Bar,Heineken,Beer,0,857,4840,3983,0
2026-02-16,Garden Bar,Hennessy,Brandy,0,289,289,0,10054
2026-02-16,Garden Bar,Jack Daniel's,Whisky,0,1011,1011,0,11886
2026-02-16,Garden Bar,Johnnie Walker Red,Whisky,0,2486,2486,0,7571
2026-02-16,Garden Bar,Jose Cuervo,Tequila,0,996,996,0,1645
2026-02-16,Garden Bar,Kingfisher Premium,Beer,8450,5968,5968,0,6607
2026-02-16,Garden Bar,Smirnoff Vodka,Vodka,9000,2347,2347,0,6653
2026-02-16,Lobby Bar,Bacardi White,Rum,0,2225,2225,0,5102
2026-02-16,Lobby Bar,Baileys,Liqueur,0,573,573,0,7836
2026-02-16,Lobby Bar,Bombay Sapphire,Gin,0,1675,1675,0,6262
2026-02-16,Lobby Bar,Heineken,Beer,7800,6046,6046,0,6099
2026-02-16,Lobby Bar,Hennessy,Brandy,0,514,514,0,4829
2026-02-16,Lobby Bar,Jack Daniel's,Whisky,0,0,1149,1149,0
2026-02-16,Lobby Bar,Johnnie Walker Red,Whisky,0,2144,2144,0,1083
2026-02-16,Lobby Bar,Jose Cuervo,Tequila,8250,1019,1019,0,7231
2026-02-16,Lobby Bar,Kingfisher Premium,Beer,0,0,7296,7296,0
2026-02-16,Lobby Bar,Smirnoff Vodka,Vodka,0,0,2434,2434,0
2026-02-16,Pool Bar,Bacardi White,Rum,0,0,2580,2580,0
2026-02-16,Pool Bar,Baileys,Liqueur,0,658,658,0,7410
2026-02-16,Pool Bar,Bombay Sapphire,Gin,0,0,2406,2406,0
2026-02-16,Pool Bar,Heineken,Beer,6500,5431,5431,0,1069
2026-02-16,Pool Bar,Hennessy,Brandy,0,296,296,0,1590
2026-02-16,Pool Bar,Jack Daniel's,Whisky,0,1661,1661,0,7042
2026-02-16,Pool Bar,Johnnie Walker Red,Whisky,11250,2134,2134,0,9116
2026-02-16,Pool Bar,Jose Cuervo,Tequila,6000,1122,1122,0,5036
2026-02-16,Pool Bar,Kingfisher Premium,Beer,5200,5197,5197,0,3
2026-02-16,Pool Bar,Smirnoff Vodka,Vodka,12750,3237,3237,0,9513
2026-02-16,Rooftop Bar,Bacardi White,Rum,0,3144,3144,0,5888
2026-02-16,Rooftop Bar,Baileys,Liqueur,0,0,0,0,8580
2026-02-16,Rooftop Bar,Bombay Sapphire,Gin,15000,2930,2930,0,12070
2026-02-16,Rooftop Bar,Heineken,Beer,5200,5200,8296,3096,3053
2026-02-16,Rooftop Bar,Hennessy,Brandy,0,516,516,0,757
2026-02-16,Rooftop Bar,Jack Daniel's,Whisky,0,827,2241,1414,0
2026-02-16,Rooftop Bar,Johnnie Walker Red,Whisky,0,3363,3363,0,3929
2026-02-16,Rooftop Bar,Jose Cuervo,Tequila,0,698,1663,965,0
2026-02-16,Rooftop Bar,Kingfisher Premium,Beer,0,0,11399,11399,0
2026-02-16,Rooftop Bar,Smirnoff Vodka,Vodka,0,0,4191,4191,0
2026-02-16,Sky Lounge,Bacardi White,Rum,0,2894,2894,0,5864
2026-02-16,Sky Lounge,Baileys,Liqueur,0,813,813,0,4553
2026-02-16,Sky Lounge,Bombay Sapphire,Gin,0,2738,2738,0,10742
2026-02-16,Sky Lounge,Heineken,Beer,0,0,9469,9469,0
2026-02-16,Sky Lounge,Hennessy,Brandy,0,669,669,0,1805
2026-02-16,Sky Lounge,Jack Daniel's,Whisky,0,2301,2301,0,4670
2026-02-16,Sky Lounge,Johnnie Walker Red,Whisky,0,1226,4301,3075,529
2026-02-16,Sky Lounge,Jose Cuervo,Tequila,15000,1527,1527,0,16477
2026-02-16,Sky Lounge,Kingfisher Premium,Beer,11700,11168,11168,0,532
2026-02-16,Sky Lounge,Smirnoff Vodka,Vodka,0,0,6178,6178,0
2026-02-17,Garden Bar,Bacardi White,Rum,0,1549,1549,0,3570
2026-02-17,Garden Bar,Baileys,Liqueur,0,559,559,0,3378
2026-02-17,Garden Bar,Bombay Sapphire,Gin,0,1572,1572,0,7055
2026-02-17,Garden Bar,Heineken,Beer,8450,4677,4677,0,3773
2026-02-17,Garden Bar,Hennessy,Brandy,0,336,336,0,9931
2026-02-17,Garden Bar,Jack Daniel's,Whisky,0,1622,1622,0,10264
2026-02-17,Garden Bar,Johnnie Walker Red,Whisky,0,2625,2625,0,4366
2026-02-17,Garden Bar,Jose Cuervo,Tequila,0,827,942,115,0
2026-02-17,Garden Bar,Kingfisher Premium,Beer,0,2482,7901,5419,210
2026-02-17,Garden Bar,Smirnoff Vodka,Vodka,0,2622,2622,0,4031
2026-02-17,Lobby Bar,Bacardi White,Rum,0,2279,2279,0,1121
2026-02-17,Lobby Bar,Baileys,Liqueur,0,677,677,0,7688
2026-02-17,Lobby Bar,Bombay Sapphire,Gin,0,1690,1690,0,4129
2026-02-17,Lobby Bar,Heineken,Beer,0,1754,5757,4003,0
2026-02-17,Lobby Bar,Hennessy,Brandy,0,471,471,0,4358
2026-02-17,Lobby Bar,Jack Daniel's,Whisky,0,0,1355,1355,0
2026-02-17,Lobby Bar,Johnnie Walker Red,Whisky,0,57,2441,2384,0
2026-02-17,Lobby Bar,Jose Cuervo,Tequila,0,1087,1087,0,6144
2026-02-17,Lobby Bar,Kingfisher Premium,Beer,11050,7105,7105,0,5398
2026-02-17,Lobby Bar,Smirnoff Vodka,Vodka,11250,2991,2991,0,8807
2026-02-17,Pool Bar,Bacardi White,Rum,0,0,2456,2456,0
2026-02-17,Pool Bar,Baileys,Liqueur,0,721,721,0,6210
2026-02-17,Pool Bar,Bombay Sapphire,Gin,12750,2146,2146,0,12003
2026-02-17,Pool Bar,Heineken,Beer,0,1069,6507,5438,0
2026-02-17,Pool Bar,Hennessy,Brandy,0,738,738,0,1379
2026-02-17,Pool Bar,Jack Daniel's,Whisky,0,1309,1309,0,5733
2026-02-17,Pool Bar,Johnnie Walker Red,Whisky,0,2355,2355,0,7830
2026-02-17,Pool Bar,Jose Cuervo,Tequila,0,1295,1295,0,3741
2026-02-17,Pool Bar,Kingfisher Premium,Beer,13000,9504,9504,0,6320
2026-02-17,Pool Bar,Smirnoff Vodka,Vodka,0,2624,2624,0,6889
2026-02-17,Rooftop Bar,Bacardi White,Rum,0,3675,3675,0,2213
2026-02-17,Rooftop Bar,Baileys,Liqueur,0,0,0,0,8580
2026-02-17,Rooftop Bar,Bombay Sapphire,Gin,0,2501,2501,0,10334
2026-02-17,Rooftop Bar,Heineken,Beer,0,0,4755,4755,0
2026-02-17,Rooftop Bar,Hennessy,Brandy,14000,777,777,0,13854
2026-02-17,Rooftop Bar,Jack Daniel's,Whisky,0,0,2248,2248,0
2026-02-17,Rooftop Bar,Johnnie Walker Red,Whisky,11250,4696,4696,0,10483
2026-02-17,Rooftop Bar,Jose Cuervo,Tequila,11250,1425,1425,0,9825
2026-02-17,Rooftop Bar,Kingfisher Premium,Beer,0,0,12700,12700,0
2026-02-17,Rooftop Bar,Smirnoff Vodka,Vodka,0,0,3452,3452,0
2026-02-17,Sky Lounge,Bacardi White,Rum,0,3063,3063,0,1876
2026-02-17,Sky Lounge,Baileys,Liqueur,0,1202,1202,0,3351
2026-02-17,Sky Lounge,Bombay Sapphire,Gin,0,3248,3248,0,10019
2026-02-17,Sky Lounge,Heineken,Beer,9750,7332,7332,0,6612
2026-02-17,Sky Lounge,Hennessy,Brandy,0,933,933,0,1157
2026-02-17,Sky Lounge,Jack Daniel's,Whisky,0,2670,2670,0,599
2026-02-17,Sky Lounge,Johnnie Walker Red,Whisky,13500,4016,4016,0,9484
2026-02-17,Sky Lounge,Jose Cuervo,Tequila,0,1442,1442,0,14330
2026-02-17,Sky Lounge,Kingfisher Premium,Beer,8450,8982,13167,4185,0
2026-02-17,Sky Lounge,Smirnoff Vodka,Vodka,0,0,5819,5819,0
2026-02-18,Garden Bar,Bacardi White,Rum,0,2599,2619,20,0
2026-02-18,Garden Bar,Baileys,Liqueur,0,0,0,0,3305
2026-02-18,Garden Bar,Bombay Sapphire,Gin,0,1427,1427,0,6850
2026-02-18,Garden Bar,Heineken,Beer,0,3773,4426,653,0
2026-02-18,Garden Bar,Hennessy,Brandy,0,476,476,0,9242
2026-02-18,Garden Bar,Jack Daniel's,Whisky,0,1670,1670,0,8594
2026-02-18,Garden Bar,Johnnie Walker Red,Whisky,0,2726,2726,0,2349
2026-02-18,Garden Bar,Jose Cuervo,Tequila,0,0,959,959,0
2026-02-18,Garden Bar,Kingfisher Premium,Beer,0,0,6621,6621,0
2026-02-18,Garden Bar,Smirnoff Vodka,Vodka,0,2377,2377,0,3201
2026-02-18,Lobby Bar,Bacardi White,Rum,0,1121,2222,1101,654
2026-02-18,Lobby Bar,Baileys,Liqueur,0,756,756,0,6403
2026-02-18,Lobby Bar,Bombay Sapphire,Gin,0,1971,1971,0,2158
2026-02-18,Lobby Bar,Heineken,Beer,0,0,4571,4571,0
2026-02-18,Lobby Bar,Hennessy,Brandy,0,586,586,0,4321
2026-02-18,Lobby Bar,Jack Daniel's,Whisky,0,0,1603,1603,0
2026-02-18,Lobby Bar,Johnnie Walker Red,Whisky,10500,3355,3355,0,9369
2026-02-18,Lobby Bar,Jose Cuervo,Tequila,0,1018,1018,0,5126
2026-02-18,Lobby Bar,Kingfisher Premium,Beer,0,3945,6415,2470,0
2026-02-18,Lobby Bar,Smirnoff Vodka,Vodka,0,2650,2650,0,7285
2026-02-18,Pool Bar,Bacardi White,Rum,0,0,2683,2683,0
2026-02-18,Pool Bar,Baileys,Liqueur,0,800,800,0,5410
2026-02-18,Pool Bar,Bombay Sapphire,Gin,0,2064,2064,0,10015
2026-02-18,Pool Bar,Heineken,Beer,0,0,6221,6221,0
2026-02-18,Pool Bar,Hennessy,Brandy,0,696,696,0,156
2026-02-18,Pool Bar,Jack Daniel's,Whisky,0,1768,1768,0,3965
2026-02-18,Pool Bar,Johnnie Walker Red,Whisky,0,3451,3451,0,3310
2026-02-18,Pool Bar,Jose Cuervo,Tequila,0,1285,1285,0,2456
2026-02-18,Pool Bar,Kingfisher Premium,Beer,6500,9158,9158,0,3323
2026-02-18,Pool Bar,Smirnoff Vodka,Vodka,0,3604,3604,0,5865
2026-02-18,Rooftop Bar,Bacardi White,Rum,14250,3549,3549,0,12914
2026-02-18,Rooftop Bar,Baileys,Liqueur,0,982,982,0,8392
2026-02-18,Rooftop Bar,Bombay Sapphire,Gin,0,3036,3036,0,6533
2026-02-18,Rooftop Bar,Heineken,Beer,13000,8919,8919,0,10374
2026-02-18,Rooftop Bar,Hennessy,Brandy,0,1032,1032,0,12741
2026-02-18,Rooftop Bar,Jack Daniel's,Whisky,15750,2430,2430,0,13320
2026-02-18,Rooftop Bar,Johnnie Walker Red,Whisky,0,3940,3940,0,10141
2026-02-18,Rooftop Bar,Jose Cuervo,Tequila,0,1652,1652,0,8173
2026-02-18,Rooftop Bar,Kingfisher Premium,Beer,11700,11700,14169,2469,0
2026-02-18,Rooftop Bar,Smirnoff Vodka,Vodka,0,0,4197,4197,0
2026-02-18,Sky Lounge,Bacardi White,Rum,0,1876,4006,2130,0
2026-02-18,Sky Lounge,Baileys,Liqueur,0,0,0,0,3351
2026-02-18,Sky Lounge,Bombay Sapphire,Gin,0,3577,3577,0,3917
2026-02-18,Sky Lounge,Heineken,Beer,7800,10218,11034,816,9002
2026-02-18,Sky Lounge,Hennessy,Brandy,0,872,930,58,735
2026-02-18,Sky Lounge,Jack Daniel's,Whisky,0,68,2450,2382,0
2026-02-18,Sky Lounge,Johnnie Walker Red,Whisky,0,3860,3860,0,5624
2026-02-18,Sky Lounge,Jose Cuervo,Tequila,0,1893,1893,0,12437
2026-02-18,Sky Lounge,Kingfisher Premium,Beer,13650,12037,12037,0,1613
2026-02-18,Sky Lounge,Smirnoff Vodka,Vodka,15000,4911,4911,0,12024
2026-02-19,Garden Bar,Bacardi White,Rum,15750,2072,2072,0,14909
2026-02-19,Garden Bar,Baileys,Liqueur,0,0,0,0,3305
2026-02-19,Garden Bar,Bombay Sapphire,Gin,0,1827,1827,0,3634
2026-02-19,Garden Bar,Heineken,Beer,9100,4258,4258,0,6113
2026-02-19,Garden Bar,Hennessy,Brandy,0,549,549,0,8693
2026-02-19,Garden Bar,Jack Daniel's,Whisky,0,1735,1735,0,7717
2026-02-19,Garden Bar,Johnnie Walker Red,Whisky,14250,2041,2041,0,13849
2026-02-19,Garden Bar,Jose Cuervo,Tequila,14250,921,921,0,13329
2026-02-19,Garden Bar,Kingfisher Premium,Beer,0,0,5487,5487,0
2026-02-19,Garden Bar,Smirnoff Vodka,Vodka,0,1654,2503,849,753
2026-02-19,Lobby Bar,Bacardi White,Rum,0,0,2505,2505,0
2026-02-19,Lobby Bar,Baileys,Liqueur,0,692,692,0,5711
2026-02-19,Lobby Bar,Bombay Sapphire,Gin,11250,1613,1613,0,11795
2026-02-19,Lobby Bar,Heineken,Beer,0,0,6324,6324,0
2026-02-19,Lobby Bar,Hennessy,Brandy,0,0,0,0,3772
2026-02-19,Lobby Bar,Jack Daniel's,Whisky,0,0,1661,1661,0
2026-02-19,Lobby Bar,Johnnie Walker Red,Whisky,0,3140,3140,0,4005
2026-02-19,Lobby Bar,Jose Cuervo,Tequila,0,1310,1310,0,4122
2026-02-19,Lobby Bar,Kingfisher Premium,Beer,10400,9503,9503,0,897
2026-02-19,Lobby Bar,Smirnoff Vodka,Vodka,0,3096,3096,0,2513
2026-02-19,Pool Bar,Bacardi White,Rum,0,0,1347,1347,0
2026-02-19,Pool Bar,Baileys,Liqueur,0,1021,1021,0,4389
2026-02-19,Pool Bar,Bombay Sapphire,Gin,0,1809,1809,0,6731
2026-02-19,Pool Bar,Heineken,Beer,0,0,8094,8094,0
2026-02-19,Pool Bar,Hennessy,Brandy,8400,0,0,0,8556
2026-02-19,Pool Bar,Jack Daniel's,Whisky,0,2146,2146,0,3441
2026-02-19,Pool Bar,Johnnie Walker Red,Whisky,0,3310,4446,1136,0
2026-02-19,Pool Bar,Jose Cuervo,Tequila,0,1559,1559,0,897
2026-02-19,Pool Bar,Kingfisher Premium,Beer,0,841,6977,6136,0
2026-02-19,Pool Bar,Smirnoff Vodka,Vodka,15000,4586,4586,0,13699
2026-02-19,Rooftop Bar,Bacardi White,Rum,0,3498,3498,0,9416
2026-02-19,Rooftop Bar,Baileys,Liqueur,0,1554,1554,0,6044
2026-02-19,Rooftop Bar,Bombay Sapphire,Gin,0,2840,2840,0,4299
2026-02-19,Rooftop Bar,Heineken,Beer,0,4081,10234,6153,0
2026-02-19,Rooftop Bar,Hennessy,Brandy,0,886,886,0,11855
2026-02-19,Rooftop Bar,Jack Daniel's,Whisky,0,1533,1533,0,11787
2026-02-19,Rooftop Bar,Johnnie Walker Red,Whisky,0,5125,5125,0,3504
2026-02-19,Rooftop Bar,Jose Cuervo,Tequila,0,1760,1760,0,7621
2026-02-19,Rooftop Bar,Kingfisher Premium,Beer,0,0,14879,14879,0
2026-02-19,Rooftop Bar,Smirnoff Vodka,Vodka,0,0,5755,5755,0
2026-02-19,Sky Lounge,Bacardi White,Rum,0,0,4364,4364,0
2026-02-19,Sky Lounge,Baileys,Liqueur,0,1235,1235,0,2483
2026-02-19,Sky Lounge,Bombay Sapphire,Gin,0,3772,3772,0,145
2026-02-19,Sky Lounge,Heineken,Beer,0,0,11853,11853,0
2026-02-19,Sky Lounge,Hennessy,Brandy,7000,1001,1001,0,5999
2026-02-19,Sky Lounge,Jack Daniel's,Whisky,12750,2707,2707,0,11500
2026-02-19,Sky Lounge,Johnnie Walker Red,Whisky,8250,4228,4228,0,11731
2026-02-19,Sky Lounge,Jose Cuervo,Tequila,0,2490,2490,0,9947
2026-02-19,Sky Lounge,Kingfisher Premium,Beer,0,1613,16498,14885,0
2026-02-19,Sky Lounge,Smirnoff Vodka,Vodka,0,5177,5177,0,7861
2026-02-20,Garden Bar,Bacardi White,Rum,0,2850,2850,0,10828
2026-02-20,Garden Bar,Baileys,Liqueur,0,878,878,0,2427
2026-02-20,Garden Bar,Bombay Sapphire,Gin,0,2401,2401,0,1233
2026-02-20,Garden Bar,Heineken,Beer,0,4842,6133,1291,2092
2026-02-20,Garden Bar,Hennessy,Brandy,0,623,623,0,8070
2026-02-20,Garden Bar,Jack Daniel's,Whisky,0,1619,1619,0,5240
2026-02-20,Garden Bar,Johnnie Walker Red,Whisky,0,2653,2653,0,11196
2026-02-20,Garden Bar,Jose Cuervo,Tequila,0,1368,1368,0,11961
2026-02-20,Garden Bar,Kingfisher Premium,Beer,0,0,9361,9361,0
2026-02-20,Garden Bar,Smirnoff Vodka,Vodka,0,0,3650,3650,0
2026-02-20,Lobby Bar,Bacardi White,Rum,0,0,1980,1980,0
2026-02-20,Lobby Bar,Baileys,Liqueur,0,1248,1248,0,4928
2026-02-20,Lobby Bar,Bombay Sapphire,Gin,0,1703,1703,0,10092
2026-02-20,Lobby Bar,Heineken,Beer,11050,8133,8133,0,2917
2026-02-20,Lobby Bar,Hennessy,Brandy,0,842,842,0,2930
2026-02-20,Lobby Bar,Jack Daniel's,Whisky,13500,2289,2289,0,12674
2026-02-20,Lobby Bar,Johnnie Walker Red,Whisky,0,4005,4581,576,1868
2026-02-20,Lobby Bar,Jose Cuervo,Tequila,0,1366,1366,0,3478
2026-02-20,Lobby Bar,Kingfisher Premium,Beer,0,897,11359,10462,0
2026-02-20,Lobby Bar,Smirnoff Vodka,Vodka,0,2513,4313,1800,0
2026-02-20,Pool Bar,Bacardi White,Rum,13500,3876,3876,0,10686
2026-02-20,Pool Bar,Baileys,Liqueur,0,1033,1033,0,3356
2026-02-20,Pool Bar,Bombay Sapphire,Gin,0,2873,2873,0,3858
2026-02-20,Pool Bar,Heineken,Beer,0,0,9899,9899,0
2026-02-20,Pool Bar,Hennessy,Brandy,0,979,979,0,7653
2026-02-20,Pool Bar,Jack Daniel's,Whisky,0,1819,3260,1441,0
2026-02-20,Pool Bar,Johnnie Walker Red,Whisky,0,0,5337,5337,0
2026-02-20,Pool Bar,Jose Cuervo,Tequila,0,897,1861,964,643
2026-02-20,Pool Bar,Kingfisher Premium,Beer,0,0,11077,11077,0
2026-02-20,Pool Bar,Smirnoff Vodka,Vodka,0,5100,5100,0,12253
2026-02-20,Rooftop Bar,Bacardi White,Rum,0,5840,5840,0,3576
2026-02-20,Rooftop Bar,Baileys,Liqueur,0,1669,1669,0,4375
2026-02-20,Rooftop Bar,Bombay Sapphire,Gin,7500,4495,4495,0,8565
2026-02-20,Rooftop Bar,Heineken,Beer,5850,5850,11741,5891,0
2026-02-20,Rooftop Bar,Hennessy,Brandy,0,1416,1416,0,10439
2026-02-20,Rooftop Bar,Jack Daniel's,Whisky,0,2407,2407,0,9380
2026-02-20,Rooftop Bar,Johnnie Walker Red,Whisky,0,1418,4548,3130,0
2026-02-20,Rooftop Bar,Jose Cuervo,Tequila,0,3239,3239,0,3174
2026-02-20,Rooftop Bar,Kingfisher Premium,Beer,0,0,20685,20685,0
2026-02-20,Rooftop Bar,Smirnoff Vodka,Vodka,0,0,8475,8475,0
2026-02-20,Sky Lounge,Bacardi White,Rum,12000,4367,4367,0,7633
2026-02-20,Sky Lounge,Baileys,Liqueur,12000,1308,1308,0,12999
2026-02-20,Sky Lounge,Bombay Sapphire,Gin,0,145,4344,4199,0
2026-02-20,Sky Lounge,Heineken,Beer,12350,12350,19043,6693,0
2026-02-20,Sky Lounge,Hennessy,Brandy,0,1403,1403,0,4596
2026-02-20,Sky Lounge,Jack Daniel's,Whisky,0,3259,3259,0,6784
2026-02-20,Sky Lounge,Johnnie Walker Red,Whisky,0,5253,5253,0,4393
2026-02-20,Sky Lounge,Jose Cuervo,Tequila,0,2893,2893,0,8454
2026-02-20,Sky Lounge,Kingfisher Premium,Beer,0,0,22064,22064,0
2026-02-20,Sky Lounge,Smirnoff Vodka,Vodka,0,4912,9654,4742,3766
2026-02-21,Garden Bar,Bacardi White,Rum,0,2925,2925,0,7903
2026-02-21,Garden Bar,Baileys,Liqueur,0,749,749,0,2235
2026-02-21,Garden Bar,Bombay Sapphire,Gin,0,1233,2600,1367,0
2026-02-21,Garden Bar,Heineken,Beer,0,0,9161,9161,0
2026-02-21,Garden Bar,Hennessy,Brandy,0,862,862,0,7347
2026-02-21,Garden Bar,Jack Daniel's,Whisky,0,2892,2892,0,2348
2026-02-21,Garden Bar,Johnnie Walker Red,Whisky,0,2996,2996,0,8635
2026-02-21,Garden Bar,Jose Cuervo,Tequila,0,1145,1145,0,11021
2026-02-21,Garden Bar,Kingfisher Premium,Beer,0,0,11921,11921,0
2026-02-21,Garden Bar,Smirnoff Vodka,Vodka,0,0,5194,5194,0
2026-02-21,Lobby Bar,Bacardi White,Rum,11250,3676,3676,0,7574
2026-02-21,Lobby Bar,Baileys,Liqueur,0,1069,1069,0,3394
2026-02-21,Lobby Bar,Bombay Sapphire,Gin,0,3147,3147,0,6945
2026-02-21,Lobby Bar,Heineken,Beer,0,2917,9381,6464,0
2026-02-21,Lobby Bar,Hennessy,Brandy,0,801,801,0,2129
2026-02-21,Lobby Bar,Jack Daniel's,Whisky,0,2658,2658,0,8553
2026-02-21,Lobby Bar,Johnnie Walker Red,Whisky,0,0,5426,5426,0
2026-02-21,Lobby Bar,Jose Cuervo,Tequila,0,1966,1966,0,1583
2026-02-21,Lobby Bar,Kingfisher Premium,Beer,0,0,14991,14991,0
2026-02-21,Lobby Bar,Smirnoff Vodka,Vodka,8250,4211,4211,0,4039
2026-02-21,Pool Bar,Bacardi White,Rum,0,4497,4497,0,5127
2026-02-21,Pool Bar,Baileys,Liqueur,0,1772,1772,0,1584
2026-02-21,Pool Bar,Bombay Sapphire,Gin,0,3858,4339,481,499
2026-02-21,Pool Bar,Heineken,Beer,0,0,12722,12722,0
2026-02-21,Pool Bar,Hennessy,Brandy,0,1327,1327,0,6250
2026-02-21,Pool Bar,Jack Daniel's,Whisky,0,0,3849,3849,0
2026-02-21,Pool Bar,Johnnie Walker Red,Whisky,0,0,6333,6333,0
2026-02-21,Pool Bar,Jose Cuervo,Tequila,0,0,2610,2610,0
2026-02-21,Pool Bar,Kingfisher Premium,Beer,0,0,15614,15614,0
2026-02-21,Pool Bar,Smirnoff Vodka,Vodka,0,5716,5716,0,2883
2026-02-21,Rooftop Bar,Bacardi White,Rum,0,3576,5561,1985,0
2026-02-21,Rooftop Bar,Baileys,Liqueur,0,1852,1852,0,2523
2026-02-21,Rooftop Bar,Bombay Sapphire,Gin,15750,3636,3636,0,18812
2026-02-21,Rooftop Bar,Heineken,Beer,0,0,13284,13284,0
2026-02-21,Rooftop Bar,Hennessy,Brandy,0,1287,1287,0,9189
2026-02-21,Rooftop Bar,Jack Daniel's,Whisky,0,4185,4185,0,5195
2026-02-21,Rooftop Bar,Johnnie Walker Red,Whisky,0,0,7138,7138,0
2026-02-21,Rooftop Bar,Jose Cuervo,Tequila,0,2221,2221,0,953
2026-02-21,Rooftop Bar,Kingfisher Premium,Beer,0,0,20084,20084,0
2026-02-21,Rooftop Bar,Smirnoff Vodka,Vodka,0,0,9346,9346,0
2026-02-21,Sky Lounge,Bacardi White,Rum,0,6817,6817,0,816
2026-02-21,Sky Lounge,Baileys,Liqueur,0,1842,1842,0,10966
2026-02-21,Sky Lounge,Bombay Sapphire,Gin,0,0,5776,5776,0
2026-02-21,Sky Lounge,Heineken,Beer,8450,8450,15982,7532,0
2026-02-21,Sky Lounge,Hennessy,Brandy,0,1444,1444,0,3152
2026-02-21,Sky Lounge,Jack Daniel's,Whisky,0,4980,4980,0,1804
2026-02-21,Sky Lounge,Johnnie Walker Red,Whisky,14250,5318,5318,0,16703
2026-02-21,Sky Lounge,Jose Cuervo,Tequila,0,2942,2942,0,6457
2026-02-21,Sky Lounge,Kingfisher Premium,Beer,0,0,27592,27592,0
2026-02-21,Sky Lounge,Smirnoff Vodka,Vodka,12750,8731,8731,0,4019
2026-02-22,Garden Bar,Bacardi White,Rum,0,2063,2063,0,5840
2026-02-22,Garden Bar,Baileys,Liqueur,0,678,678,0,1000
2026-02-22,Garden Bar,Bombay Sapphire,Gin,0,0,1517,1517,0
2026-02-22,Garden Bar,Heineken,Beer,0,0,5981,5981,0
2026-02-22,Garden Bar,Hennessy,Brandy,0,550,550,0,6658
2026-02-22,Garden Bar,Jack Daniel's,Whisky,0,1911,1911,0,1556
2026-02-22,Garden Bar,Johnnie Walker Red,Whisky,0,2601,2601,0,5599
2026-02-22,Garden Bar,Jose Cuervo,Tequila,0,1141,1141,0,9675
2026-02-22,Garden Bar,Kingfisher Premium,Beer,0,0,6570,6570,0
2026-02-22,Garden Bar,Smirnoff Vodka,Vodka,0,0,3571,3571,0
2026-02-22,Lobby Bar,Bacardi White,Rum,0,2478,2478,0,5096
2026-02-22,Lobby Bar,Baileys,Liqueur,0,853,853,0,3013
2026-02-22,Lobby Bar,Bombay Sapphire,Gin,0,2572,2572,0,5669
2026-02-22,Lobby Bar,Heineken,Beer,0,0,6946,6946,0
2026-02-22,Lobby Bar,Hennessy,Brandy,0,657,657,0,1653
2026-02-22,Lobby Bar,Jack Daniel's,Whisky,0,1907,1907,0,6646
2026-02-22,Lobby Bar,Johnnie Walker Red,Whisky,0,0,3604,3604,0
2026-02-22,Lobby Bar,Jose Cuervo,Tequila,0,484,1276,792,0
2026-02-22,Lobby Bar,Kingfisher Premium,Beer,0,0,8971,8971,0
2026-02-22,Lobby Bar,Smirnoff Vodka,Vodka,9750,3986,3986,0,9803
2026-02-22,Pool Bar,Bacardi White,Rum,0,3917,3917,0,3165
2026-02-22,Pool Bar,Baileys,Liqueur,0,991,991,0,1407
2026-02-22,Pool Bar,Bombay Sapphire,Gin,10500,2081,2081,0,8419
2026-02-22,Pool Bar,Heineken,Beer,0,0,7813,7813,0
2026-02-22,Pool Bar,Hennessy,Brandy,0,0,0,0,6250
2026-02-22,Pool Bar,Jack Daniel's,Whisky,0,0,1847,1847,0
2026-02-22,Pool Bar,Johnnie Walker Red,Whisky,12000,4082,4082,0,8930
2026-02-22,Pool Bar,Jose Cuervo,Tequila,0,0,1666,1666,0
2026-02-22,Pool Bar,Kingfisher Premium,Beer,0,0,7290,7290,0
2026-02-22,Pool Bar,Smirnoff Vodka,Vodka,0,2883,3479,596,0
2026-02-22,Rooftop Bar,Bacardi White,Rum,0,0,3673,3673,0
2026-02-22,Rooftop Bar,Baileys,Liqueur,0,1582,1582,0,1113
2026-02-22,Rooftop Bar,Bombay Sapphire,Gin,0,3039,3039,0,15773
2026-02-22,Rooftop Bar,Heineken,Beer,13650,12290,12290,0,11288
2026-02-22,Rooftop Bar,Hennessy,Brandy,0,1037,1037,0,8910
2026-02-22,Rooftop Bar,Jack Daniel's,Whisky,0,3052,3052,0,2710
2026-02-22,Rooftop Bar,Johnnie Walker Red,Whisky,0,0,7502,7502,0
2026-02-22,Rooftop Bar,Jose Cuervo,Tequila,0,953,2259,1306,0
2026-02-22,Rooftop Bar,Kingfisher Premium,Beer,0,0,14531,14531,0
2026-02-22,Rooftop Bar,Smirnoff Vodka,Vodka,9000,7280,7280,0,1720
2026-02-22,Sky Lounge,Bacardi White,Rum,0,816,4642,3826,0
2026-02-22,Sky Lounge,Baileys,Liqueur,0,1789,1789,0,10196
2026-02-22,Sky Lounge,Bombay Sapphire,Gin,0,0,3249,3249,0
2026-02-22,Sky Lounge,Heineken,Beer,0,0,11148,11148,0
2026-02-22,Sky Lounge,Hennessy,Brandy,0,1306,1306,0,1982
2026-02-22,Sky Lounge,Jack Daniel's,Whisky,0,1804,2540,736,376
2026-02-22,Sky Lounge,Johnnie Walker Red,Whisky,0,5256,5256,0,8069
2026-02-22,Sky Lounge,Jose Cuervo,Tequila,0,2244,2244,0,2942
2026-02-22,Sky Lounge,Kingfisher Premium,Beer,0,0,13976,13976,0
2026-02-22,Sky Lounge,Smirnoff Vodka,Vodka,8250,6763,6763,0,5506
2026-02-23,Garden Bar,Bacardi White,Rum,0,1907,1907,0,3933
2026-02-23,Garden Bar,Baileys,Liqueur,0,545,545,0,969
2026-02-23,Garden Bar,Bombay Sapphire,Gin,0,0,1416,1416,0
2026-02-23,Garden Bar,Heineken,Beer,0,0,4511,4511,0
2026-02-23,Garden Bar,Hennessy,Brandy,0,0,0,0,6658
2026-02-23,Garden Bar,Jack Daniel's,Whisky,12750,1267,1267,0,11920
2026-02-23,Garden Bar,Johnnie Walker Red,Whisky,0,1939,1939,0,4815
2026-02-23,Garden Bar,Jose Cuervo,Tequila,0,1124,1124,0,8984
2026-02-23,Garden Bar,Kingfisher Premium,Beer,0,0,8217,8217,0
2026-02-23,Garden Bar,Smirnoff Vodka,Vodka,0,0,3335,3335,0
2026-02-23,Lobby Bar,Bacardi White,Rum,0,2199,2199,0,2897
2026-02-23,Lobby Bar,Baileys,Liqueur,0,435,435,0,2425
2026-02-23,Lobby Bar,Bombay Sapphire,Gin,0,1676,1676,0,2697
2026-02-23,Lobby Bar,Heineken,Beer,0,0,3166,3166,0
2026-02-23,Lobby Bar,Hennessy,Brandy,0,542,542,0,1094
2026-02-23,Lobby Bar,Jack Daniel's,Whisky,0,1218,1218,0,6338
2026-02-23,Lobby Bar,Johnnie Walker Red,Whisky,0,0,2509,2509,0
2026-02-23,Lobby Bar,Jose Cuervo,Tequila,0,0,961,961,0
2026-02-23,Lobby Bar,Kingfisher Premium,Beer,0,0,7326,7326,0
2026-02-23,Lobby Bar,Smirnoff Vodka,Vodka,0,2695,2695,0,7108
2026-02-23,Pool Bar,Bacardi White,Rum,6750,1775,1775,0,6378
2026-02-23,Pool Bar,Baileys,Liqueur,15000,631,631,0,14962
2026-02-23,Pool Bar,Bombay Sapphire,Gin,0,1925,1925,0,6494
2026-02-23,Pool Bar,Heineken,Beer,9100,6582,6582,0,5274
2026-02-23,Pool Bar,Hennessy,Brandy,0,546,546,0,5704
2026-02-23,Pool Bar,Jack Daniel's,Whisky,0,0,1516,1516,0
2026-02-23,Pool Bar,Johnnie Walker Red,Whisky,0,3276,3276,0,5692
2026-02-23,Pool Bar,Jose Cuervo,Tequila,6750,1234,1234,0,5516
2026-02-23,Pool Bar,Kingfisher Premium,Beer,5850,5850,10735,4885,0
2026-02-23,Pool Bar,Smirnoff Vodka,Vodka,12750,3316,3316,0,9434
2026-02-23,Rooftop Bar,Bacardi White,Rum,0,0,3318,3318,0
2026-02-23,Rooftop Bar,Baileys,Liqueur,0,775,775,0,612
2026-02-23,Rooftop Bar,Bombay Sapphire,Gin,0,2624,2624,0,13149
2026-02-23,Rooftop Bar,Heineken,Beer,5850,7059,7059,0,151
2026-02-23,Rooftop Bar,Hennessy,Brandy,0,714,714,0,7401
2026-02-23,Rooftop Bar,Jack Daniel's,Whisky,0,2143,2467,324,0
2026-02-23,Rooftop Bar,Johnnie Walker Red,Whisky,0,0,4112,4112,0
2026-02-23,Rooftop Bar,Jose Cuervo,Tequila,0,0,1400,1400,0
2026-02-23,Rooftop Bar,Kingfisher Premium,Beer,0,0,12454,12454,0
2026-02-23,Rooftop Bar,Smirnoff Vodka,Vodka,0,1720,5091,3371,630
2026-02-23,Sky Lounge,Bacardi White,Rum,0,0,4087,4087,0
2026-02-23,Sky Lounge,Baileys,Liqueur,0,1030,1030,0,8147
2026-02-23,Sky Lounge,Bombay Sapphire,Gin,15000,3223,3223,0,11777
2026-02-23,Sky Lounge,Heineken,Beer,6500,6500,7724,1224,0
2026-02-23,Sky Lounge,Hennessy,Brandy,0,772,772,0,1074
2026-02-23,Sky Lounge,Jack Daniel's,Whisky,13500,2463,2463,0,11037
2026-02-23,Sky Lounge,Johnnie Walker Red,Whisky,0,4145,4145,0,7257
2026-02-23,Sky Lounge,Jose Cuervo,Tequila,15000,1952,1952,0,15506
2026-02-23,Sky Lounge,Kingfisher Premium,Beer,0,0,9911,9911,0
2026-02-23,Sky Lounge,Smirnoff Vodka,Vodka,11250,5078,5078,0,11678
2026-02-24,Garden Bar,Bacardi White,Rum,0,1930,1930,0,2003
2026-02-24,Garden Bar,Baileys,Liqueur,0,455,541,86,0
2026-02-24,Garden Bar,Bombay Sapphire,Gin,12000,992,992,0,11008
2026-02-24,Garden Bar,Heineken,Beer,0,0,6581,6581,0
2026-02-24,Garden Bar,Hennessy,Brandy,0,380,380,0,6278
2026-02-24,Garden Bar,Jack Daniel's,Whisky,0,1113,1113,0,10951
2026-02-24,Garden Bar,Johnnie Walker Red,Whisky,0,2222,2222,0,1438
2026-02-24,Garden Bar,Jose Cuervo,Tequila,0,953,953,0,8437
2026-02-24,Garden Bar,Kingfisher Premium,Beer,10400,6621,6621,0,4206
2026-02-24,Garden Bar,Smirnoff Vodka,Vodka,0,0,3046,3046,0
2026-02-24,Lobby Bar,Bacardi White,Rum,0,2111,2111,0,786
2026-02-24,Lobby Bar,Baileys,Liqueur,0,613,613,0,1601
2026-02-24,Lobby Bar,Bombay Sapphire,Gin,0,1914,1914,0,783
2026-02-24,Lobby Bar,Heineken,Beer,0,0,5968,5968,0
2026-02-24,Lobby Bar,Hennessy,Brandy,0,634,634,0,296
2026-02-24,Lobby Bar,Jack Daniel's,Whisky,0,1669,1669,0,4635
2026-02-24,Lobby Bar,Johnnie Walker Red,Whisky,0,0,2823,2823,0
2026-02-24,Lobby Bar,Jose Cuervo,Tequila,0,0,1173,1173,0
2026-02-24,Lobby Bar,Kingfisher Premium,Beer,0,0,6824,6824,0
2026-02-24,Lobby Bar,Smirnoff Vodka,Vodka,0,2478,2478,0,7067
2026-02-24,Pool Bar,Bacardi White,Rum,0,2570,2570,0,4153
2026-02-24,Pool Bar,Baileys,Liqueur,0,0,0,0,14962
2026-02-24,Pool Bar,Bombay Sapphire,Gin,0,2400,2400,0,4094
2026-02-24,Pool Bar,Heineken,Beer,8450,5848,5848,0,5120
2026-02-24,Pool Bar,Hennessy,Brandy,0,695,695,0,5307
2026-02-24,Pool Bar,Jack Daniel's,Whisky,0,0,1551,1551,0
2026-02-24,Pool Bar,Johnnie Walker Red,Whisky,11250,2900,2900,0,13967
2026-02-24,Pool Bar,Jose Cuervo,Tequila,0,1303,1303,0,4213
2026-02-24,Pool Bar,Kingfisher Premium,Beer,8450,7094,7094,0,1356
2026-02-24,Pool Bar,Smirnoff Vodka,Vodka,0,3067,3067,0,6367
2026-02-24,Rooftop Bar,Bacardi White,Rum,6000,3465,3465,0,5507
2026-02-24,Rooftop Bar,Baileys,Liqueur,0,166,851,685,0
2026-02-24,Rooftop Bar,Bombay Sapphire,Gin,0,2465,2465,0,12012
2026-02-24,Rooftop Bar,Heineken,Beer,13650,5930,5930,0,8718
2026-02-24,Rooftop Bar,Hennessy,Brandy,0,710,710,0,6691
2026-02-24,Rooftop Bar,Jack Daniel's,Whisky,13500,2578,2578,0,10922
2026-02-24,Rooftop Bar,Johnnie Walker Red,Whisky,0,0,3344,3344,0
2026-02-24,Rooftop Bar,Jose Cuervo,Tequila,0,0,1900,1900,0
2026-02-24,Rooftop Bar,Kingfisher Premium,Beer,9100,9100,11566,2466,0
2026-02-24,Rooftop Bar,Smirnoff Vodka,Vodka,8250,4309,4309,0,3941
2026-02-24,Sky Lounge,Bacardi White,Rum,0,0,3355,3355,0
2026-02-24,Sky Lounge,Baileys,Liqueur,0,1063,1063,0,7084
2026-02-24,Sky Lounge,Bombay Sapphire,Gin,0,4379,4379,0,7398
2026-02-24,Sky Lounge,Heineken,Beer,0,0,9098,9098,0
2026-02-24,Sky Lounge,Hennessy,Brandy,0,833,833,0,724
2026-02-24,Sky Lounge,Jack Daniel's,Whisky,0,3043,3043,0,8609
2026-02-24,Sky Lounge,Johnnie Walker Red,Whisky,7500,3321,3321,0,8103
2026-02-24,Sky Lounge,Jose Cuervo,Tequila,0,1363,1363,0,13553
2026-02-24,Sky Lounge,Kingfisher Premium,Beer,5850,5850,12806,6956,0
2026-02-24,Sky Lounge,Smirnoff Vodka,Vodka,0,4817,4817,0,8646
2026-02-25,Garden Bar,Bacardi White,Rum,11250,2053,2053,0,11200
2026-02-25,Garden Bar,Baileys,Liqueur,0,0,435,435,0
2026-02-25,Garden Bar,Bombay Sapphire,Gin,0,1733,1733,0,9275
2026-02-25,Garden Bar,Heineken,Beer,0,0,5181,5181,0
2026-02-25,Garden Bar,Hennessy,Brandy,0,527,527,0,5751
2026-02-25,Garden Bar,Jack Daniel's,Whisky,0,1295,1295,0,10441
2026-02-25,Garden Bar,Johnnie Walker Red,Whisky,0,1438,2164,726,0
2026-02-25,Garden Bar,Jose Cuervo,Tequila,0,1048,1048,0,7149
2026-02-25,Garden Bar,Kingfisher Premium,Beer,0,3779,7810,4031,0
2026-02-25,Garden Bar,Smirnoff Vodka,Vodka,6750,1992,1992,0,6548
2026-02-25,Lobby Bar,Bacardi White,Rum,0,786,1696,910,0
2026-02-25,Lobby Bar,Baileys,Liqueur,0,706,706,0,787
2026-02-25,Lobby Bar,Bombay Sapphire,Gin,0,783,1824,1041,0
2026-02-25,Lobby Bar,Heineken,Beer,13000,6326,6326,0,6674
2026-02-25,Lobby Bar,Hennessy,Brandy,6300,420,420,0,6382
2026-02-25,Lobby Bar,Jack Daniel's,Whisky,0,1711,1711,0,3292
2026-02-25,Lobby Bar,Johnnie Walker Red,Whisky,14250,1584,1584,0,13955
2026-02-25,Lobby Bar,Jose Cuervo,Tequila,0,0,1027,1027,0
2026-02-25,Lobby Bar,Kingfisher Premium,Beer,13000,7324,7324,0,5676
2026-02-25,Lobby Bar,Smirnoff Vodka,Vodka,8250,3332,3332,0,9548
2026-02-25,Pool Bar,Bacardi White,Rum,0,2371,2371,0,1980
2026-02-25,Pool Bar,Baileys,Liqueur,0,734,734,0,14228
2026-02-25,Pool Bar,Bombay Sapphire,Gin,0,1649,1649,0,2445
2026-02-25,Pool Bar,Heineken,Beer,11700,7495,7495,0,16257
2026-02-25,Pool Bar,Hennessy,Brandy,0,683,683,0,4326
2026-02-25,Pool Bar,Jack Daniel's,Whisky,0,0,1488,1488,0
2026-02-25,Pool Bar,Johnnie Walker Red,Whisky,0,3726,3726,0,11584
2026-02-25,Pool Bar,Jose Cuervo,Tequila,0,1260,1260,0,2953
2026-02-25,Pool Bar,Kingfisher Premium,Beer,10400,8352,8352,0,6522
2026-02-25,Pool Bar,Smirnoff Vodka,Vodka,0,3747,3747,0,5092
2026-02-25,Rooftop Bar,Bacardi White,Rum,0,2535,3557,1022,0
2026-02-25,Rooftop Bar,Baileys,Liqueur,15000,1262,1262,0,13738
2026-02-25,Rooftop Bar,Bombay Sapphire,Gin,0,1945,1945,0,8845
2026-02-25,Rooftop Bar,Heineken,Beer,8450,10282,10282,0,14561
2026-02-25,Rooftop Bar,Hennessy,Brandy,0,1042,1042,0,5649
2026-02-25,Rooftop Bar,Jack Daniel's,Whisky,0,2615,2615,0,8307
2026-02-25,Rooftop Bar,Johnnie Walker Red,Whisky,0,0,4753,4753,0
2026-02-25,Rooftop Bar,Jose Cuervo,Tequila,6750,1749,1749,0,5001
2026-02-25,Rooftop Bar,Kingfisher Premium,Beer,0,0,10737,10737,0
2026-02-25,Rooftop Bar,Smirnoff Vodka,Vodka,0,3941,4425,484,2968
2026-02-25,Sky Lounge,Bacardi White,Rum,14250,3942,3942,0,10308
2026-02-25,Sky Lounge,Baileys,Liqueur,0,999,999,0,6085
2026-02-25,Sky Lounge,Bombay Sapphire,Gin,0,3642,3642,0,3756
2026-02-25,Sky Lounge,Heineken,Beer,0,0,10754,10754,0
2026-02-25,Sky Lounge,Hennessy,Brandy,0,241,1022,781,0
2026-02-25,Sky Lounge,Jack Daniel's,Whisky,0,2891,2891,0,5103
2026-02-25,Sky Lounge,Johnnie Walker Red,Whisky,0,6180,6180,0,7652
2026-02-25,Sky Lounge,Jose Cuervo,Tequila,0,1952,1952,0,11601
2026-02-25,Sky Lounge,Kingfisher Premium,Beer,0,0,10680,10680,0
2026-02-25,Sky Lounge,Smirnoff Vodka,Vodka,0,5674,5674,0,1187
2026-02-26,Garden Bar,Bacardi White,Rum,0,2211,2211,0,9592
2026-02-26,Garden Bar,Baileys,Liqueur,0,0,781,781,0
2026-02-26,Garden Bar,Bombay Sapphire,Gin,0,2025,2025,0,7250
2026-02-26,Garden Bar,Heineken,Beer,0,0,4904,4904,0
2026-02-26,Garden Bar,Hennessy,Brandy,0,668,668,0,5083
2026-02-26,Garden Bar,Jack Daniel's,Whisky,0,1203,1203,0,8600
2026-02-26,Garden Bar,Johnnie Walker Red,Whisky,0,0,1986,1986,0
2026-02-26,Garden Bar,Jose Cuervo,Tequila,0,1262,1262,0,5288
2026-02-26,Garden Bar,Kingfisher Premium,Beer,9750,9750,9854,104,2080
2026-02-26,Garden Bar,Smirnoff Vodka,Vodka,0,3062,3062,0,1696
2026-02-26,Lobby Bar,Bacardi White,Rum,0,0,2668,2668,0
2026-02-26,Lobby Bar,Baileys,Liqueur,0,774,774,0,13
2026-02-26,Lobby Bar,Bombay Sapphire,Gin,0,0,2274,2274,0
2026-02-26,Lobby Bar,Heineken,Beer,0,5536,5536,0,1138
2026-02-26,Lobby Bar,Hennessy,Brandy,0,703,703,0,5488
2026-02-26,Lobby Bar,Jack Daniel's,Whisky,0,1789,1789,0,259
2026-02-26,Lobby Bar,Johnnie Walker Red,Whisky,0,3569,3569,0,9097
2026-02-26,Lobby Bar,Jose Cuervo,Tequila,7500,1173,1173,0,6327
2026-02-26,Lobby Bar,Kingfisher Premium,Beer,6500,7195,7195,0,4981
2026-02-26,Lobby Bar,Smirnoff Vodka,Vodka,0,3092,3092,0,7279
2026-02-26,Pool Bar,Bacardi White,Rum,0,1244,3126,1882,0
2026-02-26,Pool Bar,Baileys,Liqueur,0,779,779,0,13449
2026-02-26,Pool Bar,Bombay Sapphire,Gin,0,2445,2513,68,1694
2026-02-26,Pool Bar,Heineken,Beer,0,6397,6397,0,2928
2026-02-26,Pool Bar,Hennessy,Brandy,0,0,0,0,4326
2026-02-26,Pool Bar,Jack Daniel's,Whisky,12750,2470,2470,0,10280
2026-02-26,Pool Bar,Johnnie Walker Red,Whisky,0,3685,3685,0,5581
2026-02-26,Pool Bar,Jose Cuervo,Tequila,0,1477,1477,0,2539
2026-02-26,Pool Bar,Kingfisher Premium,Beer,0,3404,12052,8648,523
2026-02-26,Pool Bar,Smirnoff Vodka,Vodka,0,2620,3711,1091,244
2026-02-26,Rooftop Bar,Bacardi White,Rum,15750,2786,2786,0,12964
2026-02-26,Rooftop Bar,Baileys,Liqueur,0,0,0,0,13738
2026-02-26,Rooftop Bar,Bombay Sapphire,Gin,0,3888,3888,0,7655
2026-02-26,Rooftop Bar,Heineken,Beer,0,6039,8150,2111,0
2026-02-26,Rooftop Bar,Hennessy,Brandy,0,941,941,0,5298
2026-02-26,Rooftop Bar,Jack Daniel's,Whisky,0,2584,2584,0,5723
2026-02-26,Rooftop Bar,Johnnie Walker Red,Whisky,0,0,5772,5772,0
2026-02-26,Rooftop Bar,Jose Cuervo,Tequila,0,1922,1922,0,3079
2026-02-26,Rooftop Bar,Kingfisher Premium,Beer,11700,11700,12484,784,0
2026-02-26,Rooftop Bar,Smirnoff Vodka,Vodka,15000,4681,4681,0,14128
2026-02-26,Sky Lounge,Bacardi White,Rum,0,3807,3807,0,9070
2026-02-26,Sky Lounge,Baileys,Liqueur,0,0,0,0,6085
2026-02-26,Sky Lounge,Bombay Sapphire,Gin,0,3756,4478,722,3127
2026-02-26,Sky Lounge,Heineken,Beer,0,0,11743,11743,0
2026-02-26,Sky Lounge,Hennessy,Brandy,0,0,963,963,0
2026-02-26,Sky Lounge,Jack Daniel's,Whisky,0,2295,2295,0,2808
2026-02-26,Sky Lounge,Johnnie Walker Red,Whisky,0,1923,5750,3827,0
2026-02-26,Sky Lounge,Jose Cuervo,Tequila,0,1906,1906,0,10518
2026-02-26,Sky Lounge,Kingfisher Premium,Beer,11050,11050,19513,8463,0
2026-02-26,Sky Lounge,Smirnoff Vodka,Vodka,0,1187,4739,3552,0
2026-02-27,Garden Bar,Bacardi White,Rum,0,3565,3565,0,5424
2026-02-27,Garden Bar,Baileys,Liqueur,0,0,809,809,0
2026-02-27,Garden Bar,Bombay Sapphire,Gin,0,1801,1801,0,5449
2026-02-27,Garden Bar,Heineken,Beer,11700,8109,8109,0,9396
2026-02-27,Garden Bar,Hennessy,Brandy,0,0,0,0,5083
2026-02-27,Garden Bar,Jack Daniel's,Whisky,0,2143,2143,0,6166
2026-02-27,Garden Bar,Johnnie Walker Red,Whisky,12000,3090,3090,0,11609
2026-02-27,Garden Bar,Jose Cuervo,Tequila,0,1909,1909,0,5059
2026-02-27,Garden Bar,Kingfisher Premium,Beer,11050,11050,11100,50,3136
2026-02-27,Garden Bar,Smirnoff Vodka,Vodka,0,1696,4458,2762,0
2026-02-27,Lobby Bar,Bacardi White,Rum,0,0,3501,3501,0
2026-02-27,Lobby Bar,Baileys,Liqueur,0,13,873,860,0
2026-02-27,Lobby Bar,Bombay Sapphire,Gin,8250,2426,2426,0,5824
2026-02-27,Lobby Bar,Heineken,Beer,10400,9960,9960,0,1578
2026-02-27,Lobby Bar,Hennessy,Brandy,0,848,848,0,4625
2026-02-27,Lobby Bar,Jack Daniel's,Whisky,15750,2137,2137,0,14503
2026-02-27,Lobby Bar,Johnnie Walker Red,Whisky,0,3909,3909,0,5188
2026-02-27,Lobby Bar,Jose Cuervo,Tequila,0,1700,1700,0,5693
2026-02-27,Lobby Bar,Kingfisher Premium,Beer,5200,9435,9435,0,746
2026-02-27,Lobby Bar,Smirnoff Vodka,Vodka,15750,5248,5248,0,19881
2026-02-27,Pool Bar,Bacardi White,Rum,15000,3961,3961,0,11039
2026-02-27,Pool Bar,Baileys,Liqueur,0,1749,1749,0,12446
2026-02-27,Pool Bar,Bombay Sapphire,Gin,12750,3964,3964,0,9746
2026-02-27,Pool Bar,Heineken,Beer,0,2928,8945,6017,0
2026-02-27,Pool Bar,Hennessy,Brandy,0,806,806,0,3520
2026-02-27,Pool Bar,Jack Daniel's,Whisky,0,2698,2698,0,7582
2026-02-27,Pool Bar,Johnnie Walker Red,Whisky,12000,3821,3821,0,13760
2026-02-27,Pool Bar,Jose Cuervo,Tequila,0,1476,2317,841,0
2026-02-27,Pool Bar,Kingfisher Premium,Beer,13000,13000,14136,1136,3121
2026-02-27,Pool Bar,Smirnoff Vodka,Vodka,0,0,4977,4977,0
2026-02-27,Rooftop Bar,Bacardi White,Rum,0,5384,5384,0,7580
2026-02-27,Rooftop Bar,Baileys,Liqueur,0,1913,1913,0,11825
2026-02-27,Rooftop Bar,Bombay Sapphire,Gin,12750,4491,4491,0,13110
2026-02-27,Rooftop Bar,Heineken,Beer,13650,13650,14045,395,0
2026-02-27,Rooftop Bar,Hennessy,Brandy,0,1155,1155,0,3553
2026-02-27,Rooftop Bar,Jack Daniel's,Whisky,0,4159,4159,0,4765
2026-02-27,Rooftop Bar,Johnnie Walker Red,Whisky,0,0,6915,6915,0
2026-02-27,Rooftop Bar,Jose Cuervo,Tequila,0,2203,2203,0,876
2026-02-27,Rooftop Bar,Kingfisher Premium,Beer,0,0,17783,17783,0
2026-02-27,Rooftop Bar,Smirnoff Vodka,Vodka,11250,6439,6439,0,18212
2026-02-27,Sky Lounge,Bacardi White,Rum,0,4771,4771,0,1730
2026-02-27,Sky Lounge,Baileys,Liqueur,0,1584,1584,0,5713
2026-02-27,Sky Lounge,Bombay Sapphire,Gin,9000,4813,4813,0,4187
2026-02-27,Sky Lounge,Heineken,Beer,0,0,11863,11863,0
2026-02-27,Sky Lounge,Hennessy,Brandy,9100,1211,1211,0,7889
2026-02-27,Sky Lounge,Jack Daniel's,Whisky,0,2808,3301,493,0
2026-02-27,Sky Lounge,Johnnie Walker Red,Whisky,0,0,6648,6648,0
2026-02-27,Sky Lounge,Jose Cuervo,Tequila,0,2940,2940,0,7298
2026-02-27,Sky Lounge,Kingfisher Premium,Beer,0,0,22161,22161,0
2026-02-27,Sky Lounge,Smirnoff Vodka,Vodka,0,0,6184,6184,0
2026-02-28,Garden Bar,Bacardi White,Rum,0,3245,3245,0,2179
2026-02-28,Garden Bar,Baileys,Liqueur,7500,1035,1035,0,6960
2026-02-28,Garden Bar,Bombay Sapphire,Gin,0,3138,3138,0,2311
2026-02-28,Garden Bar,Heineken,Beer,7800,9935,9935,0,5016
2026-02-28,Garden Bar,Hennessy,Brandy,0,648,648,0,4435
2026-02-28,Garden Bar,Jack Daniel's,Whisky,0,2147,2147,0,5727
2026-02-28,Garden Bar,Johnnie Walker Red,Whisky,0,3752,3752,0,5158
2026-02-28,Garden Bar,Jose Cuervo,Tequila,0,1643,1643,0,1736
2026-02-28,Garden Bar,Kingfisher Premium,Beer,0,0,10297,10297,0
2026-02-28,Garden Bar,Smirnoff Vodka,Vodka,0,0,5283,5283,0
2026-02-28,Lobby Bar,Bacardi White,Rum,0,0,3747,3747,0
2026-02-28,Lobby Bar,Baileys,Liqueur,6000,0,0,0,6000
2026-02-28,Lobby Bar,Bombay Sapphire,Gin,0,3171,3171,0,4131
2026-02-28,Lobby Bar,Heineken,Beer,6500,7846,7846,0,232
2026-02-28,Lobby Bar,Hennessy,Brandy,0,1030,1030,0,4374
2026-02-28,Lobby Bar,Jack Daniel's,Whisky,0,3808,3808,0,10064
2026-02-28,Lobby Bar,Johnnie Walker Red,Whisky,0,3839,3839,0,1349
2026-02-28,Lobby Bar,Jose Cuervo,Tequila,0,1989,1989,0,2638
2026-02-28,Lobby Bar,Kingfisher Premium,Beer,0,746,13663,12917,0
2026-02-28,Lobby Bar,Smirnoff Vodka,Vodka,0,4609,4609,0,12349
2026-02-28,Pool Bar,Bacardi White,Rum,0,4100,4100,0,6939
2026-02-28,Pool Bar,Baileys,Liqueur,0,1312,1312,0,10388
2026-02-28,Pool Bar,Bombay Sapphire,Gin,0,3374,3374,0,7992
2026-02-28,Pool Bar,Heineken,Beer,6500,6500,11527,5027,449
2026-02-28,Pool Bar,Hennessy,Brandy,0,867,867,0,3230
2026-02-28,Pool Bar,Jack Daniel's,Whisky,0,2330,2330,0,5252
2026-02-28,Pool Bar,Johnnie Walker Red,Whisky,0,5464,5464,0,8296
2026-02-28,Pool Bar,Jose Cuervo,Tequila,0,0,2280,2280,0
2026-02-28,Pool Bar,Kingfisher Premium,Beer,11050,11050,14239,3189,0
2026-02-28,Pool Bar,Smirnoff Vodka,Vodka,0,0,6375,6375,0
2026-02-28,Rooftop Bar,Bacardi White,Rum,0,5360,5360,0,7065
2026-02-28,Rooftop Bar,Baileys,Liqueur,0,1996,1996,0,9949
2026-02-28,Rooftop Bar,Bombay Sapphire,Gin,0,5766,5766,0,9834
2026-02-28,Rooftop Bar,Heineken,Beer,0,0,16425,16425,0
2026-02-28,Rooftop Bar,Hennessy,Brandy,0,1153,1153,0,2400
2026-02-28,Rooftop Bar,Jack Daniel's,Whisky,0,1564,5042,3478,0
2026-02-28,Rooftop Bar,Johnnie Walker Red,Whisky,12000,10401,10401,0,7618
2026-02-28,Rooftop Bar,Jose Cuervo,Tequila,10500,3068,3068,0,8308
2026-02-28,Rooftop Bar,Kingfisher Premium,Beer,0,0,17223,17223,0
2026-02-28,Rooftop Bar,Smirnoff Vodka,Vodka,0,6966,6966,0,11863
2026-02-28,Sky Lounge,Bacardi White,Rum,6000,7400,7400,0,3154
2026-02-28,Sky Lounge,Baileys,Liqueur,0,2338,2338,0,2163
2026-02-28,Sky Lounge,Bombay Sapphire,Gin,0,4187,7330,3143,2202
2026-02-28,Sky Lounge,Heineken,Beer,0,0,14141,14141,0
2026-02-28,Sky Lounge,Hennessy,Brandy,0,1750,1750,0,6139
2026-02-28,Sky Lounge,Jack Daniel's,Whisky,0,0,5003,5003,0
2026-02-28,Sky Lounge,Johnnie Walker Red,Whisky,0,0,7451,7451,0
2026-02-28,Sky Lounge,Jose Cuervo,Tequila,0,3112,3112,0,3643
2026-02-28,Sky Lounge,Kingfisher Premium,Beer,0,0,25163,25163,0
2026-02-28,Sky Lounge,Smirnoff Vodka,Vodka,0,0,7820,7820,0
2026-03-01,Garden Bar,Bacardi White,Rum,0,2179,2373,194,0
2026-03-01,Garden Bar,Baileys,Liqueur,0,779,779,0,5686
2026-03-01,Garden Bar,Bombay Sapphire,Gin,11250,1771,1771,0,12270
2026-03-01,Garden Bar,Heineken,Beer,9750,4139,4139,0,7067
2026-03-01,Garden Bar,Hennessy,Brandy,0,585,585,0,3850
2026-03-01,Garden Bar,Jack Daniel's,Whisky,0,1473,1473,0,2546
2026-03-01,Garden Bar,Johnnie Walker Red,Whisky,0,3013,3013,0,2145
2026-03-01,Garden Bar,Jose Cuervo,Tequila,7500,1321,1321,0,7915
2026-03-01,Garden Bar,Kingfisher Premium,Beer,6500,6500,8567,2067,5136
2026-03-01,Garden Bar,Smirnoff Vodka,Vodka,0,0,4090,4090,0
2026-03-01,Lobby Bar,Bacardi White,Rum,0,0,2898,2898,0
2026-03-01,Lobby Bar,Baileys,Liqueur,0,873,873,0,5127
2026-03-01,Lobby Bar,Bombay Sapphire,Gin,0,2238,2238,0,415
2026-03-01,Lobby Bar,Heineken,Beer,0,232,7678,7446,0
2026-03-01,Lobby Bar,Hennessy,Brandy,0,675,675,0,2920
2026-03-01,Lobby Bar,Jack Daniel's,Whisky,0,2272,2272,0,7792
2026-03-01,Lobby Bar,Johnnie Walker Red,Whisky,0,1349,3290,1941,0
2026-03-01,Lobby Bar,Jose Cuervo,Tequila,0,1062,1062,0,1576
2026-03-01,Lobby Bar,Kingfisher Premium,Beer,0,0,8343,8343,0
2026-03-01,Lobby Bar,Smirnoff Vodka,Vodka,0,3539,3539,0,10762
2026-03-01,Pool Bar,Bacardi White,Rum,0,4097,4097,0,2842
2026-03-01,Pool Bar,Baileys,Liqueur,0,810,810,0,9666
2026-03-01,Pool Bar,Bombay Sapphire,Gin,0,2945,2945,0,2467
2026-03-01,Pool Bar,Heineken,Beer,13000,7315,7315,0,5685
2026-03-01,Pool Bar,Hennessy,Brandy,0,0,0,0,2653
2026-03-01,Pool Bar,Jack Daniel's,Whisky,0,2570,2570,0,3413
2026-03-01,Pool Bar,Johnnie Walker Red,Whisky,0,4119,4119,0,4177
2026-03-01,Pool Bar,Jose Cuervo,Tequila,9000,1933,1933,0,7067
2026-03-01,Pool Bar,Kingfisher Premium,Beer,0,0,16700,16700,0
2026-03-01,Pool Bar,Smirnoff Vodka,Vodka,0,0,4380,4380,0
2026-03-01,Rooftop Bar,Bacardi White,Rum,0,2220,5308,3088,0
2026-03-01,Rooftop Bar,Baileys,Liqueur,0,1218,1218,0,8611
2026-03-01,Rooftop Bar,Bombay Sapphire,Gin,0,3310,3310,0,4034
2026-03-01,Rooftop Bar,Heineken,Beer,5200,5200,9568,4368,0
2026-03-01,Rooftop Bar,Hennessy,Brandy,0,1025,1025,0,1375
2026-03-01,Rooftop Bar,Jack Daniel's,Whisky,7500,3782,3782,0,3718
2026-03-01,Rooftop Bar,Johnnie Walker Red,Whisky,0,1599,4564,2965,0
2026-03-01,Rooftop Bar,Jose Cuervo,Tequila,0,2131,2131,0,6177
2026-03-01,Rooftop Bar,Kingfisher Premium,Beer,12350,12350,14882,2532,0
2026-03-01,Rooftop Bar,Smirnoff Vodka,Vodka,0,5262,5262,0,2902
2026-03-01,Sky Lounge,Bacardi White,Rum,0,330,4696,4366,0
2026-03-01,Sky Lounge,Baileys,Liqueur,0,1559,1559,0,604
2026-03-01,Sky Lounge,Bombay Sapphire,Gin,6000,3419,3419,0,2581
2026-03-01,Sky Lounge,Heineken,Beer,9100,9100,10621,1521,496
2026-03-01,Sky Lounge,Hennessy,Brandy,0,1041,1041,0,6082
2026-03-01,Sky Lounge,Jack Daniel's,Whisky,0,0,3234,3234,0
2026-03-01,Sky Lounge,Johnnie Walker Red,Whisky,8250,5882,5882,0,2368
2026-03-01,Sky Lounge,Jose Cuervo,Tequila,0,2451,2451,0,1192
2026-03-01,Sky Lounge,Kingfisher Premium,Beer,0,0,20510,20510,0
2026-03-01,Sky Lounge,Smirnoff Vodka,Vodka,15750,7856,7856,0,7894
2026-03-02,Garden Bar,Bacardi White,Rum,0,0,1568,1568,0
2026-03-02,Garden Bar,Baileys,Liqueur,0,503,503,0,5183
2026-03-02,Garden Bar,Bombay Sapphire,Gin,0,1271,1271,0,11243
2026-03-02,Garden Bar,Heineken,Beer,0,5322,5322,0,4751
2026-03-02,Garden Bar,Hennessy,Brandy,0,401,401,0,3449
2026-03-02,Garden Bar,Jack Daniel's,Whisky,0,1277,1277,0,1269
2026-03-02,Garden Bar,Johnnie Walker Red,Whisky,0,2145,2708,563,0
2026-03-02,Garden Bar,Jose Cuervo,Tequila,0,1033,1033,0,6882
2026-03-02,Garden Bar,Kingfisher Premium,Beer,6500,6213,6213,0,5118
2026-03-02,Garden Bar,Smirnoff Vodka,Vodka,13500,2713,2713,0,10787
2026-03-02,Lobby Bar,Bacardi White,Rum,0,0,1519,1519,0
2026-03-02,Lobby Bar,Baileys,Liqueur,0,714,714,0,4892
2026-03-02,Lobby Bar,Bombay Sapphire,Gin,11250,1366,1366,0,10299
2026-03-02,Lobby Bar,Heineken,Beer,11700,5110,5110,0,6590
2026-03-02,Lobby Bar,Hennessy,Brandy,0,405,405,0,2515
2026-03-02,Lobby Bar,Jack Daniel's,Whisky,0,1418,1418,0,6374
2026-03-02,Lobby Bar,Johnnie Walker Red,Whisky,0,0,2096,2096,0
2026-03-02,Lobby Bar,Jose Cuervo,Tequila,0,896,896,0,680
2026-03-02,Lobby Bar,Kingfisher Premium,Beer,0,0,7571,7571,0
2026-03-02,Lobby Bar,Smirnoff Vodka,Vodka,0,3098,3098,0,5712
2026-03-02,Pool Bar,Bacardi White,Rum,0,1845,1845,0,2512
2026-03-02,Pool Bar,Baileys,Liqueur,0,549,549,0,9103
2026-03-02,Pool Bar,Bombay Sapphire,Gin,0,2235,2235,0,1691
2026-03-02,Pool Bar,Heineken,Beer,0,5685,7127,1442,0
2026-03-02,Pool Bar,Hennessy,Brandy,0,468,468,0,2479
2026-03-02,Pool Bar,Jack Daniel's,Whisky,0,1494,1494,0,1188
2026-03-02,Pool Bar,Johnnie Walker Red,Whisky,0,3079,3079,0,1098
2026-03-02,Pool Bar,Jose Cuervo,Tequila,0,1298,1298,0,5769
2026-03-02,Pool Bar,Kingfisher Premium,Beer,0,0,8984,8984,0
2026-03-02,Pool Bar,Smirnoff Vodka,Vodka,0,0,4344,4344,0
2026-03-02,Rooftop Bar,Bacardi White,Rum,0,0,3036,3036,0
2026-03-02,Rooftop Bar,Baileys,Liqueur,0,932,932,0,7679
2026-03-02,Rooftop Bar,Bombay Sapphire,Gin,0,2590,2590,0,3491
2026-03-02,Rooftop Bar,Heineken,Beer,0,0,7085,7085,0
2026-03-02,Rooftop Bar,Hennessy,Brandy,0,0,0,0,1375
2026-03-02,Rooftop Bar,Jack Daniel's,Whisky,0,2831,2831,0,2833
2026-03-02,Rooftop Bar,Johnnie Walker Red,Whisky,0,0,3898,3898,0
2026-03-02,Rooftop Bar,Jose Cuervo,Tequila,0,1335,1335,0,5542
2026-03-02,Rooftop Bar,Kingfisher Premium,Beer,0,0,9787,9787,0
2026-03-02,Rooftop Bar,Smirnoff Vodka,Vodka,6000,4527,4527,0,6144
2026-03-02,Sky Lounge,Bacardi White,Rum,7500,3400,3400,0,4357
2026-03-02,Sky Lounge,Baileys,Liqueur,0,604,1139,535,0
2026-03-02,Sky Lounge,Bombay Sapphire,Gin,0,2516,2516,0,65
2026-03-02,Sky Lounge,Heineken,Beer,0,0,9566,9566,0
2026-03-02,Sky Lounge,Hennessy,Brandy,0,927,927,0,4171
2026-03-02,Sky Lounge,Jack Daniel's,Whisky,15750,2815,2815,0,13383
2026-03-02,Sky Lounge,Johnnie Walker Red,Whisky,8250,2940,2940,0,7678
2026-03-02,Sky Lounge,Jose Cuervo,Tequila,0,1192,1400,208,0
2026-03-02,Sky Lounge,Kingfisher Premium,Beer,0,0,11666,11666,0
2026-03-02,Sky Lounge,Smirnoff Vodka,Vodka,0,4850,4850,0,5059
2026-03-03,Garden Bar,Bacardi White,Rum,6750,1965,1965,0,4785
2026-03-03,Garden Bar,Baileys,Liqueur,0,0,0,0,5183
2026-03-03,Garden Bar,Bombay Sapphire,Gin,0,1300,1300,0,10113
2026-03-03,Garden Bar,Heineken,Beer,0,1745,4332,2587,0
2026-03-03,Garden Bar,Hennessy,Brandy,0,372,372,0,3077
2026-03-03,Garden Bar,Jack Daniel's,Whisky,0,1149,1149,0,1120
2026-03-03,Garden Bar,Johnnie Walker Red,Whisky,11250,2239,2239,0,9011
2026-03-03,Garden Bar,Jose Cuervo,Tequila,0,879,879,0,6003
2026-03-03,Garden Bar,Kingfisher Premium,Beer,0,287,7272,6985,0
2026-03-03,Garden Bar,Smirnoff Vodka,Vodka,0,2483,2483,0,8304
2026-03-03,Lobby Bar,Bacardi White,Rum,15000,1981,1981,0,14532
2026-03-03,Lobby Bar,Baileys,Liqueur,0,655,655,0,3758
2026-03-03,Lobby Bar,Bombay Sapphire,Gin,0,1423,1423,0,8876
2026-03-03,Lobby Bar,Heineken,Beer,13650,7595,7595,0,12645
2026-03-03,Lobby Bar,Hennessy,Brandy,0,0,0,0,2515
2026-03-03,Lobby Bar,Jack Daniel's,Whisky,0,1588,1588,0,5193
2026-03-03,Lobby Bar,Johnnie Walker Red,Whisky,0,0,2665,2665,0
2026-03-03,Lobby Bar,Jose Cuervo,Tequila,0,680,790,110,0
2026-03-03,Lobby Bar,Kingfisher Premium,Beer,0,0,8845,8845,0
2026-03-03,Lobby Bar,Smirnoff Vodka,Vodka,0,2797,2797,0,2915
2026-03-03,Pool Bar,Bacardi White,Rum,0,997,3022,2025,0
2026-03-03,Pool Bar,Baileys,Liqueur,0,887,887,0,8142
2026-03-03,Pool Bar,Bombay Sapphire,Gin,0,232,2381,2149,0
2026-03-03,Pool Bar,Heineken,Beer,0,0,6380,6380,0
2026-03-03,Pool Bar,Hennessy,Brandy,0,0,0,0,2185
2026-03-03,Pool Bar,Jack Daniel's,Whisky,12750,1687,1687,0,12251
2026-03-03,Pool Bar,Johnnie Walker Red,Whisky,0,1098,2954,1856,0
2026-03-03,Pool Bar,Jose Cuervo,Tequila,0,1380,1380,0,5745
2026-03-03,Pool Bar,Kingfisher Premium,Beer,0,0,8975,8975,0
2026-03-03,Pool Bar,Smirnoff Vodka,Vodka,0,0,3357,3357,0
2026-03-03,Rooftop Bar,Bacardi White,Rum,0,0,3883,3883,0
2026-03-03,Rooftop Bar,Baileys,Liqueur,0,1140,1140,0,6895
2026-03-03,Rooftop Bar,Bombay Sapphire,Gin,14250,3366,3366,0,12328
2026-03-03,Rooftop Bar,Heineken,Beer,0,0,7117,7117,0
2026-03-03,Rooftop Bar,Hennessy,Brandy,0,909,909,0,466
2026-03-03,Rooftop Bar,Jack Daniel's,Whisky,10500,1997,1997,0,9390
2026-03-03,Rooftop Bar,Johnnie Walker Red,Whisky,12000,3239,3239,0,8761
2026-03-03,Rooftop Bar,Jose Cuervo,Tequila,0,1503,1503,0,4791
2026-03-03,Rooftop Bar,Kingfisher Premium,Beer,0,0,11894,11894,0
2026-03-03,Rooftop Bar,Smirnoff Vodka,Vodka,0,4375,4477,102,0
2026-03-03,Sky Lounge,Bacardi White,Rum,0,3158,3158,0,942
2026-03-03,Sky Lounge,Baileys,Liqueur,15750,0,0,0,15750
2026-03-03,Sky Lounge,Bombay Sapphire,Gin,0,65,3383,3318,0
2026-03-03,Sky Lounge,Heineken,Beer,11700,10382,10382,0,1721
2026-03-03,Sky Lounge,Hennessy,Brandy,0,1028,1028,0,3143
2026-03-03,Sky Lounge,Jack Daniel's,Whisky,0,2684,2684,0,12422
2026-03-03,Sky Lounge,Johnnie Walker Red,Whisky,0,4954,4954,0,2724
2026-03-03,Sky Lounge,Jose Cuervo,Tequila,12750,1955,1955,0,10897
2026-03-03,Sky Lounge,Kingfisher Premium,Beer,0,0,11263,11263,0
2026-03-03,Sky Lounge,Smirnoff Vodka,Vodka,0,3044,4957,1913,0
2026-03-04,Garden Bar,Bacardi White,Rum,0,2295,2295,0,2490
2026-03-04,Garden Bar,Baileys,Liqueur,0,527,527,0,4910
2026-03-04,Garden Bar,Bombay Sapphire,Gin,0,1480,1480,0,8365
2026-03-04,Garden Bar,Heineken,Beer,11700,4570,4570,0,7130
2026-03-04,Garden Bar,Hennessy,Brandy,0,432,432,0,2645
2026-03-04,Garden Bar,Jack Daniel's,Whisky,0,120,1655,1535,0
2026-03-04,Garden Bar,Johnnie Walker Red,Whisky,0,2222,2222,0,6789
2026-03-04,Garden Bar,Jose Cuervo,Tequila,0,1010,1010,0,4993
2026-03-04,Garden Bar,Kingfisher Premium,Beer,6500,6095,6095,0,4672
2026-03-04,Garden Bar,Smirnoff Vodka,Vodka,0,3792,3792,0,4512
2026-03-04,Lobby Bar,Bacardi White,Rum,0,2459,2459,0,10560
2026-03-04,Lobby Bar,Baileys,Liqueur,0,0,0,0,3758
2026-03-04,Lobby Bar,Bombay Sapphire,Gin,0,1329,1329,0,8516
2026-03-04,Lobby Bar,Heineken,Beer,0,5862,5862,0,6783
2026-03-04,Lobby Bar,Hennessy,Brandy,0,571,571,0,2183
2026-03-04,Lobby Bar,Jack Daniel's,Whisky,0,1909,1909,0,4387
2026-03-04,Lobby Bar,Johnnie Walker Red,Whisky,0,0,3498,3498,0
2026-03-04,Lobby Bar,Jose Cuervo,Tequila,6750,944,944,0,5806
2026-03-04,Lobby Bar,Kingfisher Premium,Beer,0,0,7809,7809,0
2026-03-04,Lobby Bar,Smirnoff Vodka,Vodka,15750,2923,2923,0,15742
2026-03-04,Pool Bar,Bacardi White,Rum,0,0,2981,2981,0
2026-03-04,Pool Bar,Baileys,Liqueur,0,752,752,0,7390
2026-03-04,Pool Bar,Bombay Sapphire,Gin,0,0,2112,2112,0
2026-03-04,Pool Bar,Heineken,Beer,12350,7741,7741,0,4609
2026-03-04,Pool Bar,Hennessy,Brandy,0,548,548,0,1637
2026-03-04,Pool Bar,Jack Daniel's,Whisky,0,1694,1694,0,10557
2026-03-04,Pool Bar,Johnnie Walker Red,Whisky,0,0,3026,3026,0
2026-03-04,Pool Bar,Jose Cuervo,Tequila,0,1352,1352,0,3037
2026-03-04,Pool Bar,Kingfisher Premium,Beer,0,0,7716,7716,0
2026-03-04,Pool Bar,Smirnoff Vodka,Vodka,12000,3609,3609,0,8391
2026-03-04,Rooftop Bar,Bacardi White,Rum,0,0,3254,3254,0
2026-03-04,Rooftop Bar,Baileys,Liqueur,0,1194,1194,0,5345
2026-03-04,Rooftop Bar,Bombay Sapphire,Gin,0,3044,3044,0,9284
2026-03-04,Rooftop Bar,Heineken,Beer,9100,8060,8060,0,1040
2026-03-04,Rooftop Bar,Hennessy,Brandy,0,0,0,0,466
2026-03-04,Rooftop Bar,Jack Daniel's,Whisky,0,2768,2768,0,6622
2026-03-04,Rooftop Bar,Johnnie Walker Red,Whisky,0,5017,5017,0,3744
2026-03-04,Rooftop Bar,Jose Cuervo,Tequila,0,2249,2249,0,1090
2026-03-04,Rooftop Bar,Kingfisher Premium,Beer,0,0,11752,11752,0
2026-03-04,Rooftop Bar,Smirnoff Vodka,Vodka,6000,4564,4564,0,1436
2026-03-04,Sky Lounge,Bacardi White,Rum,0,942,4233,3291,0
2026-03-04,Sky Lounge,Baileys,Liqueur,0,1176,1176,0,14574
2026-03-04,Sky Lounge,Bombay Sapphire,Gin,14250,2142,2142,0,12108
2026-03-04,Sky Lounge,Heineken,Beer,13000,9609,9609,0,4709
2026-03-04,Sky Lounge,Hennessy,Brandy,0,735,735,0,2963
2026-03-04,Sky Lounge,Jack Daniel's,Whisky,0,2923,2923,0,7328
2026-03-04,Sky Lounge,Johnnie Walker Red,Whisky,6000,4789,4789,0,5916
2026-03-04,Sky Lounge,Jose Cuervo,Tequila,0,2107,2107,0,9198
2026-03-04,Sky Lounge,Kingfisher Premium,Beer,0,0,14455,14455,0
2026-03-04,Sky Lounge,Smirnoff Vodka,Vodka,11250,5004,5004,0,7368
2026-03-05,Garden Bar,Bacardi White,Rum,15750,2119,2119,0,18203
2026-03-05,Garden Bar,Baileys,Liqueur,0,0,0,0,4656
2026-03-05,Garden Bar,Bombay Sapphire,Gin,0,1477,1477,0,6262
2026-03-05,Garden Bar,Heineken,Beer,6500,4681,4681,0,9776
2026-03-05,Garden Bar,Hennessy,Brandy,0,501,501,0,2144
2026-03-05,Garden Bar,Jack Daniel's,Whisky,6000,1405,1405,0,4595
2026-03-05,Garden Bar,Johnnie Walker Red,Whisky,0,2815,2815,0,3974
2026-03-05,Garden Bar,Jose Cuervo,Tequila,0,1198,1198,0,3795
2026-03-05,Garden Bar,Kingfisher Premium,Beer,13650,5809,5809,0,11306
2026-03-05,Garden Bar,Smirnoff Vodka,Vodka,9750,3583,3583,0,10679
2026-03-05,Lobby Bar,Bacardi White,Rum,0,2296,2296,0,9003
2026-03-05,Lobby Bar,Baileys,Liqueur,0,761,761,0,2997
2026-03-05,Lobby Bar,Bombay Sapphire,Gin,0,1667,1667,0,5880
2026-03-05,Lobby Bar,Heineken,Beer,11700,6196,6196,0,13222
2026-03-05,Lobby Bar,Hennessy,Brandy,0,465,465,0,1479
2026-03-05,Lobby Bar,Jack Daniel's,Whisky,0,1426,1426,0,1451
2026-03-05,Lobby Bar,Johnnie Walker Red,Whisky,12000,3385,3385,0,8615
2026-03-05,Lobby Bar,Jose Cuervo,Tequila,0,1301,1301,0,5402
2026-03-05,Lobby Bar,Kingfisher Premium,Beer,0,0,10118,10118,0
2026-03-05,Lobby Bar,Smirnoff Vodka,Vodka,0,3455,3455,0,12287
2026-03-05,Pool Bar,Bacardi White,Rum,15750,2986,2986,0,12764
2026-03-05,Pool Bar,Baileys,Liqueur,0,591,591,0,7162
2026-03-05,Pool Bar,Bombay Sapphire,Gin,0,0,2780,2780,0
2026-03-05,Pool Bar,Heineken,Beer,0,4609,6956,2347,0
2026-03-05,Pool Bar,Hennessy,Brandy,0,637,637,0,1000
2026-03-05,Pool Bar,Jack Daniel's,Whisky,0,1906,1906,0,9644
2026-03-05,Pool Bar,Johnnie Walker Red,Whisky,0,0,3763,3763,0
2026-03-05,Pool Bar,Jose Cuervo,Tequila,0,1505,1505,0,1532
2026-03-05,Pool Bar,Kingfisher Premium,Beer,8450,8450,10234,1784,0
2026-03-05,Pool Bar,Smirnoff Vodka,Vodka,0,4423,4423,0,3968
2026-03-05,Rooftop Bar,Bacardi White,Rum,10500,4467,4467,0,8249
2026-03-05,Rooftop Bar,Baileys,Liqueur,0,1112,1112,0,4233
2026-03-05,Rooftop Bar,Bombay Sapphire,Gin,0,2833,2833,0,6451
2026-03-05,Rooftop Bar,Heineken,Beer,0,1040,8471,7431,0
2026-03-05,Rooftop Bar,Hennessy,Brandy,0,0,0,0,466
2026-03-05,Rooftop Bar,Jack Daniel's,Whisky,0,2042,2042,0,4580
2026-03-05,Rooftop Bar,Johnnie Walker Red,Whisky,0,3744,5551,1807,0
2026-03-05,Rooftop Bar,Jose Cuervo,Tequila,0,1090,2060,970,0
2026-03-05,Rooftop Bar,Kingfisher Premium,Beer,0,0,12228,12228,0
2026-03-05,Rooftop Bar,Smirnoff Vodka,Vodka,0,1436,5386,3950,0
2026-03-05,Sky Lounge,Bacardi White,Rum,0,0,3851,3851,0
2026-03-05,Sky Lounge,Baileys,Liqueur,0,0,0,0,14574
2026-03-05,Sky Lounge,Bombay Sapphire,Gin,0,3448,3448,0,10153
2026-03-05,Sky Lounge,Heineken,Beer,0,4709,8535,3826,0
2026-03-05,Sky Lounge,Hennessy,Brandy,0,0,0,0,2408
2026-03-05,Sky Lounge,Jack Daniel's,Whisky,0,3444,3444,0,3884
2026-03-05,Sky Lounge,Johnnie Walker Red,Whisky,0,3935,5868,1933,0
2026-03-05,Sky Lounge,Jose Cuervo,Tequila,0,1987,1987,0,7212
2026-03-05,Sky Lounge,Kingfisher Premium,Beer,0,0,11007,11007,0
2026-03-05,Sky Lounge,Smirnoff Vodka,Vodka,0,4845,4845,0,2307
2026-03-06,Garden Bar,Bacardi White,Rum,0,3064,3064,0,13057
2026-03-06,Garden Bar,Baileys,Liqueur,0,0,0,0,4656
2026-03-06,Garden Bar,Bombay Sapphire,Gin,0,2187,2187,0,4075
2026-03-06,Garden Bar,Heineken,Beer,0,7192,7192,0,1757
2026-03-06,Garden Bar,Hennessy,Brandy,0,578,578,0,1731
2026-03-06,Garden Bar,Jack Daniel's,Whisky,0,1981,1981,0,2614
2026-03-06,Garden Bar,Johnnie Walker Red,Whisky,0,3315,3315,0,3080
2026-03-06,Garden Bar,Jose Cuervo,Tequila,0,1236,1236,0,2559
2026-03-06,Garden Bar,Kingfisher Premium,Beer,0,8246,10123,1877,0
2026-03-06,Garden Bar,Smirnoff Vodka,Vodka,0,4116,4116,0,8814
2026-03-06,Lobby Bar,Bacardi White,Rum,0,2566,2566,0,5698
2026-03-06,Lobby Bar,Baileys,Liqueur,0,982,982,0,2835
2026-03-06,Lobby Bar,Bombay Sapphire,Gin,0,2504,2504,0,3376
2026-03-06,Lobby Bar,Heineken,Beer,12350,7812,7812,0,20039
2026-03-06,Lobby Bar,Hennessy,Brandy,0,956,956,0,1151
2026-03-06,Lobby Bar,Jack Daniel's,Whisky,0,1451,2468,1017,0
2026-03-06,Lobby Bar,Johnnie Walker Red,Whisky,0,3429,3429,0,7276
2026-03-06,Lobby Bar,Jose Cuervo,Tequila,0,1573,1573,0,2932
2026-03-06,Lobby Bar,Kingfisher Premium,Beer,0,0,12547,12547,0
2026-03-06,Lobby Bar,Smirnoff Vodka,Vodka,0,3691,3691,0,10694
2026-03-06,Pool Bar,Bacardi White,Rum,0,4108,4108,0,8656
2026-03-06,Pool Bar,Baileys,Liqueur,0,0,0,0,6799
2026-03-06,Pool Bar,Bombay Sapphire,Gin,6750,3585,3585,0,3165
2026-03-06,Pool Bar,Heineken,Beer,0,0,9109,9109,0
2026-03-06,Pool Bar,Hennessy,Brandy,9100,0,0,0,10100
2026-03-06,Pool Bar,Jack Daniel's,Whisky,0,3027,3027,0,5624
2026-03-06,Pool Bar,Johnnie Walker Red,Whisky,0,0,4583,4583,0
2026-03-06,Pool Bar,Jose Cuervo,Tequila,12000,2659,2659,0,10873
2026-03-06,Pool Bar,Kingfisher Premium,Beer,13000,12070,12070,0,4158
2026-03-06,Pool Bar,Smirnoff Vodka,Vodka,0,3968,4618,650,0
2026-03-06,Rooftop Bar,Bacardi White,Rum,0,6033,6254,221,3634
2026-03-06,Rooftop Bar,Baileys,Liqueur,0,1600,1600,0,3174
2026-03-06,Rooftop Bar,Bombay Sapphire,Gin,0,3214,3214,0,4129
2026-03-06,Rooftop Bar,Heineken,Beer,10400,10400,14770,4370,0
2026-03-06,Rooftop Bar,Hennessy,Brandy,14700,1219,1219,0,13947
2026-03-06,Rooftop Bar,Jack Daniel's,Whisky,0,4109,4109,0,471
2026-03-06,Rooftop Bar,Johnnie Walker Red,Whisky,0,0,6024,6024,0
2026-03-06,Rooftop Bar,Jose Cuervo,Tequila,0,0,2588,2588,0
2026-03-06,Rooftop Bar,Kingfisher Premium,Beer,10400,10400,15277,4877,0
2026-03-06,Rooftop Bar,Smirnoff Vodka,Vodka,0,0,6543,6543,0
2026-03-06,Sky Lounge,Bacardi White,Rum,6750,5356,5356,0,1394
2026-03-06,Sky Lounge,Baileys,Liqueur,0,1462,1462,0,13112
2026-03-06,Sky Lounge,Bombay Sapphire,Gin,0,4689,4689,0,5694
2026-03-06,Sky Lounge,Heineken,Beer,0,0,14025,14025,0
2026-03-06,Sky Lounge,Hennessy,Brandy,0,1427,1427,0,981
2026-03-06,Sky Lounge,Jack Daniel's,Whisky,0,3884,4150,266,0
2026-03-06,Sky Lounge,Johnnie Walker Red,Whisky,0,0,5870,5870,0
2026-03-06,Sky Lounge,Jose Cuervo,Tequila,0,3397,3397,0,3304
2026-03-06,Sky Lounge,Kingfisher Premium,Beer,9100,9100,18024,8924,0
2026-03-06,Sky Lounge,Smirnoff Vodka,Vodka,0,1401,7077,5676,0
2026-03-07,Garden Bar,Bacardi White,Rum,0,2395,2395,0,10662
2026-03-07,Garden Bar,Baileys,Liqueur,0,1040,1040,0,4491
2026-03-07,Garden Bar,Bombay Sapphire,Gin,0,3459,3459,0,2120
2026-03-07,Garden Bar,Heineken,Beer,0,1757,9397,7640,0
2026-03-07,Garden Bar,Hennessy,Brandy,0,904,904,0,662
2026-03-07,Garden Bar,Jack Daniel's,Whisky,13500,2343,2343,0,13771
2026-03-07,Garden Bar,Johnnie Walker Red,Whisky,8250,4224,4224,0,7885
2026-03-07,Garden Bar,Jose Cuervo,Tequila,0,1433,1433,0,1126
2026-03-07,Garden Bar,Kingfisher Premium,Beer,0,0,14563,14563,0
2026-03-07,Garden Bar,Smirnoff Vodka,Vodka,0,4624,4624,0,1939
2026-03-07,Lobby Bar,Bacardi White,Rum,6000,4162,4162,0,7536
2026-03-07,Lobby Bar,Baileys,Liqueur,0,0,0,0,2015
2026-03-07,Lobby Bar,Bombay Sapphire,Gin,0,3246,3246,0,130
2026-03-07,Lobby Bar,Heineken,Beer,0,9989,9989,0,11117
2026-03-07,Lobby Bar,Hennessy,Brandy,0,523,953,430,0
2026-03-07,Lobby Bar,Jack Daniel's,Whisky,12000,3181,3181,0,9916
2026-03-07,Lobby Bar,Johnnie Walker Red,Whisky,0,3663,3663,0,1523
2026-03-07,Lobby Bar,Jose Cuervo,Tequila,0,2015,2015,0,1192
2026-03-07,Lobby Bar,Kingfisher Premium,Beer,0,0,15370,15370,0
2026-03-07,Lobby Bar,Smirnoff Vodka,Vodka,0,5364,5364,0,7075
2026-03-07,Pool Bar,Bacardi White,Rum,0,6050,6050,0,2606
2026-03-07,Pool Bar,Baileys,Liqueur,0,0,0,0,6799
2026-03-07,Pool Bar,Bombay Sapphire,Gin,0,3165,3737,572,0
2026-03-07,Pool Bar,Heineken,Beer,0,0,14012,14012,0
2026-03-07,Pool Bar,Hennessy,Brandy,0,1275,1275,0,8825
2026-03-07,Pool Bar,Jack Daniel's,Whisky,0,3268,3268,0,2356
2026-03-07,Pool Bar,Johnnie Walker Red,Whisky,0,0,5296,5296,0
2026-03-07,Pool Bar,Jose Cuervo,Tequila,0,2320,2320,0,8553
2026-03-07,Pool Bar,Kingfisher Premium,Beer,0,930,15304,14374,0
2026-03-07,Pool Bar,Smirnoff Vodka,Vodka,0,0,5715,5715,0
2026-03-07,Rooftop Bar,Bacardi White,Rum,13500,4697,4697,0,8803
2026-03-07,Rooftop Bar,Baileys,Liqueur,13500,1806,1806,0,14327
2026-03-07,Rooftop Bar,Bombay Sapphire,Gin,0,3237,4336,1099,0
2026-03-07,Rooftop Bar,Heineken,Beer,0,0,14887,14887,0
2026-03-07,Rooftop Bar,Hennessy,Brandy,0,1032,1032,0,12915
2026-03-07,Rooftop Bar,Jack Daniel's,Whisky,6000,4568,4568,0,6003
2026-03-07,Rooftop Bar,Johnnie Walker Red,Whisky,0,0,7180,7180,0
2026-03-07,Rooftop Bar,Jose Cuervo,Tequila,12000,3010,3010,0,9829
2026-03-07,Rooftop Bar,Kingfisher Premium,Beer,0,0,20280,20280,0
2026-03-07,Rooftop Bar,Smirnoff Vodka,Vodka,0,0,8610,8610,0
2026-03-07,Sky Lounge,Bacardi White,Rum,0,1394,5699,4305,0
2026-03-07,Sky Lounge,Baileys,Liqueur,0,1972,1972,0,11140
2026-03-07,Sky Lounge,Bombay Sapphire,Gin,14250,4256,4256,0,13965
2026-03-07,Sky Lounge,Heineken,Beer,9750,9750,17408,7658,0
2026-03-07,Sky Lounge,Hennessy,Brandy,0,981,1663,682,507
2026-03-07,Sky Lounge,Jack Daniel's,Whisky,0,0,4544,4544,0
2026-03-07,Sky Lounge,Johnnie Walker Red,Whisky,0,0,5216,5216,0
2026-03-07,Sky Lounge,Jose Cuervo,Tequila,14250,3779,3779,0,13775
2026-03-07,Sky Lounge,Kingfisher Premium,Beer,0,0,22246,22246,0
2026-03-07,Sky Lounge,Smirnoff Vodka,Vodka,14250,10790,10790,0,4820
2026-03-08,Garden Bar,Bacardi White,Rum,0,2495,2495,0,9660
2026-03-08,Garden Bar,Baileys,Liqueur,0,0,0,0,3616
2026-03-08,Garden Bar,Bombay Sapphire,Gin,14250,1795,1795,0,13071
2026-03-08,Garden Bar,Heineken,Beer,0,0,5455,5455,0
2026-03-08,Garden Bar,Hennessy,Brandy,0,0,0,0,662
2026-03-08,Garden Bar,Jack Daniel's,Whisky,0,1691,1691,0,13428
2026-03-08,Garden Bar,Johnnie Walker Red,Whisky,0,2737,2737,0,1948
2026-03-08,Garden Bar,Jose Cuervo,Tequila,0,1126,1427,301,190
2026-03-08,Garden Bar,Kingfisher Premium,Beer,0,0,10366,10366,0
2026-03-08,Garden Bar,Smirnoff Vodka,Vodka,7500,3687,3687,0,7933
2026-03-08,Lobby Bar,Bacardi White,Rum,0,2158,2158,0,5378
2026-03-08,Lobby Bar,Baileys,Liqueur,0,712,712,0,1303
2026-03-08,Lobby Bar,Bombay Sapphire,Gin,0,130,2607,2477,0
2026-03-08,Lobby Bar,Heineken,Beer,0,5970,5970,0,866
2026-03-08,Lobby Bar,Hennessy,Brandy,9100,637,637,0,8463
2026-03-08,Lobby Bar,Jack Daniel's,Whisky,0,1608,1608,0,7211
2026-03-08,Lobby Bar,Johnnie Walker Red,Whisky,0,1523,2596,1073,0
2026-03-08,Lobby Bar,Jose Cuervo,Tequila,0,917,1674,757,0
2026-03-08,Lobby Bar,Kingfisher Premium,Beer,10400,10400,10651,251,0
2026-03-08,Lobby Bar,Smirnoff Vodka,Vodka,0,3232,4419,1187,0
2026-03-08,Pool Bar,Bacardi White,Rum,0,2606,3180,574,0
2026-03-08,Pool Bar,Baileys,Liqueur,0,1119,1119,0,5761
2026-03-08,Pool Bar,Bombay Sapphire,Gin,0,0,3146,3146,0
2026-03-08,Pool Bar,Heineken,Beer,0,0,10368,10368,0
2026-03-08,Pool Bar,Hennessy,Brandy,0,0,0,0,8825
2026-03-08,Pool Bar,Jack Daniel's,Whisky,0,2356,2526,170,1189
2026-03-08,Pool Bar,Johnnie Walker Red,Whisky,12000,4260,4260,0,7740
2026-03-08,Pool Bar,Jose Cuervo,Tequila,0,1630,1630,0,7823
2026-03-08,Pool Bar,Kingfisher Premium,Beer,11700,11700,14119,2419,0
2026-03-08,Pool Bar,Smirnoff Vodka,Vodka,0,0,3866,3866,0
2026-03-08,Rooftop Bar,Bacardi White,Rum,0,4019,4019,0,4784
2026-03-08,Rooftop Bar,Baileys,Liqueur,0,1244,1244,0,13083
2026-03-08,Rooftop Bar,Bombay Sapphire,Gin,6750,4644,4644,0,3177
2026-03-08,Rooftop Bar,Heineken,Beer,0,0,10334,10334,0
2026-03-08,Rooftop Bar,Hennessy,Brandy,0,1117,1117,0,12374
2026-03-08,Rooftop Bar,Jack Daniel's,Whisky,10500,3076,3076,0,9327
2026-03-08,Rooftop Bar,Johnnie Walker Red,Whisky,11250,5269,5269,0,5981
2026-03-08,Rooftop Bar,Jose Cuervo,Tequila,0,1699,1699,0,8925
2026-03-08,Rooftop Bar,Kingfisher Premium,Beer,0,0,16898,16898,0
2026-03-08,Rooftop Bar,Smirnoff Vodka,Vodka,13500,6198,6198,0,7302
2026-03-08,Sky Lounge,Bacardi White,Rum,0,0,5259,5259,0
2026-03-08,Sky Lounge,Baileys,Liqueur,0,1562,1562,0,9578
2026-03-08,Sky Lounge,Bombay Sapphire,Gin,0,3823,3823,0,10142
2026-03-08,Sky Lounge,Heineken,Beer,0,0,13897,13897,0
2026-03-08,Sky Lounge,Hennessy,Brandy,14700,963,963,0,13737
2026-03-08,Sky Lounge,Jack Daniel's,Whisky,0,0,3416,3416,0
2026-03-08,Sky Lounge,Johnnie Walker Red,Whisky,0,0,4923,4923,0
2026-03-08,Sky Lounge,Jose Cuervo,Tequila,0,2960,2960,0,10815
2026-03-08,Sky Lounge,Kingfisher Premium,Beer,0,0,20171,20171,0
2026-03-08,Sky Lounge,Smirnoff Vodka,Vodka,8250,5782,5782,0,5928
2026-03-09,Garden Bar,Bacardi White,Rum,0,1795,1795,0,6372
2026-03-09,Garden Bar,Baileys,Liqueur,0,582,582,0,3034
2026-03-09,Garden Bar,Bombay Sapphire,Gin,0,1064,1064,0,12235
2026-03-09,Garden Bar,Heineken,Beer,5850,4253,4253,0,1597
2026-03-09,Garden Bar,Hennessy,Brandy,0,426,426,0,564
2026-03-09,Garden Bar,Jack Daniel's,Whisky,0,1406,1406,0,10674
2026-03-09,Garden Bar,Johnnie Walker Red,Whisky,0,1948,2624,676,0
2026-03-09,Garden Bar,Jose Cuervo,Tequila,0,0,869,869,0
2026-03-09,Garden Bar,Kingfisher Premium,Beer,10400,4720,4720,0,5680
2026-03-09,Garden Bar,Smirnoff Vodka,Vodka,0,2567,2567,0,4345
2026-03-09,Lobby Bar,Bacardi White,Rum,0,2394,2394,0,2984
2026-03-09,Lobby Bar,Baileys,Liqueur,0,629,629,0,1075
2026-03-09,Lobby Bar,Bombay Sapphire,Gin,0,0,2042,2042,0
2026-03-09,Lobby Bar,Heineken,Beer,13650,6110,6110,0,10590
2026-03-09,Lobby Bar,Hennessy,Brandy,0,0,0,0,8463
2026-03-09,Lobby Bar,Jack Daniel's,Whisky,0,978,978,0,6798
2026-03-09,Lobby Bar,Johnnie Walker Red,Whisky,9000,2909,2909,0,8003
2026-03-09,Lobby Bar,Jose Cuervo,Tequila,15750,1081,1081,0,14669
2026-03-09,Lobby Bar,Kingfisher Premium,Beer,5850,5850,7435,1585,0
2026-03-09,Lobby Bar,Smirnoff Vodka,Vodka,12000,2125,2125,0,11569
2026-03-09,Pool Bar,Bacardi White,Rum,0,0,2419,2419,0
2026-03-09,Pool Bar,Baileys,Liqueur,0,728,728,0,4952
2026-03-09,Pool Bar,Bombay Sapphire,Gin,11250,1687,1687,0,9563
2026-03-09,Pool Bar,Heineken,Beer,0,0,6772,6772,0
2026-03-09,Pool Bar,Hennessy,Brandy,0,600,600,0,8225
2026-03-09,Pool Bar,Jack Daniel's,Whisky,11250,1713,1713,0,9537
2026-03-09,Pool Bar,Johnnie Walker Red,Whisky,0,2576,2576,0,5164
2026-03-09,Pool Bar,Jose Cuervo,Tequila,0,1141,1141,0,5782
2026-03-09,Pool Bar,Kingfisher Premium,Beer,0,0,11122,11122,0
2026-03-09,Pool Bar,Smirnoff Vodka,Vodka,0,0,3032,3032,0
2026-03-09,Rooftop Bar,Bacardi White,Rum,0,2718,2718,0,3140
2026-03-09,Rooftop Bar,Baileys,Liqueur,0,1032,1032,0,12051
2026-03-09,Rooftop Bar,Bombay Sapphire,Gin,0,2106,2377,271,0
2026-03-09,Rooftop Bar,Heineken,Beer,0,0,9524,9524,0
2026-03-09,Rooftop Bar,Hennessy,Brandy,0,670,670,0,11128
2026-03-09,Rooftop Bar,Jack Daniel's,Whisky,0,1620,1620,0,7707
2026-03-09,Rooftop Bar,Johnnie Walker Red,Whisky,0,3910,3910,0,4060
2026-03-09,Rooftop Bar,Jose Cuervo,Tequila,0,1893,1893,0,5556
2026-03-09,Rooftop Bar,Kingfisher Premium,Beer,7150,7150,10635,3485,562
2026-03-09,Rooftop Bar,Smirnoff Vodka,Vodka,0,4018,4018,0,3284
2026-03-09,Sky Lounge,Bacardi White,Rum,15000,3067,3067,0,14934
2026-03-09,Sky Lounge,Baileys,Liqueur,0,1116,1116,0,8462
2026-03-09,Sky Lounge,Bombay Sapphire,Gin,0,2701,2701,0,7441
2026-03-09,Sky Lounge,Heineken,Beer,0,0,9897,9897,0
2026-03-09,Sky Lounge,Hennessy,Brandy,0,0,0,0,13737
2026-03-09,Sky Lounge,Jack Daniel's,Whisky,0,0,2409,2409,0
2026-03-09,Sky Lounge,Johnnie Walker Red,Whisky,0,0,4273,4273,0
2026-03-09,Sky Lounge,Jose Cuervo,Tequila,0,1923,1923,0,8892
2026-03-09,Sky Lounge,Kingfisher Premium,Beer,0,0,10430,10430,0
2026-03-09,Sky Lounge,Smirnoff Vodka,Vodka,10500,5266,5266,0,15447
2026-03-10,Garden Bar,Bacardi White,Rum,0,1721,1721,0,4651
2026-03-10,Garden Bar,Baileys,Liqueur,0,0,0,0,3034
2026-03-10,Garden Bar,Bombay Sapphire,Gin,0,1575,1575,0,10630
2026-03-10,Garden Bar,Heineken,Beer,8450,5275,5275,0,4772
2026-03-10,Garden Bar,Hennessy,Brandy,0,0,0,0,236
2026-03-10,Garden Bar,Jack Daniel's,Whisky,0,1386,1386,0,9288
2026-03-10,Garden Bar,Johnnie Walker Red,Whisky,0,0,2329,2329,0
2026-03-10,Garden Bar,Jose Cuervo,Tequila,15000,1139,1139,0,13861
2026-03-10,Garden Bar,Kingfisher Premium,Beer,0,5680,5694,14,0
2026-03-10,Garden Bar,Smirnoff Vodka,Vodka,12750,3209,3209,0,14738
2026-03-10,Lobby Bar,Bacardi White,Rum,0,2553,2553,0,431
2026-03-10,Lobby Bar,Baileys,Liqueur,0,510,510,0,164
2026-03-10,Lobby Bar,Bombay Sapphire,Gin,0,0,1794,1794,0
2026-03-10,Lobby Bar,Heineken,Beer,0,4856,4856,0,5497
2026-03-10,Lobby Bar,Hennessy,Brandy,0,453,453,0,8448
2026-03-10,Lobby Bar,Jack Daniel's,Whisky,0,1745,1745,0,4488
2026-03-10,Lobby Bar,Johnnie Walker Red,Whisky,0,2131,2131,0,3960
2026-03-10,Lobby Bar,Jose Cuervo,Tequila,0,833,833,0,13836
2026-03-10,Lobby Bar,Kingfisher Premium,Beer,0,0,9257,9257,0
2026-03-10,Lobby Bar,Smirnoff Vodka,Vodka,0,2753,2753,0,7122
2026-03-10,Pool Bar,Bacardi White,Rum,0,0,3110,3110,0
2026-03-10,Pool Bar,Baileys,Liqueur,0,830,830,0,4122
2026-03-10,Pool Bar,Bombay Sapphire,Gin,0,1908,1908,0,7655
2026-03-10,Pool Bar,Heineken,Beer,0,0,6299,6299,0
2026-03-10,Pool Bar,Hennessy,Brandy,0,584,584,0,7936
2026-03-10,Pool Bar,Jack Daniel's,Whisky,0,1471,1471,0,8066
2026-03-10,Pool Bar,Johnnie Walker Red,Whisky,0,2796,2796,0,2368
2026-03-10,Pool Bar,Jose Cuervo,Tequila,0,1647,1647,0,4135
2026-03-10,Pool Bar,Kingfisher Premium,Beer,0,0,8765,8765,0
2026-03-10,Pool Bar,Smirnoff Vodka,Vodka,0,0,3662,3662,0
2026-03-10,Rooftop Bar,Bacardi White,Rum,0,2066,3282,1216,0
2026-03-10,Rooftop Bar,Baileys,Liqueur,0,873,873,0,11178
2026-03-10,Rooftop Bar,Bombay Sapphire,Gin,0,0,2972,2972,0
2026-03-10,Rooftop Bar,Heineken,Beer,0,0,9899,9899,0
2026-03-10,Rooftop Bar,Hennessy,Brandy,0,1061,1061,0,10067
2026-03-10,Rooftop Bar,Jack Daniel's,Whisky,0,2135,2135,0,5572
2026-03-10,Rooftop Bar,Johnnie Walker Red,Whisky,8250,4517,4517,0,5804
2026-03-10,Rooftop Bar,Jose Cuervo,Tequila,0,1425,1425,0,5138
2026-03-10,Rooftop Bar,Kingfisher Premium,Beer,0,0,11931,11931,0
2026-03-10,Rooftop Bar,Smirnoff Vodka,Vodka,0,3284,4231,947,583
2026-03-10,Sky Lounge,Bacardi White,Rum,0,3755,3755,0,11340
2026-03-10,Sky Lounge,Baileys,Liqueur,0,1001,1001,0,8027
2026-03-10,Sky Lounge,Bombay Sapphire,Gin,0,2301,2301,0,5140
2026-03-10,Sky Lounge,Heineken,Beer,0,0,8964,8964,0
2026-03-10,Sky Lounge,Hennessy,Brandy,0,942,942,0,12984
2026-03-10,Sky Lounge,Jack Daniel's,Whisky,0,0,2225,2225,0
2026-03-10,Sky Lounge,Johnnie Walker Red,Whisky,0,0,5174,5174,0
2026-03-10,Sky Lounge,Jose Cuervo,Tequila,0,1786,1786,0,7106
2026-03-10,Sky Lounge,Kingfisher Premium,Beer,0,0,10384,10384,0
2026-03-10,Sky Lounge,Smirnoff Vodka,Vodka,0,4374,4374,0,8010
2026-03-11,Garden Bar,Bacardi White,Rum,0,1660,1660,0,2991
2026-03-11,Garden Bar,Baileys,Liqueur,0,681,681,0,2353
2026-03-11,Garden Bar,Bombay Sapphire,Gin,0,1695,1695,0,8869
2026-03-11,Garden Bar,Heineken,Beer,0,4772,5111,339,0
2026-03-11,Garden Bar,Hennessy,Brandy,0,0,0,0,236
2026-03-11,Garden Bar,Jack Daniel's,Whisky,0,1277,1277,0,8011
2026-03-11,Garden Bar,Johnnie Walker Red,Whisky,0,0,2023,2023,0
2026-03-11,Garden Bar,Jose Cuervo,Tequila,0,1049,1049,0,12812
2026-03-11,Garden Bar,Kingfisher Premium,Beer,12350,7767,7767,0,4583
2026-03-11,Garden Bar,Smirnoff Vodka,Vodka,0,2876,2876,0,12031
2026-03-11,Lobby Bar,Bacardi White,Rum,0,431,1924,1493,0
2026-03-11,Lobby Bar,Baileys,Liqueur,12000,564,564,0,11780
2026-03-11,Lobby Bar,Bombay Sapphire,Gin,0,0,1630,1630,0
2026-03-11,Lobby Bar,Heineken,Beer,13650,6223,6223,0,14795
2026-03-11,Lobby Bar,Hennessy,Brandy,0,556,556,0,7454
2026-03-11,Lobby Bar,Jack Daniel's,Whisky,0,1574,1574,0,2914
2026-03-11,Lobby Bar,Johnnie Walker Red,Whisky,0,1956,1956,0,2004
2026-03-11,Lobby Bar,Jose Cuervo,Tequila,0,1423,1423,0,13123
2026-03-11,Lobby Bar,Kingfisher Premium,Beer,0,0,7164,7164,0
2026-03-11,Lobby Bar,Smirnoff Vodka,Vodka,0,2627,2627,0,5316
2026-03-11,Pool Bar,Bacardi White,Rum,8250,2966,2966,0,5284
2026-03-11,Pool Bar,Baileys,Liqueur,0,0,0,0,4122
2026-03-11,Pool Bar,Bombay Sapphire,Gin,0,2684,2684,0,4971
2026-03-11,Pool Bar,Heineken,Beer,0,0,6515,6515,0
2026-03-11,Pool Bar,Hennessy,Brandy,0,791,791,0,6917
2026-03-11,Pool Bar,Jack Daniel's,Whisky,0,2017,2017,0,7982
2026-03-11,Pool Bar,Johnnie Walker Red,Whisky,0,2368,2991,623,0
2026-03-11,Pool Bar,Jose Cuervo,Tequila,0,1642,1642,0,3901
2026-03-11,Pool Bar,Kingfisher Premium,Beer,0,0,7592,7592,0
2026-03-11,Pool Bar,Smirnoff Vodka,Vodka,0,0,4156,4156,0
2026-03-11,Rooftop Bar,Bacardi White,Rum,15750,3531,3531,0,13374
2026-03-11,Rooftop Bar,Baileys,Liqueur,0,846,846,0,10594
2026-03-11,Rooftop Bar,Bombay Sapphire,Gin,0,0,3539,3539,0
2026-03-11,Rooftop Bar,Heineken,Beer,7150,7150,10472,3322,4493
2026-03-11,Rooftop Bar,Hennessy,Brandy,0,777,777,0,9290
2026-03-11,Rooftop Bar,Jack Daniel's,Whisky,0,3486,3486,0,2086
2026-03-11,Rooftop Bar,Johnnie Walker Red,Whisky,0,4491,4491,0,4134
2026-03-11,Rooftop Bar,Jose Cuervo,Tequila,0,2029,2029,0,3767
2026-03-11,Rooftop Bar,Kingfisher Premium,Beer,0,0,13339,13339,0
2026-03-11,Rooftop Bar,Smirnoff Vodka,Vodka,15750,4904,4904,0,10846
2026-03-11,Sky Lounge,Bacardi White,Rum,0,3186,3186,0,4992
2026-03-11,Sky Lounge,Baileys,Liqueur,0,828,828,0,7204
2026-03-11,Sky Lounge,Bombay Sapphire,Gin,0,3374,3374,0,1766
2026-03-11,Sky Lounge,Heineken,Beer,0,0,11296,11296,0
2026-03-11,Sky Lounge,Hennessy,Brandy,0,896,896,0,12439
2026-03-11,Sky Lounge,Jack Daniel's,Whisky,0,0,3320,3320,0
2026-03-11,Sky Lounge,Johnnie Walker Red,Whisky,7500,4831,4831,0,2669
2026-03-11,Sky Lounge,Jose Cuervo,Tequila,0,1810,1810,0,5296
2026-03-11,Sky Lounge,Kingfisher Premium,Beer,0,0,11586,11586,0
2026-03-11,Sky Lounge,Smirnoff Vodka,Vodka,8250,4528,4528,0,10510
2026-03-12,Garden Bar,Bacardi White,Rum,0,2400,2400,0,591
2026-03-12,Garden Bar,Baileys,Liqueur,0,771,771,0,1582
2026-03-12,Garden Bar,Bombay Sapphire,Gin,0,1833,1833,0,7877
2026-03-12,Garden Bar,Heineken,Beer,12350,6346,6346,0,6004
2026-03-12,Garden Bar,Hennessy,Brandy,12600,0,0,0,12836
2026-03-12,Garden Bar,Jack Daniel's,Whisky,0,1493,1493,0,7652
2026-03-12,Garden Bar,Johnnie Walker Red,Whisky,9000,2698,2698,0,6913
2026-03-12,Garden Bar,Jose Cuervo,Tequila,0,1159,1159,0,12085
2026-03-12,Garden Bar,Kingfisher Premium,Beer,0,4583,8184,3601,0
2026-03-12,Garden Bar,Smirnoff Vodka,Vodka,0,3539,3539,0,7388
2026-03-12,Lobby Bar,Bacardi White,Rum,0,0,2256,2256,0
2026-03-12,Lobby Bar,Baileys,Liqueur,0,677,677,0,10923
2026-03-12,Lobby Bar,Bombay Sapphire,Gin,0,0,1698,1698,0
2026-03-12,Lobby Bar,Heineken,Beer,0,5853,5853,0,10036
2026-03-12,Lobby Bar,Hennessy,Brandy,0,560,560,0,6894
2026-03-12,Lobby Bar,Jack Daniel's,Whisky,0,1646,1646,0,1268
2026-03-12,Lobby Bar,Johnnie Walker Red,Whisky,0,2004,3023,1019,1890
2026-03-12,Lobby Bar,Jose Cuervo,Tequila,0,1427,1427,0,12153
2026-03-12,Lobby Bar,Kingfisher Premium,Beer,11700,8688,8688,0,3012
2026-03-12,Lobby Bar,Smirnoff Vodka,Vodka,0,3513,3513,0,982
2026-03-12,Pool Bar,Bacardi White,Rum,0,3225,3225,0,2059
2026-03-12,Pool Bar,Baileys,Liqueur,0,0,0,0,4122
2026-03-12,Pool Bar,Bombay Sapphire,Gin,0,2856,2856,0,2115
2026-03-12,Pool Bar,Heineken,Beer,0,0,8667,8667,0
2026-03-12,Pool Bar,Hennessy,Brandy,0,943,943,0,5907
2026-03-12,Pool Bar,Jack Daniel's,Whisky,0,1804,1804,0,4245
2026-03-12,Pool Bar,Johnnie Walker Red,Whisky,12000,3318,3318,0,8682
2026-03-12,Pool Bar,Jose Cuervo,Tequila,0,1387,1387,0,1106
2026-03-12,Pool Bar,Kingfisher Premium,Beer,0,0,10230,10230,0
2026-03-12,Pool Bar,Smirnoff Vodka,Vodka,6750,4094,4094,0,2656
2026-03-12,Rooftop Bar,Bacardi White,Rum,0,3780,3780,0,10455
2026-03-12,Rooftop Bar,Baileys,Liqueur,0,1227,1227,0,9363
2026-03-12,Rooftop Bar,Bombay Sapphire,Gin,12000,2204,2204,0,9796
2026-03-12,Rooftop Bar,Heineken,Beer,0,0,10823,10823,0
2026-03-12,Rooftop Bar,Hennessy,Brandy,0,842,842,0,8448
2026-03-12,Rooftop Bar,Jack Daniel's,Whisky,6750,2817,2817,0,6019
2026-03-12,Rooftop Bar,Johnnie Walker Red,Whisky,9750,4500,4500,0,6563
2026-03-12,Rooftop Bar,Jose Cuervo,Tequila,15750,1803,1803,0,16499
2026-03-12,Rooftop Bar,Kingfisher Premium,Beer,0,0,15975,15975,0
2026-03-12,Rooftop Bar,Smirnoff Vodka,Vodka,0,6547,6547,0,9672
2026-03-12,Sky Lounge,Bacardi White,Rum,8250,3490,3490,0,12737
2026-03-12,Sky Lounge,Baileys,Liqueur,0,1452,1452,0,5181
2026-03-12,Sky Lounge,Bombay Sapphire,Gin,0,1766,4168,2402,0
2026-03-12,Sky Lounge,Heineken,Beer,0,0,11469,11469,0
2026-03-12,Sky Lounge,Hennessy,Brandy,0,1036,1036,0,11531
2026-03-12,Sky Lounge,Jack Daniel's,Whisky,15000,2347,2347,0,12653
2026-03-12,Sky Lounge,Johnnie Walker Red,Whisky,0,2669,4806,2137,0
2026-03-12,Sky Lounge,Jose Cuervo,Tequila,0,2014,2014,0,4412
2026-03-12,Sky Lounge,Kingfisher Premium,Beer,13650,12759,12759,0,891
2026-03-12,Sky Lounge,Smirnoff Vodka,Vodka,0,6284,6284,0,4226
2026-03-13,Garden Bar,Bacardi White,Rum,0,591,2832,2241,0
2026-03-13,Garden Bar,Baileys,Liqueur,0,682,682,0,1274
2026-03-13,Garden Bar,Bombay Sapphire,Gin,0,2338,2338,0,4566
2026-03-13,Garden Bar,Heineken,Beer,0,6004,8206,2202,1891
2026-03-13,Garden Bar,Hennessy,Brandy,0,0,0,0,12836
2026-03-13,Garden Bar,Jack Daniel's,Whisky,0,2145,2145,0,4373
2026-03-13,Garden Bar,Johnnie Walker Red,Whisky,0,2706,2706,0,4537
2026-03-13,Garden Bar,Jose Cuervo,Tequila,0,1125,1125,0,10528
2026-03-13,Garden Bar,Kingfisher Premium,Beer,0,0,8780,8780,0
2026-03-13,Garden Bar,Smirnoff Vodka,Vodka,0,3063,3063,0,3248
2026-03-13,Lobby Bar,Bacardi White,Rum,13500,3210,3210,0,10290
2026-03-13,Lobby Bar,Baileys,Liqueur,0,802,802,0,10121
2026-03-13,Lobby Bar,Bombay Sapphire,Gin,12000,2455,2455,0,11349
2026-03-13,Lobby Bar,Heineken,Beer,0,5124,11082,5958,0
2026-03-13,Lobby Bar,Hennessy,Brandy,0,676,676,0,6218
2026-03-13,Lobby Bar,Jack Daniel's,Whisky,0,1268,2483,1215,0
2026-03-13,Lobby Bar,Johnnie Walker Red,Whisky,9000,4216,4216,0,6282
2026-03-13,Lobby Bar,Jose Cuervo,Tequila,0,1683,1683,0,9303
2026-03-13,Lobby Bar,Kingfisher Premium,Beer,0,3012,12314,9302,0
2026-03-13,Lobby Bar,Smirnoff Vodka,Vodka,0,982,5551,4569,0
2026-03-13,Pool Bar,Bacardi White,Rum,12750,3999,3999,0,13604
2026-03-13,Pool Bar,Baileys,Liqueur,0,1201,1201,0,3615
2026-03-13,Pool Bar,Bombay Sapphire,Gin,0,2115,3419,1304,0
2026-03-13,Pool Bar,Heineken,Beer,0,0,12432,12432,0
2026-03-13,Pool Bar,Hennessy,Brandy,0,841,841,0,5066
2026-03-13,Pool Bar,Jack Daniel's,Whisky,0,2746,2746,0,1499
2026-03-13,Pool Bar,Johnnie Walker Red,Whisky,0,4707,4707,0,3975
2026-03-13,Pool Bar,Jose Cuervo,Tequila,9000,1608,1608,0,8498
2026-03-13,Pool Bar,Kingfisher Premium,Beer,0,0,14475,14475,0
2026-03-13,Pool Bar,Smirnoff Vodka,Vodka,0,2656,6516,3860,0
2026-03-13,Rooftop Bar,Bacardi White,Rum,0,5087,5087,0,3352
2026-03-13,Rooftop Bar,Baileys,Liqueur,0,1587,1587,0,7518
2026-03-13,Rooftop Bar,Bombay Sapphire,Gin,0,3107,3107,0,7045
2026-03-13,Rooftop Bar,Heineken,Beer,10400,10400,12748,2348,0
2026-03-13,Rooftop Bar,Hennessy,Brandy,0,1038,1038,0,8235
2026-03-13,Rooftop Bar,Jack Daniel's,Whisky,0,4354,4354,0,4472
2026-03-13,Rooftop Bar,Johnnie Walker Red,Whisky,0,5403,5403,0,1160
2026-03-13,Rooftop Bar,Jose Cuervo,Tequila,0,3044,3044,0,12847
2026-03-13,Rooftop Bar,Kingfisher Premium,Beer,9750,9750,20411,10661,0
2026-03-13,Rooftop Bar,Smirnoff Vodka,Vodka,12750,7752,7752,0,9297
2026-03-13,Sky Lounge,Bacardi White,Rum,0,5070,5070,0,7930
2026-03-13,Sky Lounge,Baileys,Liqueur,0,1478,1478,0,3703
2026-03-13,Sky Lounge,Bombay Sapphire,Gin,0,0,3828,3828,0
2026-03-13,Sky Lounge,Heineken,Beer,0,0,13481,13481,0
2026-03-13,Sky Lounge,Hennessy,Brandy,0,0,0,0,10863
2026-03-13,Sky Lounge,Jack Daniel's,Whisky,0,2981,2981,0,9672
2026-03-13,Sky Lounge,Johnnie Walker Red,Whisky,0,0,8546,8546,0
2026-03-13,Sky Lounge,Jose Cuervo,Tequila,0,2790,2790,0,492
2026-03-13,Sky Lounge,Kingfisher Premium,Beer,0,891,18609,17718,0
2026-03-13,Sky Lounge,Smirnoff Vodka,Vodka,0,4226,7709,3483,0
2026-03-14,Garden Bar,Bacardi White,Rum,0,0,3186,3186,0
2026-03-14,Garden Bar,Baileys,Liqueur,0,900,1249,349,0
2026-03-14,Garden Bar,Bombay Sapphire,Gin,0,3123,3123,0,1443
2026-03-14,Garden Bar,Heineken,Beer,0,0,10391,10391,0
2026-03-14,Garden Bar,Hennessy,Brandy,0,792,792,0,12372
2026-03-14,Garden Bar,Jack Daniel's,Whisky,0,1824,1824,0,2549
2026-03-14,Garden Bar,Johnnie Walker Red,Whisky,0,3596,4883,1287,0
2026-03-14,Garden Bar,Jose Cuervo,Tequila,0,1713,1713,0,8815
2026-03-14,Garden Bar,Kingfisher Premium,Beer,8450,8450,12115,3665,852
2026-03-14,Garden Bar,Smirnoff Vodka,Vodka,12000,4516,4516,0,12570
2026-03-14,Lobby Bar,Bacardi White,Rum,0,4477,4477,0,8981
2026-03-14,Lobby Bar,Baileys,Liqueur,0,1246,1246,0,8875
2026-03-14,Lobby Bar,Bombay Sapphire,Gin,0,2538,2538,0,7007
2026-03-14,Lobby Bar,Heineken,Beer,13000,8750,8750,0,4250
2026-03-14,Lobby Bar,Hennessy,Brandy,0,894,894,0,5324
2026-03-14,Lobby Bar,Jack Daniel's,Whisky,15000,3690,3690,0,11420
2026-03-14,Lobby Bar,Johnnie Walker Red,Whisky,0,4784,4860,76,0
2026-03-14,Lobby Bar,Jose Cuervo,Tequila,0,1206,1206,0,9247
2026-03-14,Lobby Bar,Kingfisher Premium,Beer,13000,12041,12041,0,959
2026-03-14,Lobby Bar,Smirnoff Vodka,Vodka,0,0,6415,6415,0
2026-03-14,Pool Bar,Bacardi White,Rum,0,4989,4989,0,9195
2026-03-14,Pool Bar,Baileys,Liqueur,0,1688,1688,0,1233
2026-03-14,Pool Bar,Bombay Sapphire,Gin,9000,4089,4089,0,4911
2026-03-14,Pool Bar,Heineken,Beer,0,0,10984,10984,0
2026-03-14,Pool Bar,Hennessy,Brandy,0,1046,1046,0,4020
2026-03-14,Pool Bar,Jack Daniel's,Whisky,0,1499,3754,2255,0
2026-03-14,Pool Bar,Johnnie Walker Red,Whisky,0,3975,5529,1554,0
2026-03-14,Pool Bar,Jose Cuervo,Tequila,0,1787,1787,0,6711
2026-03-14,Pool Bar,Kingfisher Premium,Beer,0,0,21732,21732,0
2026-03-14,Pool Bar,Smirnoff Vodka,Vodka,14250,6048,6048,0,8202
2026-03-14,Rooftop Bar,Bacardi White,Rum,0,3352,6205,2853,0
2026-03-14,Rooftop Bar,Baileys,Liqueur,0,1881,1881,0,6362
2026-03-14,Rooftop Bar,Bombay Sapphire,Gin,0,5026,5026,0,4079
2026-03-14,Rooftop Bar,Heineken,Beer,6500,6500,14004,7504,0
2026-03-14,Rooftop Bar,Hennessy,Brandy,0,1244,1244,0,6166
2026-03-14,Rooftop Bar,Jack Daniel's,Whisky,0,1665,4716,3051,0
2026-03-14,Rooftop Bar,Johnnie Walker Red,Whisky,9750,5768,5768,0,5142
2026-03-14,Rooftop Bar,Jose Cuervo,Tequila,0,2450,2450,0,12065
2026-03-14,Rooftop Bar,Kingfisher Premium,Beer,0,0,23431,23431,0
2026-03-14,Rooftop Bar,Smirnoff Vodka,Vodka,0,7891,7891,0,8946
2026-03-14,Sky Lounge,Bacardi White,Rum,15000,6531,6531,0,14420
2026-03-14,Sky Lounge,Baileys,Liqueur,0,0,0,0,3703
2026-03-14,Sky Lounge,Bombay Sapphire,Gin,0,0,4981,4981,0
2026-03-14,Sky Lounge,Heineken,Beer,0,0,17230,17230,0
2026-03-14,Sky Lounge,Hennessy,Brandy,0,1317,1317,0,9546
2026-03-14,Sky Lounge,Jack Daniel's,Whisky,0,2958,2958,0,6714
2026-03-14,Sky Lounge,Johnnie Walker Red,Whisky,0,0,7647,7647,0
2026-03-14,Sky Lounge,Jose Cuervo,Tequila,0,492,4017,3525,0
2026-03-14,Sky Lounge,Kingfisher Premium,Beer,12350,12350,23837,11487,0
2026-03-14,Sky Lounge,Smirnoff Vodka,Vodka,9750,9750,11206,1456,0
2026-03-15,Garden Bar,Bacardi White,Rum,0,0,3335,3335,0
2026-03-15,Garden Bar,Baileys,Liqueur,12750,770,770,0,11980
2026-03-15,Garden Bar,Bombay Sapphire,Gin,10500,1905,1905,0,10038
2026-03-15,Garden Bar,Heineken,Beer,0,0,6089,6089,0
2026-03-15,Garden Bar,Hennessy,Brandy,0,0,0,0,12044
2026-03-15,Garden Bar,Jack Daniel's,Whisky,7500,1702,1702,0,8347
2026-03-15,Garden Bar,Johnnie Walker Red,Whisky,0,0,2981,2981,0
2026-03-15,Garden Bar,Jose Cuervo,Tequila,0,1251,1251,0,8301
2026-03-15,Garden Bar,Kingfisher Premium,Beer,11050,6616,6616,0,4434
2026-03-15,Garden Bar,Smirnoff Vodka,Vodka,0,3432,3432,0,7300
2026-03-15,Lobby Bar,Bacardi White,Rum,0,3166,3166,0,2647
2026-03-15,Lobby Bar,Baileys,Liqueur,0,1005,1005,0,7870
2026-03-15,Lobby Bar,Bombay Sapphire,Gin,0,2235,2235,0,4772
2026-03-15,Lobby Bar,Heineken,Beer,7150,5227,5227,0,7216
2026-03-15,Lobby Bar,Hennessy,Brandy,0,0,0,0,5324
2026-03-15,Lobby Bar,Jack Daniel's,Whisky,0,2018,2018,0,9292
2026-03-15,Lobby Bar,Johnnie Walker Red,Whisky,9750,2959,2959,0,6791
2026-03-15,Lobby Bar,Jose Cuervo,Tequila,0,1050,1050,0,7047
2026-03-15,Lobby Bar,Kingfisher Premium,Beer,0,959,8874,7915,0
2026-03-15,Lobby Bar,Smirnoff Vodka,Vodka,15750,4462,4462,0,11288
2026-03-15,Pool Bar,Bacardi White,Rum,0,3752,3752,0,4167
2026-03-15,Pool Bar,Baileys,Liqueur,0,1055,1055,0,178
2026-03-15,Pool Bar,Bombay Sapphire,Gin,0,2663,2663,0,2248
2026-03-15,Pool Bar,Heineken,Beer,9100,6651,6651,0,4544
2026-03-15,Pool Bar,Hennessy,Brandy,0,678,678,0,3383
2026-03-15,Pool Bar,Jack Daniel's,Whisky,0,0,2330,2330,0
2026-03-15,Pool Bar,Johnnie Walker Red,Whisky,11250,3962,3962,0,7839
2026-03-15,Pool Bar,Jose Cuervo,Tequila,0,1752,1752,0,4959
2026-03-15,Pool Bar,Kingfisher Premium,Beer,6500,6500,12996,6496,0
2026-03-15,Pool Bar,Smirnoff Vodka,Vodka,0,4704,4704,0,3498
2026-03-15,Rooftop Bar,Bacardi White,Rum,9750,3245,3245,0,6505
2026-03-15,Rooftop Bar,Baileys,Liqueur,0,1414,1414,0,4223
2026-03-15,Rooftop Bar,Bombay Sapphire,Gin,0,1663,3649,1986,0
2026-03-15,Rooftop Bar,Heineken,Beer,0,0,10511,10511,0
2026-03-15,Rooftop Bar,Hennessy,Brandy,0,1035,1035,0,5131
2026-03-15,Rooftop Bar,Jack Daniel's,Whisky,0,0,4128,4128,0
2026-03-15,Rooftop Bar,Johnnie Walker Red,Whisky,0,3841,3841,0,3663
2026-03-15,Rooftop Bar,Jose Cuervo,Tequila,0,2500,2500,0,7897
2026-03-15,Rooftop Bar,Kingfisher Premium,Beer,13000,13000,13124,124,4732
2026-03-15,Rooftop Bar,Smirnoff Vodka,Vodka,14250,7572,7572,0,8084
2026-03-15,Sky Lounge,Bacardi White,Rum,0,5342,5342,0,10302
2026-03-15,Sky Lounge,Baileys,Liqueur,0,0,0,0,3703
2026-03-15,Sky Lounge,Bombay Sapphire,Gin,0,0,4439,4439,0
2026-03-15,Sky Lounge,Heineken,Beer,0,0,11722,11722,0
2026-03-15,Sky Lounge,Hennessy,Brandy,0,1256,1256,0,9179
2026-03-15,Sky Lounge,Jack Daniel's,Whisky,0,3255,3255,0,3459
2026-03-15,Sky Lounge,Johnnie Walker Red,Whisky,0,0,5842,5842,0
2026-03-15,Sky Lounge,Jose Cuervo,Tequila,0,0,2184,2184,0
2026-03-15,Sky Lounge,Kingfisher Premium,Beer,8450,8450,20723,12273,0
2026-03-15,Sky Lounge,Smirnoff Vodka,Vodka,9750,6114,6114,0,3636
2026-03-16,Garden Bar,Bacardi White,Rum,12000,1477,1477,0,10523
2026-03-16,Garden Bar,Baileys,Liqueur,0,0,0,0,11980
2026-03-16,Garden Bar,Bombay Sapphire,Gin,0,1289,1289,0,8749
2026-03-16,Garden Bar,Heineken,Beer,0,0,5058,5058,0
2026-03-16,Garden Bar,Hennessy,Brandy,0,391,391,0,11653
2026-03-16,Garden Bar,Jack Daniel's,Whisky,0,1144,1144,0,7203
2026-03-16,Garden Bar,Johnnie Walker Red,Whisky,15750,2254,2254,0,13496
2026-03-16,Garden Bar,Jose Cuervo,Tequila,0,995,995,0,7097
2026-03-16,Garden Bar,Kingfisher Premium,Beer,0,4434,5292,858,0
2026-03-16,Garden Bar,Smirnoff Vodka,Vodka,0,2450,2450,0,4850
2026-03-16,Lobby Bar,Bacardi White,Rum,0,1716,1716,0,931
2026-03-16,Lobby Bar,Baileys,Liqueur,0,0,0,0,7870
2026-03-16,Lobby Bar,Bombay Sapphire,Gin,0,1786,1786,0,2986
2026-03-16,Lobby Bar,Heineken,Beer,7800,5495,5495,0,8478
2026-03-16,Lobby Bar,Hennessy,Brandy,0,405,405,0,4981
2026-03-16,Lobby Bar,Jack Daniel's,Whisky,0,1207,1207,0,9109
2026-03-16,Lobby Bar,Johnnie Walker Red,Whisky,0,2130,2130,0,5334
2026-03-16,Lobby Bar,Jose Cuervo,Tequila,0,1142,1142,0,5905
2026-03-16,Lobby Bar,Kingfisher Premium,Beer,7150,5644,5644,0,1506
2026-03-16,Lobby Bar,Smirnoff Vodka,Vodka,0,3386,3386,0,10252
2026-03-16,Pool Bar,Bacardi White,Rum,0,2015,2015,0,54
2026-03-16,Pool Bar,Baileys,Liqueur,0,178,848,670,0
2026-03-16,Pool Bar,Bombay Sapphire,Gin,7500,2242,2242,0,7506
2026-03-16,Pool Bar,Heineken,Beer,0,2449,4890,2441,0
2026-03-16,Pool Bar,Hennessy,Brandy,0,612,612,0,2730
2026-03-16,Pool Bar,Jack Daniel's,Whisky,12750,2416,2416,0,10334
2026-03-16,Pool Bar,Johnnie Walker Red,Whisky,0,2163,2163,0,6342
2026-03-16,Pool Bar,Jose Cuervo,Tequila,0,1184,1184,0,3775
2026-03-16,Pool Bar,Kingfisher Premium,Beer,11700,9986,9986,0,1714
2026-03-16,Pool Bar,Smirnoff Vodka,Vodka,14250,3188,3188,0,14560
2026-03-16,Rooftop Bar,Bacardi White,Rum,0,2913,2913,0,3592
2026-03-16,Rooftop Bar,Baileys,Liqueur,0,817,817,0,3406
2026-03-16,Rooftop Bar,Bombay Sapphire,Gin,15000,2971,2971,0,14047
2026-03-16,Rooftop Bar,Heineken,Beer,0,0,9295,9295,0
2026-03-16,Rooftop Bar,Hennessy,Brandy,0,848,848,0,4283
2026-03-16,Rooftop Bar,Jack Daniel's,Whisky,9000,2269,2269,0,6731
2026-03-16,Rooftop Bar,Johnnie Walker Red,Whisky,0,1301,3485,2184,0
2026-03-16,Rooftop Bar,Jose Cuervo,Tequila,0,1497,1497,0,6400
2026-03-16,Rooftop Bar,Kingfisher Premium,Beer,0,0,12028,12028,0
2026-03-16,Rooftop Bar,Smirnoff Vodka,Vodka,0,4756,4756,0,3328
2026-03-16,Sky Lounge,Bacardi White,Rum,0,3496,3496,0,4313
2026-03-16,Sky Lounge,Baileys,Liqueur,0,883,883,0,3145
2026-03-16,Sky Lounge,Bombay Sapphire,Gin,0,0,2125,2125,0
2026-03-16,Sky Lounge,Heineken,Beer,7800,7800,12559,4759,1161
2026-03-16,Sky Lounge,Hennessy,Brandy,0,903,903,0,8075
2026-03-16,Sky Lounge,Jack Daniel's,Whisky,0,2402,2402,0,1057
2026-03-16,Sky Lounge,Johnnie Walker Red,Whisky,12000,4421,4421,0,7579
2026-03-16,Sky Lounge,Jose Cuervo,Tequila,12750,1672,1672,0,11078
2026-03-16,Sky Lounge,Kingfisher Premium,Beer,9100,9100,13792,4692,0
2026-03-16,Sky Lounge,Smirnoff Vodka,Vodka,0,3636,4522,886,0
2026-03-17,Garden Bar,Bacardi White,Rum,0,1797,1797,0,8920
2026-03-17,Garden Bar,Baileys,Liqueur,0,0,0,0,11980
2026-03-17,Garden Bar,Bombay Sapphire,Gin,0,1634,1634,0,7857
2026-03-17,Garden Bar,Heineken,Beer,0,0,6159,6159,0
2026-03-17,Garden Bar,Hennessy,Brandy,0,511,511,0,11404
2026-03-17,Garden Bar,Jack Daniel's,Whisky,0,1222,1222,0,5981
2026-03-17,Garden Bar,Johnnie Walker Red,Whisky,0,2437,2437,0,11059
2026-03-17,Garden Bar,Jose Cuervo,Tequila,0,967,967,0,6038
2026-03-17,Garden Bar,Kingfisher Premium,Beer,8450,6469,6469,0,4465
2026-03-17,Garden Bar,Smirnoff Vodka,Vodka,0,2402,2402,0,2448
2026-03-17,Lobby Bar,Bacardi White,Rum,0,931,2210,1279,0
2026-03-17,Lobby Bar,Baileys,Liqueur,0,716,716,0,7154
2026-03-17,Lobby Bar,Bombay Sapphire,Gin,0,1879,1879,0,1107
2026-03-17,Lobby Bar,Heineken,Beer,0,3558,3558,0,4920
2026-03-17,Lobby Bar,Hennessy,Brandy,0,516,516,0,4403
2026-03-17,Lobby Bar,Jack Daniel's,Whisky,0,1422,1422,0,6663
2026-03-17,Lobby Bar,Johnnie Walker Red,Whisky,0,2771,2771,0,4098
2026-03-17,Lobby Bar,Jose Cuervo,Tequila,0,1357,1357,0,4807
2026-03-17,Lobby Bar,Kingfisher Premium,Beer,7150,8533,8533,0,123
2026-03-17,Lobby Bar,Smirnoff Vodka,Vodka,0,2923,2923,0,4979
2026-03-17,Pool Bar,Bacardi White,Rum,15750,2419,2419,0,15645
2026-03-17,Pool Bar,Baileys,Liqueur,0,0,522,522,0
2026-03-17,Pool Bar,Bombay Sapphire,Gin,0,2544,2544,0,4962
2026-03-17,Pool Bar,Heineken,Beer,0,0,7366,7366,0
2026-03-17,Pool Bar,Hennessy,Brandy,0,509,509,0,2270
2026-03-17,Pool Bar,Jack Daniel's,Whisky,0,1596,1596,0,8738
2026-03-17,Pool Bar,Johnnie Walker Red,Whisky,0,2579,2579,0,2546
2026-03-17,Pool Bar,Jose Cuervo,Tequila,0,1370,1370,0,2405
2026-03-17,Pool Bar,Kingfisher Premium,Beer,12350,10005,10005,0,4059
2026-03-17,Pool Bar,Smirnoff Vodka,Vodka,0,3251,3251,0,11309
2026-03-17,Rooftop Bar,Bacardi White,Rum,6750,4267,4267,0,6075
2026-03-17,Rooftop Bar,Baileys,Liqueur,0,977,977,0,2429
2026-03-17,Rooftop Bar,Bombay Sapphire,Gin,0,2644,2644,0,9385
2026-03-17,Rooftop Bar,Heineken,Beer,0,0,7297,7297,0
2026-03-17,Rooftop Bar,Hennessy,Brandy,0,786,786,0,3497
2026-03-17,Rooftop Bar,Jack Daniel's,Whisky,0,2279,2279,0,4452
2026-03-17,Rooftop Bar,Johnnie Walker Red,Whisky,0,0,4027,4027,0
2026-03-17,Rooftop Bar,Jose Cuervo,Tequila,0,2065,2065,0,4335
2026-03-17,Rooftop Bar,Kingfisher Premium,Beer,0,0,10911,10911,0
2026-03-17,Rooftop Bar,Smirnoff Vodka,Vodka,0,3328,4985,1657,679
2026-03-17,Sky Lounge,Bacardi White,Rum,12000,4321,4321,0,13393
2026-03-17,Sky Lounge,Baileys,Liqueur,0,1019,1019,0,1801
2026-03-17,Sky Lounge,Bombay Sapphire,Gin,0,0,4254,4254,0
2026-03-17,Sky Lounge,Heineken,Beer,0,0,9149,9149,0
2026-03-17,Sky Lounge,Hennessy,Brandy,0,650,650,0,6737
2026-03-17,Sky Lounge,Jack Daniel's,Whisky,6750,2595,2595,0,7345
2026-03-17,Sky Lounge,Johnnie Walker Red,Whisky,0,3265,3265,0,4853
2026-03-17,Sky Lounge,Jose Cuervo,Tequila,0,1338,1338,0,10044
2026-03-17,Sky Lounge,Kingfisher Premium,Beer,9100,9100,13805,4705,7648
2026-03-17,Sky Lounge,Smirnoff Vodka,Vodka,0,0,5284,5284,0
2026-03-18,Garden Bar,Bacardi White,Rum,0,2012,2012,0,6714
2026-03-18,Garden Bar,Baileys,Liqueur,0,523,523,0,11774
2026-03-18,Garden Bar,Bombay Sapphire,Gin,0,1758,1758,0,5357
2026-03-18,Garden Bar,Heineken,Beer,0,0,6063,6063,0
2026-03-18,Garden Bar,Hennessy,Brandy,0,489,489,0,10653
2026-03-18,Garden Bar,Jack Daniel's,Whisky,0,1227,1227,0,4754
2026-03-18,Garden Bar,Johnnie Walker Red,Whisky,0,2070,2070,0,8989
2026-03-18,Garden Bar,Jose Cuervo,Tequila,0,1092,1092,0,5332
2026-03-18,Garden Bar,Kingfisher Premium,Beer,12350,5183,5183,0,9148
2026-03-18,Garden Bar,Smirnoff Vodka,Vodka,0,2448,3140,692,2088
2026-03-18,Lobby Bar,Bacardi White,Rum,0,0,2764,2764,0
2026-03-18,Lobby Bar,Baileys,Liqueur,0,881,881,0,6273
2026-03-18,Lobby Bar,Bombay Sapphire,Gin,0,1107,1857,750,0
2026-03-18,Lobby Bar,Heineken,Beer,11050,3028,3028,0,13814
2026-03-18,Lobby Bar,Hennessy,Brandy,0,620,620,0,4095
2026-03-18,Lobby Bar,Jack Daniel's,Whisky,0,1656,1656,0,5037
2026-03-18,Lobby Bar,Johnnie Walker Red,Whisky,0,1890,2164,274,0
2026-03-18,Lobby Bar,Jose Cuervo,Tequila,0,1242,1242,0,3306
2026-03-18,Lobby Bar,Kingfisher Premium,Beer,9100,7636,7636,0,3258
2026-03-18,Lobby Bar,Smirnoff Vodka,Vodka,0,3374,3374,0,3076
2026-03-18,Pool Bar,Bacardi White,Rum,0,2268,2268,0,11117
2026-03-18,Pool Bar,Baileys,Liqueur,12750,852,852,0,11898
2026-03-18,Pool Bar,Bombay Sapphire,Gin,0,1802,1802,0,4134
2026-03-18,Pool Bar,Heineken,Beer,0,0,8570,8570,0
2026-03-18,Pool Bar,Hennessy,Brandy,0,530,530,0,1691
2026-03-18,Pool Bar,Jack Daniel's,Whisky,0,2189,2189,0,7013
2026-03-18,Pool Bar,Johnnie Walker Red,Whisky,10500,3367,3367,0,9679
2026-03-18,Pool Bar,Jose Cuervo,Tequila,0,1191,1191,0,1906
2026-03-18,Pool Bar,Kingfisher Premium,Beer,0,4059,9664,5605,0
2026-03-18,Pool Bar,Smirnoff Vodka,Vodka,0,3264,3264,0,8045
2026-03-18,Rooftop Bar,Bacardi White,Rum,0,3277,3277,0,2798
2026-03-18,Rooftop Bar,Baileys,Liqueur,0,755,755,0,1674
2026-03-18,Rooftop Bar,Bombay Sapphire,Gin,0,2802,2802,0,6583
2026-03-18,Rooftop Bar,Heineken,Beer,0,0,10693,10693,0
2026-03-18,Rooftop Bar,Hennessy,Brandy,0,761,761,0,2736
2026-03-18,Rooftop Bar,Jack Daniel's,Whisky,0,1885,1885,0,3668
2026-03-18,Rooftop Bar,Johnnie Walker Red,Whisky,9000,4002,4002,0,4998
2026-03-18,Rooftop Bar,Jose Cuervo,Tequila,0,1481,1481,0,4198
2026-03-18,Rooftop Bar,Kingfisher Premium,Beer,7800,7800,12926,5126,0
2026-03-18,Rooftop Bar,Smirnoff Vodka,Vodka,0,0,4770,4770,0
2026-03-18,Sky Lounge,Bacardi White,Rum,0,4323,4323,0,7669
2026-03-18,Sky Lounge,Baileys,Liqueur,0,1232,1232,0,569
2026-03-18,Sky Lounge,Bombay Sapphire,Gin,9000,2834,2834,0,6166
2026-03-18,Sky Lounge,Heineken,Beer,0,0,11218,11218,0
2026-03-18,Sky Lounge,Hennessy,Brandy,0,896,896,0,6529
2026-03-18,Sky Lounge,Jack Daniel's,Whisky,0,3118,3118,0,2094
2026-03-18,Sky Lounge,Johnnie Walker Red,Whisky,0,4314,4602,288,2496
2026-03-18,Sky Lounge,Jose Cuervo,Tequila,0,1257,1257,0,8502
2026-03-18,Sky Lounge,Kingfisher Premium,Beer,0,0,16496,16496,0
2026-03-18,Sky Lounge,Smirnoff Vodka,Vodka,0,0,5493,5493,0
2026-03-19,Garden Bar,Bacardi White,Rum,0,2206,2206,0,4508
2026-03-19,Garden Bar,Baileys,Liqueur,0,725,725,0,10732
2026-03-19,Garden Bar,Bombay Sapphire,Gin,0,2103,2103,0,3254
2026-03-19,Garden Bar,Heineken,Beer,0,0,5477,5477,0
2026-03-19,Garden Bar,Hennessy,Brandy,0,497,497,0,10420
2026-03-19,Garden Bar,Jack Daniel's,Whisky,0,1673,1673,0,4401
2026-03-19,Garden Bar,Johnnie Walker Red,Whisky,0,2819,2819,0,6170
2026-03-19,Garden Bar,Jose Cuervo,Tequila,0,1250,1250,0,3260
2026-03-19,Garden Bar,Kingfisher Premium,Beer,0,8037,8037,0,1537
2026-03-19,Garden Bar,Smirnoff Vodka,Vodka,0,0,2844,2844,0
2026-03-19,Lobby Bar,Bacardi White,Rum,0,0,2854,2854,0
2026-03-19,Lobby Bar,Baileys,Liqueur,0,705,705,0,5568
2026-03-19,Lobby Bar,Bombay Sapphire,Gin,0,0,2277,2277,0
2026-03-19,Lobby Bar,Heineken,Beer,0,5342,5342,0,10908
2026-03-19,Lobby Bar,Hennessy,Brandy,0,604,604,0,3467
2026-03-19,Lobby Bar,Jack Daniel's,Whisky,0,2008,2008,0,2999
2026-03-19,Lobby Bar,Johnnie Walker Red,Whisky,12000,3059,3059,0,8941
2026-03-19,Lobby Bar,Jose Cuervo,Tequila,0,1232,1232,0,2594
2026-03-19,Lobby Bar,Kingfisher Premium,Beer,11700,8702,8702,0,11142
2026-03-19,Lobby Bar,Smirnoff Vodka,Vodka,0,1605,3269,1664,0
2026-03-19,Pool Bar,Bacardi White,Rum,0,3095,3095,0,8022
2026-03-19,Pool Bar,Baileys,Liqueur,0,800,800,0,11716
2026-03-19,Pool Bar,Bombay Sapphire,Gin,0,2170,2170,0,2139
2026-03-19,Pool Bar,Heineken,Beer,0,0,7873,7873,0
2026-03-19,Pool Bar,Hennessy,Brandy,0,0,0,0,1691
2026-03-19,Pool Bar,Jack Daniel's,Whisky,0,1755,1755,0,4981
2026-03-19,Pool Bar,Johnnie Walker Red,Whisky,0,3816,3816,0,5863
2026-03-19,Pool Bar,Jose Cuervo,Tequila,0,1214,1677,463,1183
2026-03-19,Pool Bar,Kingfisher Premium,Beer,0,0,9787,9787,0
2026-03-19,Pool Bar,Smirnoff Vodka,Vodka,0,3585,3585,0,4460
2026-03-19,Rooftop Bar,Bacardi White,Rum,0,2798,4720,1922,0
2026-03-19,Rooftop Bar,Baileys,Liqueur,0,1345,1345,0,329
2026-03-19,Rooftop Bar,Bombay Sapphire,Gin,0,1817,1817,0,4766
2026-03-19,Rooftop Bar,Heineken,Beer,8450,8450,12141,3691,0
2026-03-19,Rooftop Bar,Hennessy,Brandy,0,0,0,0,2736
2026-03-19,Rooftop Bar,Jack Daniel's,Whisky,0,2567,2612,45,0
2026-03-19,Rooftop Bar,Johnnie Walker Red,Whisky,15000,5478,5478,0,15155
2026-03-19,Rooftop Bar,Jose Cuervo,Tequila,0,1782,1782,0,2027
2026-03-19,Rooftop Bar,Kingfisher Premium,Beer,0,0,11461,11461,0
2026-03-19,Rooftop Bar,Smirnoff Vodka,Vodka,0,0,5137,5137,0
2026-03-19,Sky Lounge,Bacardi White,Rum,0,6089,6089,0,3838
2026-03-19,Sky Lounge,Baileys,Liqueur,6000,0,0,0,6569
2026-03-19,Sky Lounge,Bombay Sapphire,Gin,0,2534,2534,0,3632
2026-03-19,Sky Lounge,Heineken,Beer,0,0,11186,11186,0
2026-03-19,Sky Lounge,Hennessy,Brandy,0,1119,1119,0,4722
2026-03-19,Sky Lounge,Jack Daniel's,Whisky,14250,2834,2834,0,13510
2026-03-19,Sky Lounge,Johnnie Walker Red,Whisky,15000,4163,4163,0,14096
2026-03-19,Sky Lounge,Jose Cuervo,Tequila,0,1785,1785,0,6698
2026-03-19,Sky Lounge,Kingfisher Premium,Beer,0,0,14121,14121,0
2026-03-19,Sky Lounge,Smirnoff Vodka,Vodka,0,0,5322,5322,0
2026-03-20,Garden Bar,Bacardi White,Rum,0,2977,2977,0,1531
2026-03-20,Garden Bar,Baileys,Liqueur,0,850,850,0,10566
2026-03-20,Garden Bar,Bombay Sapphire,Gin,0,2191,2191,0,1063
2026-03-20,Garden Bar,Heineken,Beer,0,0,7368,7368,0
2026-03-20,Garden Bar,Hennessy,Brandy,0,772,772,0,9724
2026-03-20,Garden Bar,Jack Daniel's,Whisky,0,1704,1704,0,2516
2026-03-20,Garden Bar,Johnnie Walker Red,Whisky,0,3191,3191,0,2979
2026-03-20,Garden Bar,Jose Cuervo,Tequila,0,1475,1475,0,1785
2026-03-20,Garden Bar,Kingfisher Premium,Beer,12350,11010,11010,0,2451
2026-03-20,Garden Bar,Smirnoff Vodka,Vodka,0,0,3756,3756,0
2026-03-20,Lobby Bar,Bacardi White,Rum,0,0,3318,3318,0
2026-03-20,Lobby Bar,Baileys,Liqueur,0,1018,1018,0,5213
2026-03-20,Lobby Bar,Bombay Sapphire,Gin,15000,2794,2794,0,13251
2026-03-20,Lobby Bar,Heineken,Beer,0,7600,9143,1543,0
2026-03-20,Lobby Bar,Hennessy,Brandy,0,843,843,0,3118
2026-03-20,Lobby Bar,Jack Daniel's,Whisky,9750,2721,2721,0,10028
2026-03-20,Lobby Bar,Johnnie Walker Red,Whisky,0,4512,4512,0,4429
2026-03-20,Lobby Bar,Jose Cuervo,Tequila,6000,1575,1575,0,6499
2026-03-20,Lobby Bar,Kingfisher Premium,Beer,11050,15369,15369,0,5603
2026-03-20,Lobby Bar,Smirnoff Vodka,Vodka,6000,5104,5104,0,5357
2026-03-20,Pool Bar,Bacardi White,Rum,0,3795,3795,0,5831
2026-03-20,Pool Bar,Baileys,Liqueur,0,0,0,0,11098
2026-03-20,Pool Bar,Bombay Sapphire,Gin,13500,3064,3064,0,11426
2026-03-20,Pool Bar,Heineken,Beer,0,0,10867,10867,0
2026-03-20,Pool Bar,Hennessy,Brandy,0,0,0,0,1691
2026-03-20,Pool Bar,Jack Daniel's,Whisky,0,2201,2201,0,2593
2026-03-20,Pool Bar,Johnnie Walker Red,Whisky,0,5157,5157,0,706
2026-03-20,Pool Bar,Jose Cuervo,Tequila,15750,2025,2025,0,13725
2026-03-20,Pool Bar,Kingfisher Premium,Beer,0,0,14595,14595,0
2026-03-20,Pool Bar,Smirnoff Vodka,Vodka,0,4460,7010,2550,0
2026-03-20,Rooftop Bar,Bacardi White,Rum,0,0,4028,4028,0
2026-03-20,Rooftop Bar,Baileys,Liqueur,0,0,0,0,329
2026-03-20,Rooftop Bar,Bombay Sapphire,Gin,0,3342,3342,0,1424
2026-03-20,Rooftop Bar,Heineken,Beer,8450,8450,13763,5313,0
2026-03-20,Rooftop Bar,Hennessy,Brandy,0,728,728,0,2498
2026-03-20,Rooftop Bar,Jack Daniel's,Whisky,0,0,3187,3187,0
2026-03-20,Rooftop Bar,Johnnie Walker Red,Whisky,0,7626,7626,0,6894
2026-03-20,Rooftop Bar,Jose Cuervo,Tequila,0,1072,2486,1414,0
2026-03-20,Rooftop Bar,Kingfisher Premium,Beer,0,0,15911,15911,0
2026-03-20,Rooftop Bar,Smirnoff Vodka,Vodka,0,0,5201,5201,0
2026-03-20,Sky Lounge,Bacardi White,Rum,0,1580,6366,4786,0
2026-03-20,Sky Lounge,Baileys,Liqueur,0,0,0,0,6569
2026-03-20,Sky Lounge,Bombay Sapphire,Gin,15750,4510,4510,0,14872
2026-03-20,Sky Lounge,Heineken,Beer,0,0,16403,16403,0
2026-03-20,Sky Lounge,Hennessy,Brandy,0,1144,1144,0,3578
2026-03-20,Sky Lounge,Jack Daniel's,Whisky,0,4704,4704,0,9853
2026-03-20,Sky Lounge,Johnnie Walker Red,Whisky,0,7386,7386,0,3451
2026-03-20,Sky Lounge,Jose Cuervo,Tequila,0,2774,2774,0,4954
2026-03-20,Sky Lounge,Kingfisher Premium,Beer,9750,9750,19618,9868,0
2026-03-20,Sky Lounge,Smirnoff Vodka,Vodka,8250,6919,6919,0,3537
2026-03-21,Garden Bar,Bacardi White,Rum,0,1531,3919,2388,659
2026-03-21,Garden Bar,Baileys,Liqueur,0,1135,1135,0,8964
2026-03-21,Garden Bar,Bombay Sapphire,Gin,0,1063,2917,1854,728
2026-03-21,Garden Bar,Heineken,Beer,0,0,10066,10066,0
2026-03-21,Garden Bar,Hennessy,Brandy,0,0,0,0,9384
2026-03-21,Garden Bar,Jack Daniel's,Whisky,0,1377,2331,954,0
2026-03-21,Garden Bar,Johnnie Walker Red,Whisky,0,2979,4821,1842,0
2026-03-21,Garden Bar,Jose Cuervo,Tequila,0,1626,1626,0,159
2026-03-21,Garden Bar,Kingfisher Premium,Beer,0,2451,8961,6510,1724
2026-03-21,Garden Bar,Smirnoff Vodka,Vodka,0,0,5876,5876,0
2026-03-21,Lobby Bar,Bacardi White,Rum,8250,4111,4111,0,4489
2026-03-21,Lobby Bar,Baileys,Liqueur,0,748,748,0,4453
2026-03-21,Lobby Bar,Bombay Sapphire,Gin,0,3073,3073,0,11556
2026-03-21,Lobby Bar,Heineken,Beer,0,0,13934,13934,0
2026-03-21,Lobby Bar,Hennessy,Brandy,0,1025,1025,0,1667
2026-03-21,Lobby Bar,Jack Daniel's,Whisky,0,2770,2770,0,9032
2026-03-21,Lobby Bar,Johnnie Walker Red,Whisky,0,4429,5746,1317,0
2026-03-21,Lobby Bar,Jose Cuervo,Tequila,0,2233,2233,0,4266
2026-03-21,Lobby Bar,Kingfisher Premium,Beer,0,266,15041,14775,0
2026-03-21,Lobby Bar,Smirnoff Vodka,Vodka,14250,4375,4375,0,14022
2026-03-21,Pool Bar,Bacardi White,Rum,0,4227,4600,373,0
2026-03-21,Pool Bar,Baileys,Liqueur,0,1672,1672,0,9426
2026-03-21,Pool Bar,Bombay Sapphire,Gin,0,4252,4252,0,7174
2026-03-21,Pool Bar,Heineken,Beer,9100,9100,12494,3394,0
2026-03-21,Pool Bar,Hennessy,Brandy,0,1042,1042,0,649
2026-03-21,Pool Bar,Jack Daniel's,Whisky,0,2593,2802,209,0
2026-03-21,Pool Bar,Johnnie Walker Red,Whisky,0,706,5152,4446,0
2026-03-21,Pool Bar,Jose Cuervo,Tequila,0,2568,2568,0,11157
2026-03-21,Pool Bar,Kingfisher Premium,Beer,0,0,14379,14379,0
2026-03-21,Pool Bar,Smirnoff Vodka,Vodka,14250,7523,7523,0,6727
2026-03-21,Rooftop Bar,Bacardi White,Rum,0,0,6680,6680,0
2026-03-21,Rooftop Bar,Baileys,Liqueur,0,329,2058,1729,0
2026-03-21,Rooftop Bar,Bombay Sapphire,Gin,0,1424,5476,4052,0
2026-03-21,Rooftop Bar,Heineken,Beer,0,0,14193,14193,0
2026-03-21,Rooftop Bar,Hennessy,Brandy,0,1640,1640,0,368
2026-03-21,Rooftop Bar,Jack Daniel's,Whisky,0,0,2999,2999,0
2026-03-21,Rooftop Bar,Johnnie Walker Red,Whisky,11250,9102,9102,0,9042
2026-03-21,Rooftop Bar,Jose Cuervo,Tequila,0,0,3028,3028,0
2026-03-21,Rooftop Bar,Kingfisher Premium,Beer,13650,13650,19082,5432,6762
2026-03-21,Rooftop Bar,Smirnoff Vodka,Vodka,0,0,8447,8447,0
2026-03-21,Sky Lounge,Bacardi White,Rum,8250,4674,4674,0,3576
2026-03-21,Sky Lounge,Baileys,Liqueur,0,2108,2108,0,4461
2026-03-21,Sky Lounge,Bombay Sapphire,Gin,0,7032,7032,0,7840
2026-03-21,Sky Lounge,Heineken,Beer,9750,9750,17019,7269,0
2026-03-21,Sky Lounge,Hennessy,Brandy,0,1218,1218,0,2360
2026-03-21,Sky Lounge,Jack Daniel's,Whisky,0,4558,4558,0,7045
2026-03-21,Sky Lounge,Johnnie Walker Red,Whisky,8250,6977,6977,0,4724
2026-03-21,Sky Lounge,Jose Cuervo,Tequila,15000,3183,3183,0,17662
2026-03-21,Sky Lounge,Kingfisher Premium,Beer,0,0,15832,15832,0
2026-03-21,Sky Lounge,Smirnoff Vodka,Vodka,0,1331,10543,9212,0
2026-03-22,Garden Bar,Bacardi White,Rum,0,0,2758,2758,0
2026-03-22,Garden Bar,Baileys,Liqueur,0,702,702,0,8045
2026-03-22,Garden Bar,Bombay Sapphire,Gin,0,0,1861,1861,0
2026-03-22,Garden Bar,Heineken,Beer,10400,6566,6566,0,6953
2026-03-22,Garden Bar,Hennessy,Brandy,0,669,669,0,8777
2026-03-22,Garden Bar,Jack Daniel's,Whisky,0,0,2028,2028,0
2026-03-22,Garden Bar,Johnnie Walker Red,Whisky,0,0,3773,3773,0
2026-03-22,Garden Bar,Jose Cuervo,Tequila,0,159,1069,910,0
2026-03-22,Garden Bar,Kingfisher Premium,Beer,0,0,9632,9632,0
2026-03-22,Garden Bar,Smirnoff Vodka,Vodka,0,0,3116,3116,0
2026-03-22,Lobby Bar,Bacardi White,Rum,0,2722,2722,0,2377
2026-03-22,Lobby Bar,Baileys,Liqueur,0,929,929,0,2873
2026-03-22,Lobby Bar,Bombay Sapphire,Gin,0,2252,2252,0,8748
2026-03-22,Lobby Bar,Heineken,Beer,0,0,7032,7032,0
2026-03-22,Lobby Bar,Hennessy,Brandy,0,0,0,0,1311
2026-03-22,Lobby Bar,Jack Daniel's,Whisky,0,2003,2003,0,5255
2026-03-22,Lobby Bar,Johnnie Walker Red,Whisky,0,0,2716,2716,0
2026-03-22,Lobby Bar,Jose Cuervo,Tequila,0,1477,1477,0,3842
2026-03-22,Lobby Bar,Kingfisher Premium,Beer,7800,7800,8478,678,0
2026-03-22,Lobby Bar,Smirnoff Vodka,Vodka,0,4550,4550,0,6221
2026-03-22,Pool Bar,Bacardi White,Rum,0,0,3732,3732,0
2026-03-22,Pool Bar,Baileys,Liqueur,0,0,0,0,9426
2026-03-22,Pool Bar,Bombay Sapphire,Gin,0,2789,2789,0,4385
2026-03-22,Pool Bar,Heineken,Beer,0,0,7959,7959,0
2026-03-22,Pool Bar,Hennessy,Brandy,0,640,640,0,126
2026-03-22,Pool Bar,Jack Daniel's,Whisky,14250,2890,2890,0,13983
2026-03-22,Pool Bar,Johnnie Walker Red,Whisky,0,0,4278,4278,0
2026-03-22,Pool Bar,Jose Cuervo,Tequila,0,1960,1960,0,10301
2026-03-22,Pool Bar,Kingfisher Premium,Beer,0,0,8845,8845,0
2026-03-22,Pool Bar,Smirnoff Vodka,Vodka,0,4421,4421,0,4119
2026-03-22,Rooftop Bar,Bacardi White,Rum,15000,4830,4830,0,10170
2026-03-22,Rooftop Bar,Baileys,Liqueur,0,0,1487,1487,0
2026-03-22,Rooftop Bar,Bombay Sapphire,Gin,0,0,3781,3781,0
2026-03-22,Rooftop Bar,Heineken,Beer,0,0,12810,12810,0
2026-03-22,Rooftop Bar,Hennessy,Brandy,0,0,0,0,368
2026-03-22,Rooftop Bar,Jack Daniel's,Whisky,8250,3414,3414,0,5768
2026-03-22,Rooftop Bar,Johnnie Walker Red,Whisky,0,5973,5973,0,3069
2026-03-22,Rooftop Bar,Jose Cuervo,Tequila,0,0,1866,1866,0
2026-03-22,Rooftop Bar,Kingfisher Premium,Beer,0,0,13356,13356,0
2026-03-22,Rooftop Bar,Smirnoff Vodka,Vodka,9000,7278,7278,0,1722
2026-03-22,Sky Lounge,Bacardi White,Rum,0,3576,4524,948,0
2026-03-22,Sky Lounge,Baileys,Liqueur,0,1342,1342,0,3119
2026-03-22,Sky Lounge,Bombay Sapphire,Gin,0,4608,4608,0,3232
2026-03-22,Sky Lounge,Heineken,Beer,5850,5850,11522,5672,4294
2026-03-22,Sky Lounge,Hennessy,Brandy,0,1056,1056,0,1304
2026-03-22,Sky Lounge,Jack Daniel's,Whisky,0,3180,3180,0,2401
2026-03-22,Sky Lounge,Johnnie Walker Red,Whisky,0,4690,4690,0,34
2026-03-22,Sky Lounge,Jose Cuervo,Tequila,0,2138,2138,0,14667
2026-03-22,Sky Lounge,Kingfisher Premium,Beer,0,0,16576,16576,0
2026-03-22,Sky Lounge,Smirnoff Vodka,Vodka,0,0,6554,6554,0
2026-03-23,Garden Bar,Bacardi White,Rum,0,0,1610,1610,0
2026-03-23,Garden Bar,Baileys,Liqueur,0,0,0,0,8045
2026-03-23,Garden Bar,Bombay Sapphire,Gin,0,0,1136,1136,0
2026-03-23,Garden Bar,Heineken,Beer,0,3834,4287,453,0
2026-03-23,Garden Bar,Hennessy,Brandy,0,415,415,0,8559
2026-03-23,Garden Bar,Jack Daniel's,Whisky,0,0,1095,1095,0
2026-03-23,Garden Bar,Johnnie Walker Red,Whisky,8250,2909,2909,0,7058
2026-03-23,Garden Bar,Jose Cuervo,Tequila,0,0,971,971,0
2026-03-23,Garden Bar,Kingfisher Premium,Beer,0,0,7168,7168,0
2026-03-23,Garden Bar,Smirnoff Vodka,Vodka,0,0,1800,1800,0
2026-03-23,Lobby Bar,Bacardi White,Rum,12000,1797,1797,0,11620
2026-03-23,Lobby Bar,Baileys,Liqueur,0,0,0,0,2873
2026-03-23,Lobby Bar,Bombay Sapphire,Gin,0,1687,1687,0,5194
2026-03-23,Lobby Bar,Heineken,Beer,5200,5200,6295,1095,0
2026-03-23,Lobby Bar,Hennessy,Brandy,0,382,382,0,1132
2026-03-23,Lobby Bar,Jack Daniel's,Whisky,0,1490,1490,0,3765
2026-03-23,Lobby Bar,Johnnie Walker Red,Whisky,9750,1995,1995,0,7755
2026-03-23,Lobby Bar,Jose Cuervo,Tequila,0,836,836,0,1953
2026-03-23,Lobby Bar,Kingfisher Premium,Beer,6500,6500,6933,433,0
2026-03-23,Lobby Bar,Smirnoff Vodka,Vodka,0,2844,2844,0,3377
2026-03-23,Pool Bar,Bacardi White,Rum,15750,2693,2693,0,13057
2026-03-23,Pool Bar,Baileys,Liqueur,0,732,732,0,8694
2026-03-23,Pool Bar,Bombay Sapphire,Gin,0,2129,2129,0,3461
2026-03-23,Pool Bar,Heineken,Beer,0,0,7062,7062,0
2026-03-23,Pool Bar,Hennessy,Brandy,0,9,618,609,0
2026-03-23,Pool Bar,Jack Daniel's,Whisky,0,1604,1604,0,10078
2026-03-23,Pool Bar,Johnnie Walker Red,Whisky,0,0,3689,3689,0
2026-03-23,Pool Bar,Jose Cuervo,Tequila,0,1269,1269,0,7928
2026-03-23,Pool Bar,Kingfisher Premium,Beer,0,0,10196,10196,0
2026-03-23,Pool Bar,Smirnoff Vodka,Vodka,9750,3355,3355,0,8701
2026-03-23,Rooftop Bar,Bacardi White,Rum,0,3557,3557,0,7088
2026-03-23,Rooftop Bar,Baileys,Liqueur,0,0,1192,1192,0
2026-03-23,Rooftop Bar,Bombay Sapphire,Gin,0,0,2917,2917,0
2026-03-23,Rooftop Bar,Heineken,Beer,0,0,8442,8442,0
2026-03-23,Rooftop Bar,Hennessy,Brandy,0,368,681,313,136
2026-03-23,Rooftop Bar,Jack Daniel's,Whisky,0,2544,2544,0,3417
2026-03-23,Rooftop Bar,Johnnie Walker Red,Whisky,6750,2869,2869,0,8279
2026-03-23,Rooftop Bar,Jose Cuervo,Tequila,0,0,1564,1564,0
2026-03-23,Rooftop Bar,Kingfisher Premium,Beer,0,0,9872,9872,0
2026-03-23,Rooftop Bar,Smirnoff Vodka,Vodka,15000,4587,4587,0,12135
2026-03-23,Sky Lounge,Bacardi White,Rum,0,0,2327,2327,0
2026-03-23,Sky Lounge,Baileys,Liqueur,0,814,814,0,2305
2026-03-23,Sky Lounge,Bombay Sapphire,Gin,15000,2876,2876,0,15356
2026-03-23,Sky Lounge,Heineken,Beer,0,0,6166,6166,0
2026-03-23,Sky Lounge,Hennessy,Brandy,0,633,633,0,1034
2026-03-23,Sky Lounge,Jack Daniel's,Whisky,6000,2283,2283,0,5366
2026-03-23,Sky Lounge,Johnnie Walker Red,Whisky,0,34,3980,3946,0
2026-03-23,Sky Lounge,Jose Cuervo,Tequila,0,2341,2341,0,12114
2026-03-23,Sky Lounge,Kingfisher Premium,Beer,11700,11700,12459,759,9921
2026-03-23,Sky Lounge,Smirnoff Vodka,Vodka,0,0,5275,5275,0
2026-03-24,Garden Bar,Bacardi White,Rum,0,0,1804,1804,0
2026-03-24,Garden Bar,Baileys,Liqueur,0,679,679,0,7366
2026-03-24,Garden Bar,Bombay Sapphire,Gin,12750,1626,1626,0,11124
2026-03-24,Garden Bar,Heineken,Beer,0,0,4975,4975,0
2026-03-24,Garden Bar,Hennessy,Brandy,0,562,562,0,8017
2026-03-24,Garden Bar,Jack Daniel's,Whisky,0,0,1450,1450,0
2026-03-24,Garden Bar,Johnnie Walker Red,Whisky,0,2208,2208,0,3133
2026-03-24,Garden Bar,Jose Cuervo,Tequila,10500,799,799,0,10219
2026-03-24,Garden Bar,Kingfisher Premium,Beer,0,0,8006,8006,0
2026-03-24,Garden Bar,Smirnoff Vodka,Vodka,0,0,2867,2867,0
2026-03-24,Lobby Bar,Bacardi White,Rum,0,2210,2210,0,9410
2026-03-24,Lobby Bar,Baileys,Liqueur,0,573,573,0,2300
2026-03-24,Lobby Bar,Bombay Sapphire,Gin,0,1987,1987,0,3249
2026-03-24,Lobby Bar,Heineken,Beer,0,0,5105,5105,0
2026-03-24,Lobby Bar,Hennessy,Brandy,0,566,566,0,363
2026-03-24,Lobby Bar,Jack Daniel's,Whisky,0,1183,1183,0,2582
2026-03-24,Lobby Bar,Johnnie Walker Red,Whisky,0,1906,1906,0,5849
2026-03-24,Lobby Bar,Jose Cuervo,Tequila,0,1179,1179,0,774
2026-03-24,Lobby Bar,Kingfisher Premium,Beer,0,0,9099,9099,0
2026-03-24,Lobby Bar,Smirnoff Vodka,Vodka,12750,3549,3549,0,15114
2026-03-24,Pool Bar,Bacardi White,Rum,0,2034,2034,0,11663
2026-03-24,Pool Bar,Baileys,Liqueur,0,674,674,0,8020
2026-03-24,Pool Bar,Bombay Sapphire,Gin,0,2256,2262,6,0
2026-03-24,Pool Bar,Heineken,Beer,8450,5567,5567,0,2883
2026-03-24,Pool Bar,Hennessy,Brandy,6300,705,705,0,5595
2026-03-24,Pool Bar,Jack Daniel's,Whisky,0,1999,1999,0,7757
2026-03-24,Pool Bar,Johnnie Walker Red,Whisky,0,0,3496,3496,0
2026-03-24,Pool Bar,Jose Cuervo,Tequila,0,1485,1485,0,7289
2026-03-24,Pool Bar,Kingfisher Premium,Beer,0,0,8087,8087,0
2026-03-24,Pool Bar,Smirnoff Vodka,Vodka,0,4011,4011,0,4690
2026-03-24,Rooftop Bar,Bacardi White,Rum,0,3741,3741,0,2872
2026-03-24,Rooftop Bar,Baileys,Liqueur,0,0,0,0,0
2026-03-24,Rooftop Bar,Bombay Sapphire,Gin,12000,2414,2414,0,9586
2026-03-24,Rooftop Bar,Heineken,Beer,10400,9576,9576,0,7868
2026-03-24,Rooftop Bar,Hennessy,Brandy,0,0,935,935,0
2026-03-24,Rooftop Bar,Jack Daniel's,Whisky,0,1856,1856,0,436
2026-03-24,Rooftop Bar,Johnnie Walker Red,Whisky,0,4099,4099,0,3850
2026-03-24,Rooftop Bar,Jose Cuervo,Tequila,0,0,1982,1982,0
2026-03-24,Rooftop Bar,Kingfisher Premium,Beer,0,0,13271,13271,0
2026-03-24,Rooftop Bar,Smirnoff Vodka,Vodka,0,5675,5675,0,10390
2026-03-24,Sky Lounge,Bacardi White,Rum,13500,3633,3633,0,10112
2026-03-24,Sky Lounge,Baileys,Liqueur,0,970,970,0,2026
2026-03-24,Sky Lounge,Bombay Sapphire,Gin,0,2183,2183,0,13260
2026-03-24,Sky Lounge,Heineken,Beer,0,0,10508,10508,0
2026-03-24,Sky Lounge,Hennessy,Brandy,11900,0,0,0,12571
2026-03-24,Sky Lounge,Jack Daniel's,Whisky,0,2745,2745,0,4002
2026-03-24,Sky Lounge,Johnnie Walker Red,Whisky,6750,3739,3739,0,4954
2026-03-24,Sky Lounge,Jose Cuervo,Tequila,0,1786,1786,0,11061
2026-03-24,Sky Lounge,Kingfisher Premium,Beer,5200,5200,13327,8127,0
2026-03-24,Sky Lounge,Smirnoff Vodka,Vodka,12750,5150,5150,0,7894
2026-03-25,Garden Bar,Bacardi White,Rum,0,0,2184,2184,0
2026-03-25,Garden Bar,Baileys,Liqueur,0,798,798,0,6568
2026-03-25,Garden Bar,Bombay Sapphire,Gin,0,1642,1642,0,10212
2026-03-25,Garden Bar,Heineken,Beer,0,0,5866,5866,0
2026-03-25,Garden Bar,Hennessy,Brandy,0,406,406,0,7332
2026-03-25,Garden Bar,Jack Daniel's,Whisky,0,0,1225,1225,0
2026-03-25,Garden Bar,Johnnie Walker Red,Whisky,15750,2345,2345,0,16621
2026-03-25,Garden Bar,Jose Cuervo,Tequila,0,1035,1035,0,8666
2026-03-25,Garden Bar,Kingfisher Premium,Beer,0,0,6471,6471,0
2026-03-25,Garden Bar,Smirnoff Vodka,Vodka,0,0,1798,1798,0
2026-03-25,Lobby Bar,Bacardi White,Rum,0,2219,2219,0,8024
2026-03-25,Lobby Bar,Baileys,Liqueur,0,413,413,0,1887
2026-03-25,Lobby Bar,Bombay Sapphire,Gin,0,2205,2205,0,1002
2026-03-25,Lobby Bar,Heineken,Beer,11700,4685,4685,0,7015
2026-03-25,Lobby Bar,Hennessy,Brandy,0,363,594,231,0
2026-03-25,Lobby Bar,Jack Daniel's,Whisky,0,1590,1590,0,992
2026-03-25,Lobby Bar,Johnnie Walker Red,Whisky,0,3833,3833,0,2016
2026-03-25,Lobby Bar,Jose Cuervo,Tequila,6000,979,979,0,5795
2026-03-25,Lobby Bar,Kingfisher Premium,Beer,12350,8353,8353,0,3997
2026-03-25,Lobby Bar,Smirnoff Vodka,Vodka,0,3042,3042,0,11124
2026-03-25,Pool Bar,Bacardi White,Rum,0,2936,2936,0,8087
2026-03-25,Pool Bar,Baileys,Liqueur,0,0,0,0,8020
2026-03-25,Pool Bar,Bombay Sapphire,Gin,0,0,2050,2050,0
2026-03-25,Pool Bar,Heineken,Beer,0,2883,5669,2786,0
2026-03-25,Pool Bar,Hennessy,Brandy,0,0,0,0,5595
2026-03-25,Pool Bar,Jack Daniel's,Whisky,0,1422,1422,0,6335
2026-03-25,Pool Bar,Johnnie Walker Red,Whisky,0,0,3238,3238,0
2026-03-25,Pool Bar,Jose Cuervo,Tequila,0,1101,1101,0,5722
2026-03-25,Pool Bar,Kingfisher Premium,Beer,0,0,8960,8960,0
2026-03-25,Pool Bar,Smirnoff Vodka,Vodka,0,4469,4469,0,3325
2026-03-25,Rooftop Bar,Bacardi White,Rum,0,2872,3736,864,0
2026-03-25,Rooftop Bar,Baileys,Liqueur,0,0,1119,1119,0
2026-03-25,Rooftop Bar,Bombay Sapphire,Gin,0,2799,2799,0,6787
2026-03-25,Rooftop Bar,Heineken,Beer,13000,9999,9999,0,9897
2026-03-25,Rooftop Bar,Hennessy,Brandy,10500,656,656,0,9844
2026-03-25,Rooftop Bar,Jack Daniel's,Whisky,6750,2440,2440,0,4746
2026-03-25,Rooftop Bar,Johnnie Walker Red,Whisky,0,2851,3841,990,0
2026-03-25,Rooftop Bar,Jose Cuervo,Tequila,7500,2045,2045,0,5455
2026-03-25,Rooftop Bar,Kingfisher Premium,Beer,5200,5200,10944,5744,0
2026-03-25,Rooftop Bar,Smirnoff Vodka,Vodka,15750,4178,4178,0,18898
2026-03-25,Sky Lounge,Bacardi White,Rum,0,4519,4519,0,5348
2026-03-25,Sky Lounge,Baileys,Liqueur,0,0,0,0,1335
2026-03-25,Sky Lounge,Bombay Sapphire,Gin,0,3812,3812,0,9361
2026-03-25,Sky Lounge,Heineken,Beer,0,0,11414,11414,0
2026-03-25,Sky Lounge,Hennessy,Brandy,0,772,772,0,11799
2026-03-25,Sky Lounge,Jack Daniel's,Whisky,6000,2317,2317,0,5723
2026-03-25,Sky Lounge,Johnnie Walker Red,Whisky,0,3011,4617,1606,0
2026-03-25,Sky Lounge,Jose Cuervo,Tequila,0,1663,1663,0,8924
2026-03-25,Sky Lounge,Kingfisher Premium,Beer,6500,6500,12617,6117,0
2026-03-25,Sky Lounge,Smirnoff Vodka,Vodka,0,5363,5363,0,2237
2026-03-26,Garden Bar,Bacardi White,Rum,6750,1459,1459,0,6225
2026-03-26,Garden Bar,Baileys,Liqueur,0,697,697,0,6406
2026-03-26,Garden Bar,Bombay Sapphire,Gin,0,1984,1984,0,7498
2026-03-26,Garden Bar,Heineken,Beer,0,0,5929,5929,0
2026-03-26,Garden Bar,Hennessy,Brandy,0,320,320,0,7012
2026-03-26,Garden Bar,Jack Daniel's,Whisky,0,0,1339,1339,0
2026-03-26,Garden Bar,Johnnie Walker Red,Whisky,0,2918,2918,0,13877
2026-03-26,Garden Bar,Jose Cuervo,Tequila,0,1113,1113,0,8003
2026-03-26,Garden Bar,Kingfisher Premium,Beer,0,0,8513,8513,0
2026-03-26,Garden Bar,Smirnoff Vodka,Vodka,0,0,3169,3169,0
2026-03-26,Lobby Bar,Bacardi White,Rum,0,2468,2468,0,4723
2026-03-26,Lobby Bar,Baileys,Liqueur,0,803,803,0,1084
2026-03-26,Lobby Bar,Bombay Sapphire,Gin,8250,1450,1450,0,8289
2026-03-26,Lobby Bar,Heineken,Beer,6500,5915,5915,0,7600
2026-03-26,Lobby Bar,Hennessy,Brandy,11900,0,0,0,11900
2026-03-26,Lobby Bar,Jack Daniel's,Whisky,0,992,1380,388,819
2026-03-26,Lobby Bar,Johnnie Walker Red,Whisky,8250,3204,3204,0,7062
2026-03-26,Lobby Bar,Jose Cuervo,Tequila,0,1608,1608,0,4187
2026-03-26,Lobby Bar,Kingfisher Premium,Beer,0,3997,8868,4871,0
2026-03-26,Lobby Bar,Smirnoff Vodka,Vodka,0,3058,3058,0,7071
2026-03-26,Pool Bar,Bacardi White,Rum,0,3169,3169,0,4918
2026-03-26,Pool Bar,Baileys,Liqueur,0,787,787,0,7233
2026-03-26,Pool Bar,Bombay Sapphire,Gin,0,0,2389,2389,0
2026-03-26,Pool Bar,Heineken,Beer,7150,7150,10078,2928,0
2026-03-26,Pool Bar,Hennessy,Brandy,0,794,794,0,4801
2026-03-26,Pool Bar,Jack Daniel's,Whisky,0,2046,2046,0,4289
2026-03-26,Pool Bar,Johnnie Walker Red,Whisky,6000,2481,2481,0,4953
2026-03-26,Pool Bar,Jose Cuervo,Tequila,0,1886,1886,0,4149
2026-03-26,Pool Bar,Kingfisher Premium,Beer,0,0,12424,12424,0
2026-03-26,Pool Bar,Smirnoff Vodka,Vodka,0,221,2978,2757,0
2026-03-26,Rooftop Bar,Bacardi White,Rum,10500,4079,4079,0,6421
2026-03-26,Rooftop Bar,Baileys,Liqueur,11250,0,0,0,11250
2026-03-26,Rooftop Bar,Bombay Sapphire,Gin,0,3267,3267,0,5138
2026-03-26,Rooftop Bar,Heineken,Beer,11700,10530,10530,0,4995
2026-03-26,Rooftop Bar,Hennessy,Brandy,0,1172,1172,0,8672
2026-03-26,Rooftop Bar,Jack Daniel's,Whisky,0,3339,3339,0,1407
2026-03-26,Rooftop Bar,Johnnie Walker Red,Whisky,0,0,4960,4960,0
2026-03-26,Rooftop Bar,Jose Cuervo,Tequila,0,1901,1901,0,3783
2026-03-26,Rooftop Bar,Kingfisher Premium,Beer,0,0,13233,13233,0
2026-03-26,Rooftop Bar,Smirnoff Vodka,Vodka,0,4582,4582,0,13450
2026-03-26,Sky Lounge,Bacardi White,Rum,12750,3457,3457,0,14641
2026-03-26,Sky Lounge,Baileys,Liqueur,0,1335,1379,44,0
2026-03-26,Sky Lounge,Bombay Sapphire,Gin,0,4213,4213,0,6761
2026-03-26,Sky Lounge,Heineken,Beer,0,0,9991,9991,0
2026-03-26,Sky Lounge,Hennessy,Brandy,0,1017,1017,0,10782
2026-03-26,Sky Lounge,Jack Daniel's,Whisky,0,3123,3123,0,2600
2026-03-26,Sky Lounge,Johnnie Walker Red,Whisky,0,0,5346,5346,0
2026-03-26,Sky Lounge,Jose Cuervo,Tequila,0,2091,2091,0,5722
2026-03-26,Sky Lounge,Kingfisher Premium,Beer,0,0,16167,16167,0
2026-03-26,Sky Lounge,Smirnoff Vodka,Vodka,0,2237,4164,1927,0
2026-03-27,Garden Bar,Bacardi White,Rum,0,2714,2714,0,3394
2026-03-27,Garden Bar,Baileys,Liqueur,0,703,703,0,5505
2026-03-27,Garden Bar,Bombay Sapphire,Gin,0,2329,2329,0,5169
2026-03-27,Garden Bar,Heineken,Beer,0,0,7123,7123,0
2026-03-27,Garden Bar,Hennessy,Brandy,0,0,0,0,7012
2026-03-27,Garden Bar,Jack Daniel's,Whisky,0,0,2189,2189,0
2026-03-27,Garden Bar,Johnnie Walker Red,Whisky,0,3562,3562,0,11584
2026-03-27,Garden Bar,Jose Cuervo,Tequila,0,1555,1555,0,7401
2026-03-27,Garden Bar,Kingfisher Premium,Beer,0,0,7699,7699,0
2026-03-27,Garden Bar,Smirnoff Vodka,Vodka,0,0,4750,4750,0
2026-03-27,Lobby Bar,Bacardi White,Rum,0,3401,3401,0,3050
2026-03-27,Lobby Bar,Baileys,Liqueur,0,1084,1160,76,923
2026-03-27,Lobby Bar,Bombay Sapphire,Gin,0,2601,2601,0,5201
2026-03-27,Lobby Bar,Heineken,Beer,0,7600,8541,941,0
2026-03-27,Lobby Bar,Hennessy,Brandy,0,722,722,0,11178
2026-03-27,Lobby Bar,Jack Daniel's,Whisky,14250,1639,1639,0,12611
2026-03-27,Lobby Bar,Johnnie Walker Red,Whisky,0,3670,3670,0,3392
2026-03-27,Lobby Bar,Jose Cuervo,Tequila,0,1786,1786,0,3071
2026-03-27,Lobby Bar,Kingfisher Premium,Beer,6500,6500,11548,5048,0
2026-03-27,Lobby Bar,Smirnoff Vodka,Vodka,0,5694,5694,0,784
2026-03-27,Pool Bar,Bacardi White,Rum,7500,3754,3754,0,8664
2026-03-27,Pool Bar,Baileys,Liqueur,0,1208,1208,0,6025
2026-03-27,Pool Bar,Bombay Sapphire,Gin,0,0,2890,2890,0
2026-03-27,Pool Bar,Heineken,Beer,0,0,6682,6682,0
2026-03-27,Pool Bar,Hennessy,Brandy,0,941,941,0,3860
2026-03-27,Pool Bar,Jack Daniel's,Whisky,0,1937,1937,0,4008
2026-03-27,Pool Bar,Johnnie Walker Red,Whisky,11250,4415,4415,0,12650
2026-03-27,Pool Bar,Jose Cuervo,Tequila,0,2930,2930,0,2280
2026-03-27,Pool Bar,Kingfisher Premium,Beer,0,0,16478,16478,0
2026-03-27,Pool Bar,Smirnoff Vodka,Vodka,0,0,5481,5481,0
2026-03-27,Rooftop Bar,Bacardi White,Rum,0,5570,5570,0,6120
2026-03-27,Rooftop Bar,Baileys,Liqueur,0,1682,1682,0,9568
2026-03-27,Rooftop Bar,Bombay Sapphire,Gin,8250,3883,3883,0,8305
2026-03-27,Rooftop Bar,Heineken,Beer,0,4995,11577,6582,0
2026-03-27,Rooftop Bar,Hennessy,Brandy,0,892,892,0,7994
2026-03-27,Rooftop Bar,Jack Daniel's,Whisky,0,1407,4635,3228,0
2026-03-27,Rooftop Bar,Johnnie Walker Red,Whisky,9000,5922,5922,0,3078
2026-03-27,Rooftop Bar,Jose Cuervo,Tequila,0,2412,2412,0,2197
2026-03-27,Rooftop Bar,Kingfisher Premium,Beer,0,0,15275,15275,0
2026-03-27,Rooftop Bar,Smirnoff Vodka,Vodka,0,4465,4465,0,10871
2026-03-27,Sky Lounge,Bacardi White,Rum,0,5586,5586,0,9055
2026-03-27,Sky Lounge,Baileys,Liqueur,6750,0,0,0,6750
2026-03-27,Sky Lounge,Bombay Sapphire,Gin,0,4177,4177,0,3323
2026-03-27,Sky Lounge,Heineken,Beer,0,0,15338,15338,0
2026-03-27,Sky Lounge,Hennessy,Brandy,0,1045,1045,0,10521
2026-03-27,Sky Lounge,Jack Daniel's,Whisky,0,2600,3693,1093,0
2026-03-27,Sky Lounge,Johnnie Walker Red,Whisky,0,0,5816,5816,0
2026-03-27,Sky Lounge,Jose Cuervo,Tequila,0,3424,3424,0,2298
2026-03-27,Sky Lounge,Kingfisher Premium,Beer,0,0,19645,19645,0
2026-03-27,Sky Lounge,Smirnoff Vodka,Vodka,6000,6000,6173,173,3192
2026-03-28,Garden Bar,Bacardi White,Rum,13500,3083,3083,0,12994
2026-03-28,Garden Bar,Baileys,Liqueur,0,1154,1154,0,4343
2026-03-28,Garden Bar,Bombay Sapphire,Gin,0,3393,3393,0,4046
2026-03-28,Garden Bar,Heineken,Beer,0,0,8037,8037,0
2026-03-28,Garden Bar,Hennessy,Brandy,0,695,695,0,6455
2026-03-28,Garden Bar,Jack Daniel's,Whisky,0,0,2109,2109,0
2026-03-28,Garden Bar,Johnnie Walker Red,Whisky,0,3950,3950,0,9533
2026-03-28,Garden Bar,Jose Cuervo,Tequila,0,1806,1806,0,5675
2026-03-28,Garden Bar,Kingfisher Premium,Beer,0,0,11182,11182,0
2026-03-28,Garden Bar,Smirnoff Vodka,Vodka,0,0,5011,5011,0
2026-03-28,Lobby Bar,Bacardi White,Rum,0,1322,4027,2705,0
2026-03-28,Lobby Bar,Baileys,Liqueur,0,0,1137,1137,0
2026-03-28,Lobby Bar,Bombay Sapphire,Gin,0,3638,3638,0,2803
2026-03-28,Lobby Bar,Heineken,Beer,11700,8131,8131,0,3569
2026-03-28,Lobby Bar,Hennessy,Brandy,0,934,934,0,10244
2026-03-28,Lobby Bar,Jack Daniel's,Whisky,0,2741,2741,0,9870
2026-03-28,Lobby Bar,Johnnie Walker Red,Whisky,10500,6956,6956,0,6936
2026-03-28,Lobby Bar,Jose Cuervo,Tequila,0,1769,1769,0,632
2026-03-28,Lobby Bar,Kingfisher Premium,Beer,0,0,12535,12535,0
2026-03-28,Lobby Bar,Smirnoff Vodka,Vodka,0,784,4311,3527,0
2026-03-28,Pool Bar,Bacardi White,Rum,0,4285,4285,0,4379
2026-03-28,Pool Bar,Baileys,Liqueur,0,1580,1580,0,4445
2026-03-28,Pool Bar,Bombay Sapphire,Gin,6750,4243,4243,0,2507
2026-03-28,Pool Bar,Heineken,Beer,0,0,12380,12380,0
2026-03-28,Pool Bar,Hennessy,Brandy,0,1239,1239,0,2621
2026-03-28,Pool Bar,Jack Daniel's,Whisky,13500,3205,3205,0,12647
2026-03-28,Pool Bar,Johnnie Walker Red,Whisky,0,6098,6098,0,5026
2026-03-28,Pool Bar,Jose Cuervo,Tequila,11250,2485,2485,0,9291
2026-03-28,Pool Bar,Kingfisher Premium,Beer,9100,9100,14384,5284,0
2026-03-28,Pool Bar,Smirnoff Vodka,Vodka,0,0,4481,4481,0
2026-03-28,Rooftop Bar,Bacardi White,Rum,0,851,6384,5533,0
2026-03-28,Rooftop Bar,Baileys,Liqueur,0,0,0,0,9568
2026-03-28,Rooftop Bar,Bombay Sapphire,Gin,0,4375,4375,0,5042
2026-03-28,Rooftop Bar,Heineken,Beer,0,0,13913,13913,0
2026-03-28,Rooftop Bar,Hennessy,Brandy,0,0,0,0,7780
2026-03-28,Rooftop Bar,Jack Daniel's,Whisky,0,0,4832,4832,0
2026-03-28,Rooftop Bar,Johnnie Walker Red,Whisky,0,3078,8860,5782,0
2026-03-28,Rooftop Bar,Jose Cuervo,Tequila,0,1142,3441,2299,0
2026-03-28,Rooftop Bar,Kingfisher Premium,Beer,7800,7800,20894,13094,0
2026-03-28,Rooftop Bar,Smirnoff Vodka,Vodka,15750,8150,8150,0,16585
2026-03-28,Sky Lounge,Bacardi White,Rum,0,5673,5673,0,3382
2026-03-28,Sky Lounge,Baileys,Liqueur,0,1773,1773,0,4977
2026-03-28,Sky Lounge,Bombay Sapphire,Gin,13500,5262,5262,0,9209
2026-03-28,Sky Lounge,Heineken,Beer,0,0,20273,20273,0
2026-03-28,Sky Lounge,Hennessy,Brandy,0,1227,1227,0,8510
2026-03-28,Sky Lounge,Jack Daniel's,Whisky,7500,5677,5677,0,7429
2026-03-28,Sky Lounge,Johnnie Walker Red,Whisky,13500,8846,8846,0,4654
2026-03-28,Sky Lounge,Jose Cuervo,Tequila,0,2298,2850,552,0
2026-03-28,Sky Lounge,Kingfisher Premium,Beer,0,0,18121,18121,0
2026-03-28,Sky Lounge,Smirnoff Vodka,Vodka,0,0,9286,9286,0
2026-03-29,Garden Bar,Bacardi White,Rum,0,2935,2935,0,11349
2026-03-29,Garden Bar,Baileys,Liqueur,0,674,674,0,3467
2026-03-29,Garden Bar,Bombay Sapphire,Gin,0,1776,2292,516,0
2026-03-29,Garden Bar,Heineken,Beer,8450,6885,6885,0,7747
2026-03-29,Garden Bar,Hennessy,Brandy,0,411,411,0,5906
2026-03-29,Garden Bar,Jack Daniel's,Whisky,0,0,1762,1762,0
2026-03-29,Garden Bar,Johnnie Walker Red,Whisky,0,2352,2352,0,3756
2026-03-29,Garden Bar,Jose Cuervo,Tequila,0,1387,1387,0,2805
2026-03-29,Garden Bar,Kingfisher Premium,Beer,0,0,9740,9740,0
2026-03-29,Garden Bar,Smirnoff Vodka,Vodka,0,0,4268,4268,0
2026-03-29,Lobby Bar,Bacardi White,Rum,15000,2319,2319,0,12974
2026-03-29,Lobby Bar,Baileys,Liqueur,0,0,947,947,0
2026-03-29,Lobby Bar,Bombay Sapphire,Gin,0,1563,2542,979,558
2026-03-29,Lobby Bar,Heineken,Beer,13650,7133,7133,0,10086
2026-03-29,Lobby Bar,Hennessy,Brandy,0,0,0,0,10244
2026-03-29,Lobby Bar,Jack Daniel's,Whisky,0,1314,1314,0,8556
2026-03-29,Lobby Bar,Johnnie Walker Red,Whisky,0,3332,3332,0,3604
2026-03-29,Lobby Bar,Jose Cuervo,Tequila,0,632,1967,1335,0
2026-03-29,Lobby Bar,Kingfisher Premium,Beer,0,0,10503,10503,0
2026-03-29,Lobby Bar,Smirnoff Vodka,Vodka,0,0,3640,3640,0
2026-03-29,Pool Bar,Bacardi White,Rum,9000,2479,2479,0,10900
2026-03-29,Pool Bar,Baileys,Liqueur,0,0,0,0,4445
2026-03-29,Pool Bar,Bombay Sapphire,Gin,0,2332,2332,0,175
2026-03-29,Pool Bar,Heineken,Beer,0,0,8545,8545,0
2026-03-29,Pool Bar,Hennessy,Brandy,0,735,735,0,1886
2026-03-29,Pool Bar,Jack Daniel's,Whisky,0,2208,2208,0,10439
2026-03-29,Pool Bar,Johnnie Walker Red,Whisky,0,4158,4158,0,98
2026-03-29,Pool Bar,Jose Cuervo,Tequila,0,1380,1380,0,8290
2026-03-29,Pool Bar,Kingfisher Premium,Beer,7800,7800,14578,6778,0
2026-03-29,Pool Bar,Smirnoff Vodka,Vodka,0,0,4623,4623,0
2026-03-29,Rooftop Bar,Bacardi White,Rum,0,0,4843,4843,0
2026-03-29,Rooftop Bar,Baileys,Liqueur,0,1447,1447,0,8121
2026-03-29,Rooftop Bar,Bombay Sapphire,Gin,15000,3301,3301,0,17068
2026-03-29,Rooftop Bar,Heineken,Beer,6500,6500,12560,6060,0
2026-03-29,Rooftop Bar,Hennessy,Brandy,0,1010,1010,0,7149
2026-03-29,Rooftop Bar,Jack Daniel's,Whisky,0,0,3100,3100,0
2026-03-29,Rooftop Bar,Johnnie Walker Red,Whisky,0,0,5812,5812,0
2026-03-29,Rooftop Bar,Jose Cuervo,Tequila,0,0,2176,2176,0
2026-03-29,Rooftop Bar,Kingfisher Premium,Beer,6500,6500,12974,6474,3434
2026-03-29,Rooftop Bar,Smirnoff Vodka,Vodka,0,5524,5524,0,11061
2026-03-29,Sky Lounge,Bacardi White,Rum,0,3382,3870,488,0
2026-03-29,Sky Lounge,Baileys,Liqueur,0,1731,1731,0,4560
2026-03-29,Sky Lounge,Bombay Sapphire,Gin,0,3768,3768,0,6804
2026-03-29,Sky Lounge,Heineken,Beer,0,0,14807,14807,0
2026-03-29,Sky Lounge,Hennessy,Brandy,0,1249,1249,0,7713
2026-03-29,Sky Lounge,Jack Daniel's,Whisky,10500,3434,3434,0,8889
2026-03-29,Sky Lounge,Johnnie Walker Red,Whisky,0,4654,5274,620,0
2026-03-29,Sky Lounge,Jose Cuervo,Tequila,10500,2134,2134,0,8366
2026-03-29,Sky Lounge,Kingfisher Premium,Beer,11050,11050,16763,5713,0
2026-03-29,Sky Lounge,Smirnoff Vodka,Vodka,0,0,6773,6773,0
2026-03-30,Garden Bar,Bacardi White,Rum,0,2048,2048,0,8011
2026-03-30,Garden Bar,Baileys,Liqueur,0,528,528,0,3255
2026-03-30,Garden Bar,Bombay Sapphire,Gin,0,0,1330,1330,0
2026-03-30,Garden Bar,Heineken,Beer,0,1565,4660,3095,0
2026-03-30,Garden Bar,Hennessy,Brandy,0,573,573,0,5333
2026-03-30,Garden Bar,Jack Daniel's,Whisky,0,0,1165,1165,0
2026-03-30,Garden Bar,Johnnie Walker Red,Whisky,0,1826,1826,0,2415
2026-03-30,Garden Bar,Jose Cuervo,Tequila,0,935,935,0,1870
2026-03-30,Garden Bar,Kingfisher Premium,Beer,0,0,7067,7067,0
2026-03-30,Garden Bar,Smirnoff Vodka,Vodka,0,0,1945,1945,0
2026-03-30,Lobby Bar,Bacardi White,Rum,0,2013,2013,0,10668
2026-03-30,Lobby Bar,Baileys,Liqueur,0,0,0,0,0
2026-03-30,Lobby Bar,Bombay Sapphire,Gin,8250,1580,1580,0,6670
2026-03-30,Lobby Bar,Heineken,Beer,0,5517,5517,0,8859
2026-03-30,Lobby Bar,Hennessy,Brandy,0,513,513,0,9936
2026-03-30,Lobby Bar,Jack Daniel's,Whisky,0,1268,1268,0,7288
2026-03-30,Lobby Bar,Johnnie Walker Red,Whisky,0,2585,2585,0,1019
2026-03-30,Lobby Bar,Jose Cuervo,Tequila,0,0,747,747,0
2026-03-30,Lobby Bar,Kingfisher Premium,Beer,9100,8122,8122,0,2342
2026-03-30,Lobby Bar,Smirnoff Vodka,Vodka,0,0,2957,2957,0
2026-03-30,Pool Bar,Bacardi White,Rum,0,2247,2247,0,8653
2026-03-30,Pool Bar,Baileys,Liqueur,0,663,663,0,4004
2026-03-30,Pool Bar,Bombay Sapphire,Gin,8250,2057,2057,0,6368
2026-03-30,Pool Bar,Heineken,Beer,0,0,6478,6478,0
2026-03-30,Pool Bar,Hennessy,Brandy,0,0,0,0,1886
2026-03-30,Pool Bar,Jack Daniel's,Whisky,0,2050,2050,0,8389
2026-03-30,Pool Bar,Johnnie Walker Red,Whisky,13500,2988,2988,0,10610
2026-03-30,Pool Bar,Jose Cuervo,Tequila,0,1204,1204,0,7740
2026-03-30,Pool Bar,Kingfisher Premium,Beer,0,0,8258,8258,0
2026-03-30,Pool Bar,Smirnoff Vodka,Vodka,0,0,4191,4191,0
2026-03-30,Rooftop Bar,Bacardi White,Rum,0,0,3057,3057,0
2026-03-30,Rooftop Bar,Baileys,Liqueur,0,948,948,0,7609
2026-03-30,Rooftop Bar,Bombay Sapphire,Gin,0,3053,3053,0,12158
2026-03-30,Rooftop Bar,Heineken,Beer,0,0,8598,8598,0
2026-03-30,Rooftop Bar,Hennessy,Brandy,0,711,711,0,6454
2026-03-30,Rooftop Bar,Jack Daniel's,Whisky,8250,2116,2116,0,7526
2026-03-30,Rooftop Bar,Johnnie Walker Red,Whisky,15750,3272,3272,0,12478
2026-03-30,Rooftop Bar,Jose Cuervo,Tequila,0,0,1408,1408,0
2026-03-30,Rooftop Bar,Kingfisher Premium,Beer,6500,6500,11826,5326,0
2026-03-30,Rooftop Bar,Smirnoff Vodka,Vodka,0,4948,4948,0,9797
2026-03-30,Sky Lounge,Bacardi White,Rum,15000,3633,3633,0,11367
2026-03-30,Sky Lounge,Baileys,Liqueur,0,1052,1052,0,2194
2026-03-30,Sky Lounge,Bombay Sapphire,Gin,0,2946,2946,0,2495
2026-03-30,Sky Lounge,Heineken,Beer,10400,8245,8245,0,2155
2026-03-30,Sky Lounge,Hennessy,Brandy,0,687,687,0,6809
2026-03-30,Sky Lounge,Jack Daniel's,Whisky,0,1944,1944,0,6945
2026-03-30,Sky Lounge,Johnnie Walker Red,Whisky,0,0,2977,2977,0
2026-03-30,Sky Lounge,Jose Cuervo,Tequila,0,1800,1800,0,6566
2026-03-30,Sky Lounge,Kingfisher Premium,Beer,0,0,10823,10823,0
2026-03-30,Sky Lounge,Smirnoff Vodka,Vodka,13500,3907,3907,0,9593
2026-03-31,Garden Bar,Bacardi White,Rum,0,2046,2046,0,5965
2026-03-31,Garden Bar,Baileys,Liqueur,0,0,0,0,2812
2026-03-31,Garden Bar,Bombay Sapphire,Gin,0,0,1399,1399,0
2026-03-31,Garden Bar,Heineken,Beer,0,0,3702,3702,0
2026-03-31,Garden Bar,Hennessy,Brandy,0,385,385,0,5209
2026-03-31,Garden Bar,Jack Daniel's,Whisky,0,0,1400,1400,0
2026-03-31,Garden Bar,Johnnie Walker Red,Whisky,0,1325,1325,0,1078
2026-03-31,Garden Bar,Jose Cuervo,Tequila,0,1009,1009,0,1670
2026-03-31,Garden Bar,Kingfisher Premium,Beer,12350,6481,6481,0,5869
2026-03-31,Garden Bar,Smirnoff Vodka,Vodka,0,0,3132,3132,0
2026-03-31,Lobby Bar,Bacardi White,Rum,0,2189,2189,0,8479
2026-03-31,Lobby Bar,Baileys,Liqueur,0,0,556,556,0
2026-03-31,Lobby Bar,Bombay Sapphire,Gin,0,1535,1535,0,5135
2026-03-31,Lobby Bar,Heineken,Beer,13650,6620,6620,0,13621
2026-03-31,Lobby Bar,Hennessy,Brandy,0,457,457,0,9372
2026-03-31,Lobby Bar,Jack Daniel's,Whisky,0,1598,1598,0,5972
2026-03-31,Lobby Bar,Johnnie Walker Red,Whisky,9000,2644,2644,0,8922
2026-03-31,Lobby Bar,Jose Cuervo,Tequila,9000,822,822,0,8359
2026-03-31,Lobby Bar,Kingfisher Premium,Beer,5850,5181,5181,0,1647
2026-03-31,Lobby Bar,Smirnoff Vodka,Vodka,0,0,2897,2897,0
2026-03-31,Pool Bar,Bacardi White,Rum,0,1942,1942,0,6711
2026-03-31,Pool Bar,Baileys,Liqueur,0,0,0,0,3782
2026-03-31,Pool Bar,Bombay Sapphire,Gin,0,2524,2524,0,3844
2026-03-31,Pool Bar,Heineken,Beer,0,0,5923,5923,0
2026-03-31,Pool Bar,Hennessy,Brandy,0,671,671,0,1215
2026-03-31,Pool Bar,Jack Daniel's,Whisky,0,2123,2123,0,7225
2026-03-31,Pool Bar,Johnnie Walker Red,Whisky,0,3415,3415,0,8743
2026-03-31,Pool Bar,Jose Cuervo,Tequila,0,1346,1346,0,6671
2026-03-31,Pool Bar,Kingfisher Premium,Beer,0,0,8226,8226,0
2026-03-31,Pool Bar,Smirnoff Vodka,Vodka,0,0,2941,2941,0
2026-03-31,Rooftop Bar,Bacardi White,Rum,0,0,3112,3112,0
2026-03-31,Rooftop Bar,Baileys,Liqueur,0,1231,1231,0,5942
2026-03-31,Rooftop Bar,Bombay Sapphire,Gin,0,1760,1760,0,11043
2026-03-31,Rooftop Bar,Heineken,Beer,5850,5850,6946,1096,0
2026-03-31,Rooftop Bar,Hennessy,Brandy,0,832,832,0,5846
2026-03-31,Rooftop Bar,Jack Daniel's,Whisky,0,2913,2913,0,3221
2026-03-31,Rooftop Bar,Johnnie Walker Red,Whisky,0,3402,3402,0,9076
2026-03-31,Rooftop Bar,Jose Cuervo,Tequila,0,0,1752,1752,0
2026-03-31,Rooftop Bar,Kingfisher Premium,Beer,0,0,11679,11679,0
2026-03-31,Rooftop Bar,Smirnoff Vodka,Vodka,6750,5173,5173,0,7690
2026-03-31,Sky Lounge,Bacardi White,Rum,0,4084,4084,0,7283
2026-03-31,Sky Lounge,Baileys,Liqueur,0,896,896,0,1298
2026-03-31,Sky Lounge,Bombay Sapphire,Gin,0,2495,3406,911,0
2026-03-31,Sky Lounge,Heineken,Beer,0,2155,9904,7749,0
2026-03-31,Sky Lounge,Hennessy,Brandy,0,803,803,0,5771
2026-03-31,Sky Lounge,Jack Daniel's,Whisky,0,1971,1971,0,4974
2026-03-31,Sky Lounge,Johnnie Walker Red,Whisky,0,0,5193,5193,0
2026-03-31,Sky Lounge,Jose Cuervo,Tequila,0,2263,2263,0,4303
2026-03-31,Sky Lounge,Kingfisher Premium,Beer,0,0,13937,13937,0
2026-03-31,Sky Lounge,Smirnoff Vodka,Vodka,0,5872,5872,0,3721
2026-04-01,Garden Bar,Bacardi White,Rum,0,2367,2367,0,3598
2026-04-01,Garden Bar,Baileys,Liqueur,0,708,708,0,2221
2026-04-01,Garden Bar,Bombay Sapphire,Gin,7500,1777,1777,0,5723
2026-04-01,Garden Bar,Heineken,Beer,0,0,6497,6497,0
2026-04-01,Garden Bar,Hennessy,Brandy,0,380,380,0,4641
2026-04-01,Garden Bar,Jack Daniel's,Whisky,0,0,1423,1423,0
2026-04-01,Garden Bar,Johnnie Walker Red,Whisky,0,605,2327,1722,0
2026-04-01,Garden Bar,Jose Cuervo,Tequila,0,861,991,130,0
2026-04-01,Garden Bar,Kingfisher Premium,Beer,8450,7615,7615,0,10408
2026-04-01,Garden Bar,Smirnoff Vodka,Vodka,0,0,2887,2887,0
2026-04-01,Lobby Bar,Bacardi White,Rum,0,2668,2668,0,5811
2026-04-01,Lobby Bar,Baileys,Liqueur,6750,842,842,0,5908
2026-04-01,Lobby Bar,Bombay Sapphire,Gin,0,1604,1604,0,3531
2026-04-01,Lobby Bar,Heineken,Beer,0,6359,6359,0,5240
2026-04-01,Lobby Bar,Hennessy,Brandy,0,530,530,0,8744
2026-04-01,Lobby Bar,Jack Daniel's,Whisky,0,1600,1600,0,4090
2026-04-01,Lobby Bar,Johnnie Walker Red,Whisky,0,3126,3126,0,4249
2026-04-01,Lobby Bar,Jose Cuervo,Tequila,0,1212,1212,0,7969
2026-04-01,Lobby Bar,Kingfisher Premium,Beer,12350,7332,7332,0,6665
2026-04-01,Lobby Bar,Smirnoff Vodka,Vodka,0,0,3341,3341,0
2026-04-01,Pool Bar,Bacardi White,Rum,0,2850,2850,0,4986
2026-04-01,Pool Bar,Baileys,Liqueur,0,883,883,0,2899
2026-04-01,Pool Bar,Bombay Sapphire,Gin,0,2199,2199,0,1645
2026-04-01,Pool Bar,Heineken,Beer,11050,7234,7234,0,3816
2026-04-01,Pool Bar,Hennessy,Brandy,0,502,502,0,713
2026-04-01,Pool Bar,Jack Daniel's,Whisky,0,1837,1837,0,4429
2026-04-01,Pool Bar,Johnnie Walker Red,Whisky,0,3264,3264,0,6933
2026-04-01,Pool Bar,Jose Cuervo,Tequila,0,1365,1365,0,3996
2026-04-01,Pool Bar,Kingfisher Premium,Beer,0,0,7884,7884,0
2026-04-01,Pool Bar,Smirnoff Vodka,Vodka,0,0,3120,3120,0
2026-04-01,Rooftop Bar,Bacardi White,Rum,0,0,3961,3961,0
2026-04-01,Rooftop Bar,Baileys,Liqueur,0,1205,1205,0,4737
2026-04-01,Rooftop Bar,Bombay Sapphire,Gin,0,3047,3047,0,7351
2026-04-01,Rooftop Bar,Heineken,Beer,0,0,11252,11252,0
2026-04-01,Rooftop Bar,Hennessy,Brandy,0,643,643,0,4584
2026-04-01,Rooftop Bar,Jack Daniel's,Whisky,0,2955,2955,0,266
2026-04-01,Rooftop Bar,Johnnie Walker Red,Whisky,0,4490,4490,0,4586
2026-04-01,Rooftop Bar,Jose Cuervo,Tequila,9750,1791,1791,0,7959
2026-04-01,Rooftop Bar,Kingfisher Premium,Beer,0,0,11402,11402,0
2026-04-01,Rooftop Bar,Smirnoff Vodka,Vodka,0,4965,4965,0,4525
2026-04-01,Sky Lounge,Bacardi White,Rum,0,3794,3794,0,3489
2026-04-01,Sky Lounge,Baileys,Liqueur,6000,0,0,0,7298
2026-04-01,Sky Lounge,Bombay Sapphire,Gin,6000,3348,3348,0,2652
2026-04-01,Sky Lounge,Heineken,Beer,0,0,11375,11375,0
2026-04-01,Sky Lounge,Hennessy,Brandy,0,811,811,0,5256
2026-04-01,Sky Lounge,Jack Daniel's,Whisky,0,2364,2364,0,2610
2026-04-01,Sky Lounge,Johnnie Walker Red,Whisky,0,0,4019,4019,0
2026-04-01,Sky Lounge,Jose Cuervo,Tequila,0,1796,1796,0,2507
2026-04-01,Sky Lounge,Kingfisher Premium,Beer,6500,6500,16218,9718,0
2026-04-01,Sky Lounge,Smirnoff Vodka,Vodka,0,3721,4822,1101,0
2026-04-02,Garden Bar,Bacardi White,Rum,0,2305,2305,0,1293
2026-04-02,Garden Bar,Baileys,Liqueur,0,0,0,0,2104
2026-04-02,Garden Bar,Bombay Sapphire,Gin,0,1851,1851,0,5520
2026-04-02,Garden Bar,Heineken,Beer,0,0,6507,6507,0
2026-04-02,Garden Bar,Hennessy,Brandy,0,0,0,0,4568
2026-04-02,Garden Bar,Jack Daniel's,Whisky,7500,1765,1765,0,6863
2026-04-02,Garden Bar,Johnnie Walker Red,Whisky,0,0,2858,2858,0
2026-04-02,Garden Bar,Jose Cuervo,Tequila,0,0,1041,1041,0
2026-04-02,Garden Bar,Kingfisher Premium,Beer,0,6704,8472,1768,0
2026-04-02,Garden Bar,Smirnoff Vodka,Vodka,0,0,3397,3397,0
2026-04-02,Lobby Bar,Bacardi White,Rum,0,2884,2884,0,2927
2026-04-02,Lobby Bar,Baileys,Liqueur,0,776,776,0,5132
2026-04-02,Lobby Bar,Bombay Sapphire,Gin,0,1526,1526,0,2655
2026-04-02,Lobby Bar,Heineken,Beer,11700,5521,5521,0,11419
2026-04-02,Lobby Bar,Hennessy,Brandy,0,608,608,0,8136
2026-04-02,Lobby Bar,Jack Daniel's,Whisky,0,1593,1593,0,2497
2026-04-02,Lobby Bar,Johnnie Walker Red,Whisky,0,2750,2750,0,1499
2026-04-02,Lobby Bar,Jose Cuervo,Tequila,0,1383,1383,0,6160
2026-04-02,Lobby Bar,Kingfisher Premium,Beer,5850,9744,9744,0,2771
2026-04-02,Lobby Bar,Smirnoff Vodka,Vodka,0,0,3726,3726,0
2026-04-02,Pool Bar,Bacardi White,Rum,0,2456,2456,0,1405
2026-04-02,Pool Bar,Baileys,Liqueur,0,849,849,0,2463
2026-04-02,Pool Bar,Bombay Sapphire,Gin,0,1645,2344,699,0
2026-04-02,Pool Bar,Heineken,Beer,11700,9705,9705,0,5811
2026-04-02,Pool Bar,Hennessy,Brandy,7000,0,0,0,7713
2026-04-02,Pool Bar,Jack Daniel's,Whisky,0,1881,1881,0,2548
2026-04-02,Pool Bar,Johnnie Walker Red,Whisky,10500,4929,4929,0,9502
2026-04-02,Pool Bar,Jose Cuervo,Tequila,0,1803,1803,0,2193
2026-04-02,Pool Bar,Kingfisher Premium,Beer,5850,5850,11303,5453,0
2026-04-02,Pool Bar,Smirnoff Vodka,Vodka,0,0,3589,3589,0
2026-04-02,Rooftop Bar,Bacardi White,Rum,8250,3678,3678,0,5426
2026-04-02,Rooftop Bar,Baileys,Liqueur,0,1439,1439,0,4370
2026-04-02,Rooftop Bar,Bombay Sapphire,Gin,0,3189,3189,0,5618
2026-04-02,Rooftop Bar,Heineken,Beer,0,0,10377,10377,0
2026-04-02,Rooftop Bar,Hennessy,Brandy,0,952,952,0,3632
2026-04-02,Rooftop Bar,Jack Daniel's,Whisky,0,266,2540,2274,0
2026-04-02,Rooftop Bar,Johnnie Walker Red,Whisky,0,4586,6215,1629,0
2026-04-02,Rooftop Bar,Jose Cuervo,Tequila,0,1784,1784,0,6959
2026-04-02,Rooftop Bar,Kingfisher Premium,Beer,12350,12350,17672,5322,0
2026-04-02,Rooftop Bar,Smirnoff Vodka,Vodka,15750,6025,6025,0,12450
2026-04-02,Sky Lounge,Bacardi White,Rum,6750,3061,3061,0,9276
2026-04-02,Sky Lounge,Baileys,Liqueur,0,1248,1248,0,6050
2026-04-02,Sky Lounge,Bombay Sapphire,Gin,0,2652,3031,379,0
2026-04-02,Sky Lounge,Heineken,Beer,0,0,12951,12951,0
2026-04-02,Sky Lounge,Hennessy,Brandy,0,929,929,0,4392
2026-04-02,Sky Lounge,Jack Daniel's,Whisky,0,2487,2487,0,123
2026-04-02,Sky Lounge,Johnnie Walker Red,Whisky,0,0,4576,4576,0
2026-04-02,Sky Lounge,Jose Cuervo,Tequila,0,1969,1969,0,797
2026-04-02,Sky Lounge,Kingfisher Premium,Beer,0,0,14541,14541,0
2026-04-02,Sky Lounge,Smirnoff Vodka,Vodka,0,0,5491,5491,0
2026-04-03,Garden Bar,Bacardi White,Rum,0,1293,3163,1870,266
2026-04-03,Garden Bar,Baileys,Liqueur,0,805,805,0,1299
2026-04-03,Garden Bar,Bombay Sapphire,Gin,0,3061,3061,0,811
2026-04-03,Garden Bar,Heineken,Beer,8450,7456,7456,0,7830
2026-04-03,Garden Bar,Hennessy,Brandy,0,748,748,0,3820
2026-04-03,Garden Bar,Jack Daniel's,Whisky,0,1949,1949,0,3786
2026-04-03,Garden Bar,Johnnie Walker Red,Whisky,6000,3645,3645,0,3947
2026-04-03,Garden Bar,Jose Cuervo,Tequila,9750,1636,1636,0,9394
2026-04-03,Garden Bar,Kingfisher Premium,Beer,9100,9100,9608,508,6340
2026-04-03,Garden Bar,Smirnoff Vodka,Vodka,0,0,4079,4079,0
2026-04-03,Lobby Bar,Bacardi White,Rum,0,2927,3392,465,0
2026-04-03,Lobby Bar,Baileys,Liqueur,0,861,861,0,4271
2026-04-03,Lobby Bar,Bombay Sapphire,Gin,0,2005,2886,881,0
2026-04-03,Lobby Bar,Heineken,Beer,0,7957,7957,0,3462
2026-04-03,Lobby Bar,Hennessy,Brandy,0,807,807,0,7731
2026-04-03,Lobby Bar,Jack Daniel's,Whisky,0,2497,2988,491,0
2026-04-03,Lobby Bar,Johnnie Walker Red,Whisky,9000,4183,4183,0,10141
2026-04-03,Lobby Bar,Jose Cuervo,Tequila,0,1658,1658,0,5328
2026-04-03,Lobby Bar,Kingfisher Premium,Beer,9750,10164,10164,0,2357
2026-04-03,Lobby Bar,Smirnoff Vodka,Vodka,0,0,4097,4097,0
2026-04-03,Pool Bar,Bacardi White,Rum,0,1405,3810,2405,0
2026-04-03,Pool Bar,Baileys,Liqueur,0,1504,1504,0,1223
2026-04-03,Pool Bar,Bombay Sapphire,Gin,0,0,3717,3717,0
2026-04-03,Pool Bar,Heineken,Beer,6500,11317,11317,0,9149
2026-04-03,Pool Bar,Hennessy,Brandy,0,790,790,0,6923
2026-04-03,Pool Bar,Jack Daniel's,Whisky,9750,3868,3868,0,8430
2026-04-03,Pool Bar,Johnnie Walker Red,Whisky,0,3945,3945,0,5557
2026-04-03,Pool Bar,Jose Cuervo,Tequila,0,2193,2446,253,896
2026-04-03,Pool Bar,Kingfisher Premium,Beer,7150,7150,12834,5684,0
2026-04-03,Pool Bar,Smirnoff Vodka,Vodka,0,0,5768,5768,0
2026-04-03,Rooftop Bar,Bacardi White,Rum,14250,5340,5340,0,13482
2026-04-03,Rooftop Bar,Baileys,Liqueur,0,1276,1276,0,2022
2026-04-03,Rooftop Bar,Bombay Sapphire,Gin,8250,3506,3506,0,10256
2026-04-03,Rooftop Bar,Heineken,Beer,0,0,12016,12016,0
2026-04-03,Rooftop Bar,Hennessy,Brandy,0,0,0,0,3632
2026-04-03,Rooftop Bar,Jack Daniel's,Whisky,0,0,3801,3801,0
2026-04-03,Rooftop Bar,Johnnie Walker Red,Whisky,0,0,7253,7253,0
2026-04-03,Rooftop Bar,Jose Cuervo,Tequila,0,2368,2368,0,3807
2026-04-03,Rooftop Bar,Kingfisher Premium,Beer,0,0,21849,21849,0
2026-04-03,Rooftop Bar,Smirnoff Vodka,Vodka,0,9742,9742,0,5377
2026-04-03,Sky Lounge,Bacardi White,Rum,0,5138,5138,0,5024
2026-04-03,Sky Lounge,Baileys,Liqueur,0,1703,1703,0,4347
2026-04-03,Sky Lounge,Bombay Sapphire,Gin,13500,3099,3099,0,10401
2026-04-03,Sky Lounge,Heineken,Beer,13000,10818,10818,0,5252
2026-04-03,Sky Lounge,Hennessy,Brandy,0,0,0,0,4031
2026-04-03,Sky Lounge,Jack Daniel's,Whisky,0,123,4450,4327,0
2026-04-03,Sky Lounge,Johnnie Walker Red,Whisky,7500,5986,5986,0,1514
2026-04-03,Sky Lounge,Jose Cuervo,Tequila,0,538,3560,3022,0
2026-04-03,Sky Lounge,Kingfisher Premium,Beer,0,0,15463,15463,0
2026-04-03,Sky Lounge,Smirnoff Vodka,Vodka,0,0,6606,6606,0
2026-04-04,Garden Bar,Bacardi White,Rum,0,0,3591,3591,0
2026-04-04,Garden Bar,Baileys,Liqueur,0,1068,1068,0,598
2026-04-04,Garden Bar,Bombay Sapphire,Gin,6750,2499,2499,0,5348
2026-04-04,Garden Bar,Heineken,Beer,0,994,6903,5909,0
2026-04-04,Garden Bar,Hennessy,Brandy,0,799,799,0,3021
2026-04-04,Garden Bar,Jack Daniel's,Whisky,0,2247,2247,0,1539
2026-04-04,Garden Bar,Johnnie Walker Red,Whisky,0,2355,2407,52,0
2026-04-04,Garden Bar,Jose Cuervo,Tequila,0,1651,1651,0,6463
2026-04-04,Garden Bar,Kingfisher Premium,Beer,10400,10400,11433,1033,3447
2026-04-04,Garden Bar,Smirnoff Vodka,Vodka,13500,4278,4278,0,9222
2026-04-04,Lobby Bar,Bacardi White,Rum,7500,3837,3837,0,3663
2026-04-04,Lobby Bar,Baileys,Liqueur,0,1104,1104,0,3409
2026-04-04,Lobby Bar,Bombay Sapphire,Gin,15000,3469,3469,0,14665
2026-04-04,Lobby Bar,Heineken,Beer,0,3462,9996,6534,0
2026-04-04,Lobby Bar,Hennessy,Brandy,0,871,871,0,6953
2026-04-04,Lobby Bar,Jack Daniel's,Whisky,7500,2526,2526,0,4974
2026-04-04,Lobby Bar,Johnnie Walker Red,Whisky,6750,4770,4770,0,9845
2026-04-04,Lobby Bar,Jose Cuervo,Tequila,0,1670,1670,0,2255
2026-04-04,Lobby Bar,Kingfisher Premium,Beer,0,2357,11069,8712,0
2026-04-04,Lobby Bar,Smirnoff Vodka,Vodka,14250,5309,5309,0,12867
2026-04-04,Pool Bar,Bacardi White,Rum,0,0,6073,6073,0
2026-04-04,Pool Bar,Baileys,Liqueur,0,546,989,443,0
2026-04-04,Pool Bar,Bombay Sapphire,Gin,11250,4471,4471,0,9562
2026-04-04,Pool Bar,Heineken,Beer,11700,12381,12381,0,313
2026-04-04,Pool Bar,Hennessy,Brandy,0,1284,1284,0,5639
2026-04-04,Pool Bar,Jack Daniel's,Whisky,0,3912,3912,0,7614
2026-04-04,Pool Bar,Johnnie Walker Red,Whisky,9750,7225,7225,0,8082
2026-04-04,Pool Bar,Jose Cuervo,Tequila,9750,2558,2558,0,7192
2026-04-04,Pool Bar,Kingfisher Premium,Beer,0,0,19191,19191,0
2026-04-04,Pool Bar,Smirnoff Vodka,Vodka,0,0,6851,6851,0
2026-04-04,Rooftop Bar,Bacardi White,Rum,0,3842,3842,0,9640
2026-04-04,Rooftop Bar,Baileys,Liqueur,11250,1880,1880,0,11392
2026-04-04,Rooftop Bar,Bombay Sapphire,Gin,0,3630,3630,0,8058
2026-04-04,Rooftop Bar,Heineken,Beer,0,0,12553,12553,0
2026-04-04,Rooftop Bar,Hennessy,Brandy,0,1603,1603,0,2029
2026-04-04,Rooftop Bar,Jack Daniel's,Whisky,12750,4815,4815,0,9023
2026-04-04,Rooftop Bar,Johnnie Walker Red,Whisky,0,0,6744,6744,0
2026-04-04,Rooftop Bar,Jose Cuervo,Tequila,0,2948,2948,0,859
2026-04-04,Rooftop Bar,Kingfisher Premium,Beer,5200,5200,26603,21403,0
2026-04-04,Rooftop Bar,Smirnoff Vodka,Vodka,6000,6474,6474,0,2234
2026-04-04,Sky Lounge,Bacardi White,Rum,0,2040,6052,4012,0
2026-04-04,Sky Lounge,Baileys,Liqueur,0,0,0,0,4347
2026-04-04,Sky Lounge,Bombay Sapphire,Gin,0,4709,4709,0,9779
2026-04-04,Sky Lounge,Heineken,Beer,0,2182,22883,20701,0
2026-04-04,Sky Lounge,Hennessy,Brandy,0,1504,1504,0,2527
2026-04-04,Sky Lounge,Jack Daniel's,Whisky,0,0,4254,4254,0
2026-04-04,Sky Lounge,Johnnie Walker Red,Whisky,14250,6681,6681,0,9083
2026-04-04,Sky Lounge,Jose Cuervo,Tequila,0,0,2798,2798,0
2026-04-04,Sky Lounge,Kingfisher Premium,Beer,0,0,23277,23277,0
2026-04-04,Sky Lounge,Smirnoff Vodka,Vodka,0,0,8620,8620,0
2026-04-05,Garden Bar,Bacardi White,Rum,0,0,2636,2636,0
2026-04-05,Garden Bar,Baileys,Liqueur,0,231,684,453,0
2026-04-05,Garden Bar,Bombay Sapphire,Gin,0,2139,2139,0,2923
2026-04-05,Garden Bar,Heineken,Beer,0,0,5073,5073,0
2026-04-05,Garden Bar,Hennessy,Brandy,0,472,472,0,2866
2026-04-05,Garden Bar,Jack Daniel's,Whisky,8250,1188,1188,0,9183
2026-04-05,Garden Bar,Johnnie Walker Red,Whisky,14250,3357,3357,0,10893
2026-04-05,Garden Bar,Jose Cuervo,Tequila,0,1301,1301,0,5540
2026-04-05,Garden Bar,Kingfisher Premium,Beer,13650,10117,10117,0,12102
2026-04-05,Garden Bar,Smirnoff Vodka,Vodka,0,2701,2701,0,6521
2026-04-05,Lobby Bar,Bacardi White,Rum,0,2730,2730,0,2733
2026-04-05,Lobby Bar,Baileys,Liqueur,0,1035,1035,0,2132
2026-04-05,Lobby Bar,Bombay Sapphire,Gin,0,2346,2346,0,9185
2026-04-05,Lobby Bar,Heineken,Beer,0,0,7482,7482,0
2026-04-05,Lobby Bar,Hennessy,Brandy,0,580,580,0,5878
2026-04-05,Lobby Bar,Jack Daniel's,Whisky,0,2182,2182,0,4210
2026-04-05,Lobby Bar,Johnnie Walker Red,Whisky,0,2784,2784,0,6616
2026-04-05,Lobby Bar,Jose Cuervo,Tequila,0,1240,1240,0,2052
2026-04-05,Lobby Bar,Kingfisher Premium,Beer,0,0,8542,8542,0
2026-04-05,Lobby Bar,Smirnoff Vodka,Vodka,0,4165,4165,0,4776
2026-04-05,Pool Bar,Bacardi White,Rum,0,0,4121,4121,0
2026-04-05,Pool Bar,Baileys,Liqueur,0,0,1004,1004,0
2026-04-05,Pool Bar,Bombay Sapphire,Gin,0,3075,3075,0,3704
2026-04-05,Pool Bar,Heineken,Beer,0,313,10455,10142,0
2026-04-05,Pool Bar,Hennessy,Brandy,0,780,780,0,4859
2026-04-05,Pool Bar,Jack Daniel's,Whisky,0,2051,2051,0,2467
2026-04-05,Pool Bar,Johnnie Walker Red,Whisky,0,3503,3503,0,4579
2026-04-05,Pool Bar,Jose Cuervo,Tequila,0,1820,1820,0,7026
2026-04-05,Pool Bar,Kingfisher Premium,Beer,5850,5850,11739,5889,702
2026-04-05,Pool Bar,Smirnoff Vodka,Vodka,0,0,5080,5080,0
2026-04-05,Rooftop Bar,Bacardi White,Rum,0,3236,3236,0,6404
2026-04-05,Rooftop Bar,Baileys,Liqueur,0,1584,1584,0,9808
2026-04-05,Rooftop Bar,Bombay Sapphire,Gin,0,2739,2739,0,2537
2026-04-05,Rooftop Bar,Heineken,Beer,13000,8526,8526,0,4474
2026-04-05,Rooftop Bar,Hennessy,Brandy,0,1209,1209,0,1604
2026-04-05,Rooftop Bar,Jack Daniel's,Whisky,0,3006,3006,0,4929
2026-04-05,Rooftop Bar,Johnnie Walker Red,Whisky,0,0,4639,4639,0
2026-04-05,Rooftop Bar,Jose Cuervo,Tequila,0,859,2540,1681,0
2026-04-05,Rooftop Bar,Kingfisher Premium,Beer,11700,11700,12859,1159,0
2026-04-05,Rooftop Bar,Smirnoff Vodka,Vodka,0,2234,4995,2761,0
2026-04-05,Sky Lounge,Bacardi White,Rum,14250,5039,5039,0,13512
2026-04-05,Sky Lounge,Baileys,Liqueur,0,0,0,0,4347
2026-04-05,Sky Lounge,Bombay Sapphire,Gin,0,4028,4028,0,2424
2026-04-05,Sky Lounge,Heineken,Beer,5200,5200,8533,3333,2129
2026-04-05,Sky Lounge,Hennessy,Brandy,0,828,828,0,1944
2026-04-05,Sky Lounge,Jack Daniel's,Whisky,8250,4376,4376,0,3874
2026-04-05,Sky Lounge,Johnnie Walker Red,Whisky,0,4271,4271,0,4812
2026-04-05,Sky Lounge,Jose Cuervo,Tequila,0,0,2217,2217,0
2026-04-05,Sky Lounge,Kingfisher Premium,Beer,0,0,23536,23536,0
2026-04-05,Sky Lounge,Smirnoff Vodka,Vodka,8250,8155,8155,0,95
2026-04-06,Garden Bar,Bacardi White,Rum,15000,1791,1791,0,13209
2026-04-06,Garden Bar,Baileys,Liqueur,13500,506,506,0,13175
2026-04-06,Garden Bar,Bombay Sapphire,Gin,0,1496,1496,0,1427
2026-04-06,Garden Bar,Heineken,Beer,0,0,3695,3695,0
2026-04-06,Garden Bar,Hennessy,Brandy,0,308,308,0,2352
2026-04-06,Garden Bar,Jack Daniel's,Whisky,0,1265,1265,0,7336
2026-04-06,Garden Bar,Johnnie Walker Red,Whisky,0,2887,2887,0,8006
2026-04-06,Garden Bar,Jose Cuervo,Tequila,0,759,759,0,4674
2026-04-06,Garden Bar,Kingfisher Premium,Beer,0,3533,6974,3441,2823
2026-04-06,Garden Bar,Smirnoff Vodka,Vodka,0,2744,2744,0,3777
2026-04-06,Lobby Bar,Bacardi White,Rum,0,933,1699,766,0
2026-04-06,Lobby Bar,Baileys,Liqueur,0,0,0,0,2132
2026-04-06,Lobby Bar,Bombay Sapphire,Gin,0,1793,1793,0,7623
2026-04-06,Lobby Bar,Heineken,Beer,5850,5169,5169,0,681
2026-04-06,Lobby Bar,Hennessy,Brandy,0,540,540,0,5642
2026-04-06,Lobby Bar,Jack Daniel's,Whisky,0,1233,1233,0,1559
2026-04-06,Lobby Bar,Johnnie Walker Red,Whisky,0,2218,2218,0,3808
2026-04-06,Lobby Bar,Jose Cuervo,Tequila,12000,1121,1121,0,11894
2026-04-06,Lobby Bar,Kingfisher Premium,Beer,0,0,4528,4528,0
2026-04-06,Lobby Bar,Smirnoff Vodka,Vodka,0,2507,2507,0,2269
2026-04-06,Pool Bar,Bacardi White,Rum,7500,2719,2719,0,7191
2026-04-06,Pool Bar,Baileys,Liqueur,8250,862,862,0,7388
2026-04-06,Pool Bar,Bombay Sapphire,Gin,0,1545,1545,0,2159
2026-04-06,Pool Bar,Heineken,Beer,0,0,7183,7183,0
2026-04-06,Pool Bar,Hennessy,Brandy,0,0,0,0,4859
2026-04-06,Pool Bar,Jack Daniel's,Whisky,0,1972,1972,0,495
2026-04-06,Pool Bar,Johnnie Walker Red,Whisky,0,3281,3281,0,2885
2026-04-06,Pool Bar,Jose Cuervo,Tequila,0,1096,1096,0,4276
2026-04-06,Pool Bar,Kingfisher Premium,Beer,6500,6500,6742,242,0
2026-04-06,Pool Bar,Smirnoff Vodka,Vodka,14250,3349,3349,0,10901
2026-04-06,Rooftop Bar,Bacardi White,Rum,0,2736,2736,0,3668
2026-04-06,Rooftop Bar,Baileys,Liqueur,0,1055,1055,0,9068
2026-04-06,Rooftop Bar,Bombay Sapphire,Gin,6000,2405,2405,0,8277
2026-04-06,Rooftop Bar,Heineken,Beer,13650,7663,7663,0,13641
2026-04-06,Rooftop Bar,Hennessy,Brandy,0,0,0,0,820
2026-04-06,Rooftop Bar,Jack Daniel's,Whisky,0,1936,1936,0,2993
2026-04-06,Rooftop Bar,Johnnie Walker Red,Whisky,0,0,3444,3444,0
2026-04-06,Rooftop Bar,Jose Cuervo,Tequila,0,0,1306,1306,0
2026-04-06,Rooftop Bar,Kingfisher Premium,Beer,0,0,11887,11887,0
2026-04-06,Rooftop Bar,Smirnoff Vodka,Vodka,8250,4339,4339,0,5363
2026-04-06,Sky Lounge,Bacardi White,Rum,0,2771,2771,0,6440
2026-04-06,Sky Lounge,Baileys,Liqueur,0,964,964,0,3618
2026-04-06,Sky Lounge,Bombay Sapphire,Gin,0,1664,1880,216,417
2026-04-06,Sky Lounge,Heineken,Beer,7800,7800,9014,1214,0
2026-04-06,Sky Lounge,Hennessy,Brandy,0,890,890,0,809
2026-04-06,Sky Lounge,Jack Daniel's,Whisky,0,2519,2519,0,2582
2026-04-06,Sky Lounge,Johnnie Walker Red,Whisky,12000,5128,5128,0,16329
2026-04-06,Sky Lounge,Jose Cuervo,Tequila,0,0,2014,2014,0
2026-04-06,Sky Lounge,Kingfisher Premium,Beer,5850,5850,9690,3840,0
2026-04-06,Sky Lounge,Smirnoff Vodka,Vodka,14250,5773,5773,0,12908
2026-04-07,Garden Bar,Bacardi White,Rum,0,2034,2034,0,11175
2026-04-07,Garden Bar,Baileys,Liqueur,0,671,671,0,12323
2026-04-07,Garden Bar,Bombay Sapphire,Gin,0,1427,1566,139,0
2026-04-07,Garden Bar,Heineken,Beer,0,0,5431,5431,0
2026-04-07,Garden Bar,Hennessy,Brandy,0,415,415,0,1826
2026-04-07,Garden Bar,Jack Daniel's,Whisky,0,1547,1547,0,6508
2026-04-07,Garden Bar,Johnnie Walker Red,Whisky,0,2309,2309,0,7775
2026-04-07,Garden Bar,Jose Cuervo,Tequila,0,750,750,0,3736
2026-04-07,Garden Bar,Kingfisher Premium,Beer,12350,6672,6672,0,5678
2026-04-07,Garden Bar,Smirnoff Vodka,Vodka,0,2204,2204,0,2152
2026-04-07,Lobby Bar,Bacardi White,Rum,12750,2344,2344,0,10406
2026-04-07,Lobby Bar,Baileys,Liqueur,0,756,756,0,1376
2026-04-07,Lobby Bar,Bombay Sapphire,Gin,0,1561,1561,0,6511
2026-04-07,Lobby Bar,Heineken,Beer,0,681,6129,5448,0
2026-04-07,Lobby Bar,Hennessy,Brandy,0,590,590,0,5260
2026-04-07,Lobby Bar,Jack Daniel's,Whisky,0,1454,1454,0,105
2026-04-07,Lobby Bar,Johnnie Walker Red,Whisky,0,2998,2998,0,662
2026-04-07,Lobby Bar,Jose Cuervo,Tequila,0,977,977,0,10917
2026-04-07,Lobby Bar,Kingfisher Premium,Beer,5850,5850,7088,1238,0
2026-04-07,Lobby Bar,Smirnoff Vodka,Vodka,0,2269,3919,1650,0
2026-04-07,Pool Bar,Bacardi White,Rum,0,3172,3172,0,1609
2026-04-07,Pool Bar,Baileys,Liqueur,0,717,717,0,6980
2026-04-07,Pool Bar,Bombay Sapphire,Gin,6000,2545,2545,0,5614
2026-04-07,Pool Bar,Heineken,Beer,0,0,8920,8920,0
2026-04-07,Pool Bar,Hennessy,Brandy,0,560,560,0,4525
2026-04-07,Pool Bar,Jack Daniel's,Whisky,0,495,2891,2396,0
2026-04-07,Pool Bar,Johnnie Walker Red,Whisky,13500,2948,2948,0,13022
2026-04-07,Pool Bar,Jose Cuervo,Tequila,0,948,948,0,3328
2026-04-07,Pool Bar,Kingfisher Premium,Beer,0,0,8198,8198,0
2026-04-07,Pool Bar,Smirnoff Vodka,Vodka,0,2724,2724,0,8177
2026-04-07,Rooftop Bar,Bacardi White,Rum,13500,3457,3457,0,13711
2026-04-07,Rooftop Bar,Baileys,Liqueur,0,1062,1062,0,7691
2026-04-07,Rooftop Bar,Bombay Sapphire,Gin,0,2565,2565,0,3567
2026-04-07,Rooftop Bar,Heineken,Beer,9750,10302,10302,0,9909
2026-04-07,Rooftop Bar,Hennessy,Brandy,0,820,984,164,0
2026-04-07,Rooftop Bar,Jack Daniel's,Whisky,0,2185,2185,0,808
2026-04-07,Rooftop Bar,Johnnie Walker Red,Whisky,0,0,3279,3279,0
2026-04-07,Rooftop Bar,Jose Cuervo,Tequila,0,0,1747,1747,0
2026-04-07,Rooftop Bar,Kingfisher Premium,Beer,0,0,12273,12273,0
2026-04-07,Rooftop Bar,Smirnoff Vodka,Vodka,0,3911,4143,232,0
2026-04-07,Sky Lounge,Bacardi White,Rum,0,3624,3624,0,2816
2026-04-07,Sky Lounge,Baileys,Liqueur,0,0,0,0,3383
2026-04-07,Sky Lounge,Bombay Sapphire,Gin,0,0,3731,3731,0
2026-04-07,Sky Lounge,Heineken,Beer,12350,7208,7208,0,5142
2026-04-07,Sky Lounge,Hennessy,Brandy,5600,853,853,0,5556
2026-04-07,Sky Lounge,Jack Daniel's,Whisky,12750,2306,2306,0,11799
2026-04-07,Sky Lounge,Johnnie Walker Red,Whisky,0,3940,3940,0,8676
2026-04-07,Sky Lounge,Jose Cuervo,Tequila,0,0,2008,2008,0
2026-04-07,Sky Lounge,Kingfisher Premium,Beer,0,0,12553,12553,0
2026-04-07,Sky Lounge,Smirnoff Vodka,Vodka,0,4171,4171,0,7236
2026-04-08,Garden Bar,Bacardi White,Rum,0,1714,1714,0,9461
2026-04-08,Garden Bar,Baileys,Liqueur,0,633,633,0,12177
2026-04-08,Garden Bar,Bombay Sapphire,Gin,6750,1680,1680,0,5801
2026-04-08,Garden Bar,Heineken,Beer,0,0,4448,4448,0
2026-04-08,Garden Bar,Hennessy,Brandy,0,527,527,0,1352
2026-04-08,Garden Bar,Jack Daniel's,Whisky,0,1237,1237,0,4552
2026-04-08,Garden Bar,Johnnie Walker Red,Whisky,0,2637,2637,0,3060
2026-04-08,Garden Bar,Jose Cuervo,Tequila,0,1190,1190,0,2463
2026-04-08,Garden Bar,Kingfisher Premium,Beer,0,5678,6070,392,0
2026-04-08,Garden Bar,Smirnoff Vodka,Vodka,8250,2665,2665,0,7158
2026-04-08,Lobby Bar,Bacardi White,Rum,0,2289,2289,0,8117
2026-04-08,Lobby Bar,Baileys,Liqueur,0,774,774,0,602
2026-04-08,Lobby Bar,Bombay Sapphire,Gin,0,2006,2006,0,4337
2026-04-08,Lobby Bar,Heineken,Beer,0,0,7550,7550,0
2026-04-08,Lobby Bar,Hennessy,Brandy,0,707,707,0,4468
2026-04-08,Lobby Bar,Jack Daniel's,Whisky,0,105,1441,1336,0
2026-04-08,Lobby Bar,Johnnie Walker Red,Whisky,0,296,2891,2595,0
2026-04-08,Lobby Bar,Jose Cuervo,Tequila,0,970,970,0,10423
2026-04-08,Lobby Bar,Kingfisher Premium,Beer,12350,8585,8585,0,3765
2026-04-08,Lobby Bar,Smirnoff Vodka,Vodka,9750,3164,3164,0,9167
2026-04-08,Pool Bar,Bacardi White,Rum,0,1609,2597,988,0
2026-04-08,Pool Bar,Baileys,Liqueur,0,771,771,0,6416
2026-04-08,Pool Bar,Bombay Sapphire,Gin,0,2119,2119,0,3495
2026-04-08,Pool Bar,Heineken,Beer,0,0,7407,7407,0
2026-04-08,Pool Bar,Hennessy,Brandy,0,657,657,0,4163
2026-04-08,Pool Bar,Jack Daniel's,Whisky,12750,2285,2285,0,10465
2026-04-08,Pool Bar,Johnnie Walker Red,Whisky,0,2666,2666,0,9254
2026-04-08,Pool Bar,Jose Cuervo,Tequila,0,1408,1408,0,1920
2026-04-08,Pool Bar,Kingfisher Premium,Beer,0,0,12316,12316,0
2026-04-08,Pool Bar,Smirnoff Vodka,Vodka,0,3435,3435,0,4742
2026-04-08,Rooftop Bar,Bacardi White,Rum,0,4415,4415,0,12688
2026-04-08,Rooftop Bar,Baileys,Liqueur,0,1266,1266,0,6425
2026-04-08,Rooftop Bar,Bombay Sapphire,Gin,12000,2780,2780,0,12787
2026-04-08,Rooftop Bar,Heineken,Beer,9750,8694,8694,0,10965
2026-04-08,Rooftop Bar,Hennessy,Brandy,8400,779,779,0,7621
2026-04-08,Rooftop Bar,Jack Daniel's,Whisky,0,808,2120,1312,0
2026-04-08,Rooftop Bar,Johnnie Walker Red,Whisky,6000,3602,3602,0,2398
2026-04-08,Rooftop Bar,Jose Cuervo,Tequila,0,0,1740,1740,0
2026-04-08,Rooftop Bar,Kingfisher Premium,Beer,5850,5850,10450,4600,0
2026-04-08,Rooftop Bar,Smirnoff Vodka,Vodka,0,0,5802,5802,0
2026-04-08,Sky Lounge,Bacardi White,Rum,0,2816,3593,777,1891
2026-04-08,Sky Lounge,Baileys,Liqueur,0,1217,1217,0,2166
2026-04-08,Sky Lounge,Bombay Sapphire,Gin,12000,2074,2074,0,10939
2026-04-08,Sky Lounge,Heineken,Beer,0,5142,10051,4909,0
2026-04-08,Sky Lounge,Hennessy,Brandy,0,0,0,0,5556
2026-04-08,Sky Lounge,Jack Daniel's,Whisky,0,1664,1664,0,10135
2026-04-08,Sky Lounge,Johnnie Walker Red,Whisky,0,3178,3178,0,4566
2026-04-08,Sky Lounge,Jose Cuervo,Tequila,0,0,1515,1515,0
2026-04-08,Sky Lounge,Kingfisher Premium,Beer,11050,11050,12636,1586,1352
2026-04-08,Sky Lounge,Smirnoff Vodka,Vodka,0,4401,7095,2694,0
2026-04-09,Garden Bar,Bacardi White,Rum,0,2006,2006,0,8075
2026-04-09,Garden Bar,Baileys,Liqueur,0,791,791,0,11076
2026-04-09,Garden Bar,Bombay Sapphire,Gin,0,1607,1607,0,3463
2026-04-09,Garden Bar,Heineken,Beer,0,0,5944,5944,0
2026-04-09,Garden Bar,Hennessy,Brandy,0,432,432,0,1051
2026-04-09,Garden Bar,Jack Daniel's,Whisky,0,1138,1138,0,3414
2026-04-09,Garden Bar,Johnnie Walker Red,Whisky,0,1976,1976,0,1084
2026-04-09,Garden Bar,Jose Cuervo,Tequila,0,1305,1305,0,1158
2026-04-09,Garden Bar,Kingfisher Premium,Beer,0,0,5419,5419,0
2026-04-09,Garden Bar,Smirnoff Vodka,Vodka,0,3631,3631,0,3527
2026-04-09,Lobby Bar,Bacardi White,Rum,0,2478,2478,0,5639
2026-04-09,Lobby Bar,Baileys,Liqueur,14250,688,688,0,14275
2026-04-09,Lobby Bar,Bombay Sapphire,Gin,0,1870,1870,0,1955
2026-04-09,Lobby Bar,Heineken,Beer,5850,5850,7407,1557,0
2026-04-09,Lobby Bar,Hennessy,Brandy,0,339,339,0,3702
2026-04-09,Lobby Bar,Jack Daniel's,Whisky,0,0,1903,1903,0
2026-04-09,Lobby Bar,Johnnie Walker Red,Whisky,10500,3265,3265,0,7235
2026-04-09,Lobby Bar,Jose Cuervo,Tequila,0,972,972,0,9872
2026-04-09,Lobby Bar,Kingfisher Premium,Beer,0,3765,9911,6146,0
2026-04-09,Lobby Bar,Smirnoff Vodka,Vodka,0,3953,3953,0,2633
2026-04-09,Pool Bar,Bacardi White,Rum,0,0,3617,3617,0
2026-04-09,Pool Bar,Baileys,Liqueur,0,0,0,0,5900
2026-04-09,Pool Bar,Bombay Sapphire,Gin,11250,1811,1811,0,13839
2026-04-09,Pool Bar,Heineken,Beer,0,0,7961,7961,0
2026-04-09,Pool Bar,Hennessy,Brandy,0,760,760,0,2882
2026-04-09,Pool Bar,Jack Daniel's,Whisky,0,2349,2349,0,8116
2026-04-09,Pool Bar,Johnnie Walker Red,Whisky,0,3455,3455,0,6509
2026-04-09,Pool Bar,Jose Cuervo,Tequila,0,1560,1560,0,360
2026-04-09,Pool Bar,Kingfisher Premium,Beer,0,0,10235,10235,0
2026-04-09,Pool Bar,Smirnoff Vodka,Vodka,0,3917,3917,0,825
2026-04-09,Rooftop Bar,Bacardi White,Rum,0,4366,4366,0,6067
2026-04-09,Rooftop Bar,Baileys,Liqueur,0,1070,1070,0,5355
2026-04-09,Rooftop Bar,Bombay Sapphire,Gin,0,2858,2858,0,11599
2026-04-09,Rooftop Bar,Heineken,Beer,0,8417,8417,0,2548
2026-04-09,Rooftop Bar,Hennessy,Brandy,0,922,922,0,6699
2026-04-09,Rooftop Bar,Jack Daniel's,Whisky,14250,2864,2864,0,13561
2026-04-09,Rooftop Bar,Johnnie Walker Red,Whisky,0,2398,5093,2695,0
2026-04-09,Rooftop Bar,Jose Cuervo,Tequila,0,0,1345,1345,0
2026-04-09,Rooftop Bar,Kingfisher Premium,Beer,0,0,12058,12058,0
2026-04-09,Rooftop Bar,Smirnoff Vodka,Vodka,0,0,6594,6594,0
2026-04-09,Sky Lounge,Bacardi White,Rum,0,0,4466,4466,0
2026-04-09,Sky Lounge,Baileys,Liqueur,0,1090,1090,0,1076
2026-04-09,Sky Lounge,Bombay Sapphire,Gin,0,2669,2669,0,8198
2026-04-09,Sky Lounge,Heineken,Beer,0,0,10626,10626,0
2026-04-09,Sky Lounge,Hennessy,Brandy,0,1099,1099,0,5080
2026-04-09,Sky Lounge,Jack Daniel's,Whisky,0,2896,2896,0,8403
2026-04-09,Sky Lounge,Johnnie Walker Red,Whisky,10500,4068,4068,0,10998
2026-04-09,Sky Lounge,Jose Cuervo,Tequila,12000,2772,2772,0,9228
2026-04-09,Sky Lounge,Kingfisher Premium,Beer,0,0,15143,15143,0
2026-04-09,Sky Lounge,Smirnoff Vodka,Vodka,0,0,7538,7538,0
2026-04-10,Garden Bar,Bacardi White,Rum,0,2948,2948,0,4507
2026-04-10,Garden Bar,Baileys,Liqueur,0,915,915,0,10026
2026-04-10,Garden Bar,Bombay Sapphire,Gin,7500,1624,1624,0,10576
2026-04-10,Garden Bar,Heineken,Beer,5200,5200,9534,4334,0
2026-04-10,Garden Bar,Hennessy,Brandy,14000,754,754,0,14113
2026-04-10,Garden Bar,Jack Daniel's,Whisky,0,2180,2180,0,1886
2026-04-10,Garden Bar,Johnnie Walker Red,Whisky,0,1084,3739,2655,0
2026-04-10,Garden Bar,Jose Cuervo,Tequila,11250,802,802,0,11860
2026-04-10,Garden Bar,Kingfisher Premium,Beer,5200,5200,6790,1590,905
2026-04-10,Garden Bar,Smirnoff Vodka,Vodka,0,3527,4040,513,0
2026-04-10,Lobby Bar,Bacardi White,Rum,0,3210,3210,0,4870
2026-04-10,Lobby Bar,Baileys,Liqueur,0,987,987,0,14119
2026-04-10,Lobby Bar,Bombay Sapphire,Gin,0,1955,2335,380,339
2026-04-10,Lobby Bar,Heineken,Beer,0,0,7807,7807,0
2026-04-10,Lobby Bar,Hennessy,Brandy,0,819,819,0,3470
2026-04-10,Lobby Bar,Jack Daniel's,Whisky,9000,2605,2605,0,8432
2026-04-10,Lobby Bar,Johnnie Walker Red,Whisky,0,5538,5538,0,1697
2026-04-10,Lobby Bar,Jose Cuervo,Tequila,0,2001,2001,0,6974
2026-04-10,Lobby Bar,Kingfisher Premium,Beer,7800,7800,12864,5064,0
2026-04-10,Lobby Bar,Smirnoff Vodka,Vodka,0,2633,4336,1703,0
2026-04-10,Pool Bar,Bacardi White,Rum,0,0,3588,3588,0
2026-04-10,Pool Bar,Baileys,Liqueur,0,1449,1449,0,4451
2026-04-10,Pool Bar,Bombay Sapphire,Gin,0,2967,2967,0,9967
2026-04-10,Pool Bar,Heineken,Beer,13650,10904,10904,0,2746
2026-04-10,Pool Bar,Hennessy,Brandy,0,873,873,0,2318
2026-04-10,Pool Bar,Jack Daniel's,Whisky,0,2320,2320,0,5796
2026-04-10,Pool Bar,Johnnie Walker Red,Whisky,11250,4658,4658,0,12321
2026-04-10,Pool Bar,Jose Cuervo,Tequila,13500,2165,2165,0,12568
2026-04-10,Pool Bar,Kingfisher Premium,Beer,12350,12350,14919,2569,0
2026-04-10,Pool Bar,Smirnoff Vodka,Vodka,12750,6180,6180,0,8193
2026-04-10,Rooftop Bar,Bacardi White,Rum,0,4660,4660,0,2828
2026-04-10,Rooftop Bar,Baileys,Liqueur,0,1460,1460,0,4920
2026-04-10,Rooftop Bar,Bombay Sapphire,Gin,0,4656,4656,0,5683
2026-04-10,Rooftop Bar,Heineken,Beer,0,2548,12887,10339,0
2026-04-10,Rooftop Bar,Hennessy,Brandy,0,0,0,0,6699
2026-04-10,Rooftop Bar,Jack Daniel's,Whisky,0,3987,3987,0,7399
2026-04-10,Rooftop Bar,Johnnie Walker Red,Whisky,0,0,5796,5796,0
2026-04-10,Rooftop Bar,Jose Cuervo,Tequila,0,0,2707,2707,0
2026-04-10,Rooftop Bar,Kingfisher Premium,Beer,0,0,17610,17610,0
2026-04-10,Rooftop Bar,Smirnoff Vodka,Vodka,0,0,6779,6779,0
2026-04-10,Sky Lounge,Bacardi White,Rum,0,0,6761,6761,0
2026-04-10,Sky Lounge,Baileys,Liqueur,0,1076,1699,623,0
2026-04-10,Sky Lounge,Bombay Sapphire,Gin,0,3915,3915,0,3342
2026-04-10,Sky Lounge,Heineken,Beer,5200,5200,11978,6778,761
2026-04-10,Sky Lounge,Hennessy,Brandy,0,1118,1118,0,4127
2026-04-10,Sky Lounge,Jack Daniel's,Whisky,0,3394,3394,0,3845
2026-04-10,Sky Lounge,Johnnie Walker Red,Whisky,0,7298,7298,0,3700
2026-04-10,Sky Lounge,Jose Cuervo,Tequila,0,3104,3104,0,8708
2026-04-10,Sky Lounge,Kingfisher Premium,Beer,0,0,21299,21299,0
2026-04-10,Sky Lounge,Smirnoff Vodka,Vodka,0,0,8893,8893,0
2026-04-11,Garden Bar,Bacardi White,Rum,0,2902,2902,0,1605
2026-04-11,Garden Bar,Baileys,Liqueur,0,0,0,0,9984
2026-04-11,Garden Bar,Bombay Sapphire,Gin,0,3877,3877,0,5462
2026-04-11,Garden Bar,Heineken,Beer,9100,9100,11343,2243,6394
2026-04-11,Garden Bar,Hennessy,Brandy,0,710,710,0,13403
2026-04-11,Garden Bar,Jack Daniel's,Whisky,0,1234,2379,1145,0
2026-04-11,Garden Bar,Johnnie Walker Red,Whisky,0,0,3519,3519,0
2026-04-11,Garden Bar,Jose Cuervo,Tequila,0,1748,1748,0,10753
2026-04-11,Garden Bar,Kingfisher Premium,Beer,0,0,14564,14564,0
2026-04-11,Garden Bar,Smirnoff Vodka,Vodka,0,0,4239,4239,0
2026-04-11,Lobby Bar,Bacardi White,Rum,0,2429,4379,1950,0
2026-04-11,Lobby Bar,Baileys,Liqueur,0,1222,1222,0,12742
2026-04-11,Lobby Bar,Bombay Sapphire,Gin,6750,2924,2924,0,3826
2026-04-11,Lobby Bar,Heineken,Beer,0,0,8990,8990,0
2026-04-11,Lobby Bar,Hennessy,Brandy,0,921,921,0,1962
2026-04-11,Lobby Bar,Jack Daniel's,Whisky,0,2480,2480,0,3915
2026-04-11,Lobby Bar,Johnnie Walker Red,Whisky,0,1697,6225,4528,0
2026-04-11,Lobby Bar,Jose Cuervo,Tequila,0,1970,1970,0,5004
2026-04-11,Lobby Bar,Kingfisher Premium,Beer,7150,7150,15389,8239,0
2026-04-11,Lobby Bar,Smirnoff Vodka,Vodka,6000,5755,5755,0,3616
2026-04-11,Pool Bar,Bacardi White,Rum,0,0,2715,2715,0
2026-04-11,Pool Bar,Baileys,Liqueur,0,1476,1476,0,2975
2026-04-11,Pool Bar,Bombay Sapphire,Gin,0,3607,3607,0,8630
2026-04-11,Pool Bar,Heineken,Beer,13650,9593,9593,0,13664
2026-04-11,Pool Bar,Hennessy,Brandy,0,0,0,0,2009
2026-04-11,Pool Bar,Jack Daniel's,Whisky,0,3210,3210,0,2586
2026-04-11,Pool Bar,Johnnie Walker Red,Whisky,0,6242,6242,0,11264
2026-04-11,Pool Bar,Jose Cuervo,Tequila,0,2856,2856,0,8839
2026-04-11,Pool Bar,Kingfisher Premium,Beer,0,0,14725,14725,0
2026-04-11,Pool Bar,Smirnoff Vodka,Vodka,8250,6604,6604,0,13396
2026-04-11,Rooftop Bar,Bacardi White,Rum,11250,5715,5715,0,5805
2026-04-11,Rooftop Bar,Baileys,Liqueur,0,2222,2222,0,1673
2026-04-11,Rooftop Bar,Bombay Sapphire,Gin,0,4836,4836,0,4310
2026-04-11,Rooftop Bar,Heineken,Beer,0,0,15213,15213,0
2026-04-11,Rooftop Bar,Hennessy,Brandy,0,1329,1329,0,6367
2026-04-11,Rooftop Bar,Jack Daniel's,Whisky,0,4478,4478,0,2921
2026-04-11,Rooftop Bar,Johnnie Walker Red,Whisky,10500,8040,8040,0,5247
2026-04-11,Rooftop Bar,Jose Cuervo,Tequila,0,0,2700,2700,0
2026-04-11,Rooftop Bar,Kingfisher Premium,Beer,0,0,19462,19462,0
2026-04-11,Rooftop Bar,Smirnoff Vodka,Vodka,0,0,7782,7782,0
2026-04-11,Sky Lounge,Bacardi White,Rum,0,0,6400,6400,0
2026-04-11,Sky Lounge,Baileys,Liqueur,0,0,1671,1671,0
2026-04-11,Sky Lounge,Bombay Sapphire,Gin,10500,4330,4330,0,9512
2026-04-11,Sky Lounge,Heineken,Beer,7150,7150,16730,9580,0
2026-04-11,Sky Lounge,Hennessy,Brandy,0,0,0,0,3339
2026-04-11,Sky Lounge,Jack Daniel's,Whisky,0,3845,5226,1381,0
2026-04-11,Sky Lounge,Johnnie Walker Red,Whisky,0,3700,8034,4334,0
2026-04-11,Sky Lounge,Jose Cuervo,Tequila,0,3730,3730,0,4924
2026-04-11,Sky Lounge,Kingfisher Premium,Beer,11050,11050,25118,14068,0
2026-04-11,Sky Lounge,Smirnoff Vodka,Vodka,0,0,8145,8145,0
2026-04-12,Garden Bar,Bacardi White,Rum,14250,2443,2443,0,13412
2026-04-12,Garden Bar,Baileys,Liqueur,0,0,0,0,9984
2026-04-12,Garden Bar,Bombay Sapphire,Gin,0,2564,2564,0,3697
2026-04-12,Garden Bar,Heineken,Beer,0,0,7714,7714,0
2026-04-12,Garden Bar,Hennessy,Brandy,0,0,0,0,13403
2026-04-12,Garden Bar,Jack Daniel's,Whisky,0,0,1522,1522,0
2026-04-12,Garden Bar,Johnnie Walker Red,Whisky,0,0,2747,2747,0
2026-04-12,Garden Bar,Jose Cuervo,Tequila,0,1299,1299,0,8930
2026-04-12,Garden Bar,Kingfisher Premium,Beer,11700,8507,8507,0,3193
2026-04-12,Garden Bar,Smirnoff Vodka,Vodka,0,0,3135,3135,0
2026-04-12,Lobby Bar,Bacardi White,Rum,0,0,2781,2781,0
2026-04-12,Lobby Bar,Baileys,Liqueur,0,813,813,0,11142
2026-04-12,Lobby Bar,Bombay Sapphire,Gin,0,2175,2175,0,1651
2026-04-12,Lobby Bar,Heineken,Beer,5200,5200,7021,1821,0
2026-04-12,Lobby Bar,Hennessy,Brandy,0,678,678,0,1284
2026-04-12,Lobby Bar,Jack Daniel's,Whisky,0,2415,2415,0,1775
2026-04-12,Lobby Bar,Johnnie Walker Red,Whisky,0,0,4318,4318,0
2026-04-12,Lobby Bar,Jose Cuervo,Tequila,0,1321,1321,0,3683
2026-04-12,Lobby Bar,Kingfisher Premium,Beer,0,0,9072,9072,0
2026-04-12,Lobby Bar,Smirnoff Vodka,Vodka,15000,4957,4957,0,10288
2026-04-12,Pool Bar,Bacardi White,Rum,0,0,2616,2616,0
2026-04-12,Pool Bar,Baileys,Liqueur,0,0,0,0,2975
2026-04-12,Pool Bar,Bombay Sapphire,Gin,0,2565,2565,0,3795
2026-04-12,Pool Bar,Heineken,Beer,0,6803,9888,3085,3154
2026-04-12,Pool Bar,Hennessy,Brandy,0,768,768,0,1241
2026-04-12,Pool Bar,Jack Daniel's,Whisky,0,2157,2157,0,707
2026-04-12,Pool Bar,Johnnie Walker Red,Whisky,10500,3600,3600,0,12979
2026-04-12,Pool Bar,Jose Cuervo,Tequila,0,1767,1767,0,7072
2026-04-12,Pool Bar,Kingfisher Premium,Beer,0,0,13999,13999,0
2026-04-12,Pool Bar,Smirnoff Vodka,Vodka,0,4767,4767,0,5542
2026-04-12,Rooftop Bar,Bacardi White,Rum,0,4537,4537,0,2081
2026-04-12,Rooftop Bar,Baileys,Liqueur,8250,800,800,0,9565
2026-04-12,Rooftop Bar,Bombay Sapphire,Gin,12000,2688,2688,0,10704
2026-04-12,Rooftop Bar,Heineken,Beer,8450,8450,14737,6287,0
2026-04-12,Rooftop Bar,Hennessy,Brandy,0,1276,1276,0,4094
2026-04-12,Rooftop Bar,Jack Daniel's,Whisky,0,2921,3039,118,2553
2026-04-12,Rooftop Bar,Johnnie Walker Red,Whisky,6750,4728,4728,0,4482
2026-04-12,Rooftop Bar,Jose Cuervo,Tequila,12750,2246,2246,0,12549
2026-04-12,Rooftop Bar,Kingfisher Premium,Beer,0,0,14348,14348,0
2026-04-12,Rooftop Bar,Smirnoff Vodka,Vodka,0,0,7845,7845,0
2026-04-12,Sky Lounge,Bacardi White,Rum,0,0,5818,5818,0
2026-04-12,Sky Lounge,Baileys,Liqueur,0,0,1793,1793,0
2026-04-12,Sky Lounge,Bombay Sapphire,Gin,0,3955,3955,0,5557
2026-04-12,Sky Lounge,Heineken,Beer,0,0,14405,14405,0
2026-04-12,Sky Lounge,Hennessy,Brandy,0,1011,1011,0,2328
2026-04-12,Sky Lounge,Jack Daniel's,Whisky,0,0,3077,3077,0
2026-04-12,Sky Lounge,Johnnie Walker Red,Whisky,15750,6583,6583,0,9167
2026-04-12,Sky Lounge,Jose Cuervo,Tequila,11250,1360,1360,0,12992
2026-04-12,Sky Lounge,Kingfisher Premium,Beer,9100,9100,13222,4122,0
2026-04-12,Sky Lounge,Smirnoff Vodka,Vodka,13500,5905,5905,0,7595
2026-04-13,Garden Bar,Bacardi White,Rum,0,1860,1860,0,11552
2026-04-13,Garden Bar,Baileys,Liqueur,0,0,0,0,9984
2026-04-13,Garden Bar,Bombay Sapphire,Gin,0,1625,1625,0,1273
2026-04-13,Garden Bar,Heineken,Beer,0,0,5018,5018,0
2026-04-13,Garden Bar,Hennessy,Brandy,0,382,382,0,13381
2026-04-13,Garden Bar,Jack Daniel's,Whisky,9000,1327,1327,0,7673
2026-04-13,Garden Bar,Johnnie Walker Red,Whisky,0,0,2596,2596,0
2026-04-13,Garden Bar,Jose Cuervo,Tequila,0,679,679,0,7880
2026-04-13,Garden Bar,Kingfisher Premium,Beer,6500,5781,5781,0,3912
2026-04-13,Garden Bar,Smirnoff Vodka,Vodka,0,0,2297,2297,0
2026-04-13,Lobby Bar,Bacardi White,Rum,12000,1763,1763,0,10777
2026-04-13,Lobby Bar,Baileys,Liqueur,0,561,561,0,10581
2026-04-13,Lobby Bar,Bombay Sapphire,Gin,15750,1416,1416,0,15985
2026-04-13,Lobby Bar,Heineken,Beer,0,0,5874,5874,0
2026-04-13,Lobby Bar,Hennessy,Brandy,0,0,0,0,1284
2026-04-13,Lobby Bar,Jack Daniel's,Whisky,13500,1348,1348,0,13652
2026-04-13,Lobby Bar,Johnnie Walker Red,Whisky,14250,2474,2474,0,11776
2026-04-13,Lobby Bar,Jose Cuervo,Tequila,0,845,845,0,2838
2026-04-13,Lobby Bar,Kingfisher Premium,Beer,0,0,4932,4932,0
2026-04-13,Lobby Bar,Smirnoff Vodka,Vodka,0,3028,3028,0,7260
2026-04-13,Pool Bar,Bacardi White,Rum,0,0,1814,1814,0
2026-04-13,Pool Bar,Baileys,Liqueur,0,0,0,0,2975
2026-04-13,Pool Bar,Bombay Sapphire,Gin,0,2513,2513,0,1282
2026-04-13,Pool Bar,Heineken,Beer,5200,5200,5841,641,0
2026-04-13,Pool Bar,Hennessy,Brandy,0,630,630,0,998
2026-04-13,Pool Bar,Jack Daniel's,Whisky,0,429,1680,1251,405
2026-04-13,Pool Bar,Johnnie Walker Red,Whisky,0,3462,3462,0,9517
2026-04-13,Pool Bar,Jose Cuervo,Tequila,0,1003,1003,0,6429
2026-04-13,Pool Bar,Kingfisher Premium,Beer,13000,5813,5813,0,7187
2026-04-13,Pool Bar,Smirnoff Vodka,Vodka,0,3858,3858,0,416
2026-04-13,Rooftop Bar,Bacardi White,Rum,0,1268,3868,2600,0
2026-04-13,Rooftop Bar,Baileys,Liqueur,0,1080,1080,0,8365
2026-04-13,Rooftop Bar,Bombay Sapphire,Gin,0,2725,2725,0,7502
2026-04-13,Rooftop Bar,Heineken,Beer,0,0,8935,8935,0
2026-04-13,Rooftop Bar,Hennessy,Brandy,0,925,925,0,3620
2026-04-13,Rooftop Bar,Jack Daniel's,Whisky,9750,2354,2354,0,7940
2026-04-13,Rooftop Bar,Johnnie Walker Red,Whisky,9750,3700,3700,0,10532
2026-04-13,Rooftop Bar,Jose Cuervo,Tequila,0,1678,1678,0,9313
2026-04-13,Rooftop Bar,Kingfisher Premium,Beer,11700,11700,13077,1377,1842
2026-04-13,Rooftop Bar,Smirnoff Vodka,Vodka,0,0,3981,3981,0
2026-04-13,Sky Lounge,Bacardi White,Rum,0,0,2707,2707,0
2026-04-13,Sky Lounge,Baileys,Liqueur,0,0,1001,1001,0
2026-04-13,Sky Lounge,Bombay Sapphire,Gin,0,2695,2695,0,2862
2026-04-13,Sky Lounge,Heineken,Beer,0,0,7716,7716,0
2026-04-13,Sky Lounge,Hennessy,Brandy,0,963,963,0,1495
2026-04-13,Sky Lounge,Jack Daniel's,Whisky,0,0,3096,3096,0
2026-04-13,Sky Lounge,Johnnie Walker Red,Whisky,0,3241,3241,0,5926
2026-04-13,Sky Lounge,Jose Cuervo,Tequila,0,1734,1734,0,12115
2026-04-13,Sky Lounge,Kingfisher Premium,Beer,5850,5850,10567,4717,2800
2026-04-13,Sky Lounge,Smirnoff Vodka,Vodka,0,5441,5441,0,2154
2026-04-14,Garden Bar,Bacardi White,Rum,0,1387,1387,0,10165
2026-04-14,Garden Bar,Baileys,Liqueur,0,636,636,0,9791
2026-04-14,Garden Bar,Bombay Sapphire,Gin,13500,1403,1403,0,13370
2026-04-14,Garden Bar,Heineken,Beer,0,0,4511,4511,0
2026-04-14,Garden Bar,Hennessy,Brandy,0,482,482,0,12964
2026-04-14,Garden Bar,Jack Daniel's,Whisky,0,1240,1240,0,6753
2026-04-14,Garden Bar,Johnnie Walker Red,Whisky,0,0,2744,2744,0
2026-04-14,Garden Bar,Jose Cuervo,Tequila,0,1039,1039,0,7472
2026-04-14,Garden Bar,Kingfisher Premium,Beer,0,3912,7205,3293,0
2026-04-14,Garden Bar,Smirnoff Vodka,Vodka,0,0,2505,2505,0
2026-04-14,Lobby Bar,Bacardi White,Rum,0,2527,2527,0,8806
2026-04-14,Lobby Bar,Baileys,Liqueur,0,705,705,0,9876
2026-04-14,Lobby Bar,Bombay Sapphire,Gin,0,1889,1889,0,14496
2026-04-14,Lobby Bar,Heineken,Beer,13650,6281,6281,0,7369
2026-04-14,Lobby Bar,Hennessy,Brandy,0,426,426,0,858
2026-04-14,Lobby Bar,Jack Daniel's,Whisky,0,1665,1665,0,12230
2026-04-14,Lobby Bar,Johnnie Walker Red,Whisky,0,2491,2491,0,10004
2026-04-14,Lobby Bar,Jose Cuervo,Tequila,0,1056,1056,0,1782
2026-04-14,Lobby Bar,Kingfisher Premium,Beer,0,0,7669,7669,0
2026-04-14,Lobby Bar,Smirnoff Vodka,Vodka,0,3209,3209,0,5329
2026-04-14,Pool Bar,Bacardi White,Rum,0,0,2672,2672,0
2026-04-14,Pool Bar,Baileys,Liqueur,0,861,861,0,2114
2026-04-14,Pool Bar,Bombay Sapphire,Gin,8250,1981,1981,0,7551
2026-04-14,Pool Bar,Heineken,Beer,0,0,7091,7091,0
2026-04-14,Pool Bar,Hennessy,Brandy,13300,534,534,0,13377
2026-04-14,Pool Bar,Jack Daniel's,Whisky,0,0,1972,1972,0
2026-04-14,Pool Bar,Johnnie Walker Red,Whisky,0,4182,4182,0,5335
2026-04-14,Pool Bar,Jose Cuervo,Tequila,0,1315,1315,0,4754
2026-04-14,Pool Bar,Kingfisher Premium,Beer,0,7187,7470,283,0
2026-04-14,Pool Bar,Smirnoff Vodka,Vodka,0,416,3228,2812,0
2026-04-14,Rooftop Bar,Bacardi White,Rum,0,0,3768,3768,0
2026-04-14,Rooftop Bar,Baileys,Liqueur,0,1342,1342,0,6701
2026-04-14,Rooftop Bar,Bombay Sapphire,Gin,0,2371,2371,0,6209
2026-04-14,Rooftop Bar,Heineken,Beer,9100,8615,8615,0,485
2026-04-14,Rooftop Bar,Hennessy,Brandy,0,894,894,0,2275
2026-04-14,Rooftop Bar,Jack Daniel's,Whisky,0,3003,3003,0,5323
2026-04-14,Rooftop Bar,Johnnie Walker Red,Whisky,0,3718,3718,0,6814
2026-04-14,Rooftop Bar,Jose Cuervo,Tequila,0,1925,1925,0,6901
2026-04-14,Rooftop Bar,Kingfisher Premium,Beer,11050,11050,12475,1425,0
2026-04-14,Rooftop Bar,Smirnoff Vodka,Vodka,0,0,6074,6074,0
2026-04-14,Sky Lounge,Bacardi White,Rum,0,0,3197,3197,0
2026-04-14,Sky Lounge,Baileys,Liqueur,15000,844,844,0,14156
2026-04-14,Sky Lounge,Bombay Sapphire,Gin,0,2862,3487,625,0
2026-04-14,Sky Lounge,Heineken,Beer,10400,7121,7121,0,3279
2026-04-14,Sky Lounge,Hennessy,Brandy,0,754,754,0,611
2026-04-14,Sky Lounge,Jack Daniel's,Whisky,0,0,2106,2106,0
2026-04-14,Sky Lounge,Johnnie Walker Red,Whisky,0,3656,3656,0,5515
2026-04-14,Sky Lounge,Jose Cuervo,Tequila,0,2377,2377,0,8173
2026-04-14,Sky Lounge,Kingfisher Premium,Beer,0,0,9690,9690,0
2026-04-14,Sky Lounge,Smirnoff Vodka,Vodka,9000,5289,5289,0,5865
2026-04-15,Garden Bar,Bacardi White,Rum,0,2059,2059,0,9259
2026-04-15,Garden Bar,Baileys,Liqueur,0,571,571,0,8777
2026-04-15,Garden Bar,Bombay Sapphire,Gin,0,1169,1169,0,12201
2026-04-15,Garden Bar,Heineken,Beer,0,0,4836,4836,0
2026-04-15,Garden Bar,Hennessy,Brandy,0,537,537,0,12002
2026-04-15,Garden Bar,Jack Daniel's,Whisky,0,865,865,0,6099
2026-04-15,Garden Bar,Johnnie Walker Red,Whisky,0,0,2208,2208,0
2026-04-15,Garden Bar,Jose Cuervo,Tequila,0,1038,1038,0,6785
2026-04-15,Garden Bar,Kingfisher Premium,Beer,7150,6213,6213,0,937
2026-04-15,Garden Bar,Smirnoff Vodka,Vodka,0,0,2970,2970,0
2026-04-15,Lobby Bar,Bacardi White,Rum,0,2272,2272,0,5566
2026-04-15,Lobby Bar,Baileys,Liqueur,0,603,603,0,9688
2026-04-15,Lobby Bar,Bombay Sapphire,Gin,0,1532,1532,0,12783
2026-04-15,Lobby Bar,Heineken,Beer,0,6671,6671,0,698
2026-04-15,Lobby Bar,Hennessy,Brandy,0,677,677,0,181
2026-04-15,Lobby Bar,Jack Daniel's,Whisky,0,1590,1590,0,11057
2026-04-15,Lobby Bar,Johnnie Walker Red,Whisky,0,3424,3424,0,5861
2026-04-15,Lobby Bar,Jose Cuervo,Tequila,0,1069,1069,0,1372
2026-04-15,Lobby Bar,Kingfisher Premium,Beer,6500,6500,6727,227,0
2026-04-15,Lobby Bar,Smirnoff Vodka,Vodka,9000,4280,4280,0,8771
2026-04-15,Pool Bar,Bacardi White,Rum,0,0,3013,3013,0
2026-04-15,Pool Bar,Baileys,Liqueur,0,883,883,0,1231
2026-04-15,Pool Bar,Bombay Sapphire,Gin,0,2417,2417,0,5597
2026-04-15,Pool Bar,Heineken,Beer,0,0,8603,8603,0
2026-04-15,Pool Bar,Hennessy,Brandy,0,482,482,0,13041
2026-04-15,Pool Bar,Jack Daniel's,Whisky,12750,2027,2027,0,10723
2026-04-15,Pool Bar,Johnnie Walker Red,Whisky,0,3252,3252,0,5008
2026-04-15,Pool Bar,Jose Cuervo,Tequila,0,1404,1404,0,3350
2026-04-15,Pool Bar,Kingfisher Premium,Beer,13000,12565,12565,0,435
2026-04-15,Pool Bar,Smirnoff Vodka,Vodka,0,0,4082,4082,0
2026-04-15,Rooftop Bar,Bacardi White,Rum,0,0,4072,4072,0
2026-04-15,Rooftop Bar,Baileys,Liqueur,0,1232,1232,0,6222
2026-04-15,Rooftop Bar,Bombay Sapphire,Gin,0,2915,2915,0,4118
2026-04-15,Rooftop Bar,Heineken,Beer,0,485,9871,9386,0
2026-04-15,Rooftop Bar,Hennessy,Brandy,0,856,856,0,1419
2026-04-15,Rooftop Bar,Jack Daniel's,Whisky,0,1845,1845,0,2716
2026-04-15,Rooftop Bar,Johnnie Walker Red,Whisky,0,4902,4902,0,4127
2026-04-15,Rooftop Bar,Jose Cuervo,Tequila,0,1433,1433,0,5468
2026-04-15,Rooftop Bar,Kingfisher Premium,Beer,5850,5850,13017,7167,0
2026-04-15,Rooftop Bar,Smirnoff Vodka,Vodka,0,0,4919,4919,0
2026-04-15,Sky Lounge,Bacardi White,Rum,0,0,2951,2951,0
2026-04-15,Sky Lounge,Baileys,Liqueur,0,0,0,0,14156
2026-04-15,Sky Lounge,Bombay Sapphire,Gin,9750,2711,2711,0,7039
2026-04-15,Sky Lounge,Heineken,Beer,7150,10270,10270,0,159
2026-04-15,Sky Lounge,Hennessy,Brandy,11200,0,0,0,11811
2026-04-15,Sky Lounge,Jack Daniel's,Whisky,11250,2991,2991,0,10436
2026-04-15,Sky Lounge,Johnnie Walker Red,Whisky,9750,4519,4519,0,7501
2026-04-15,Sky Lounge,Jose Cuervo,Tequila,0,1698,1698,0,6475
2026-04-15,Sky Lounge,Kingfisher Premium,Beer,0,0,10841,10841,0
2026-04-15,Sky Lounge,Smirnoff Vodka,Vodka,12000,4810,4810,0,17709
2026-04-16,Garden Bar,Bacardi White,Rum,0,2043,2043,0,6063
2026-04-16,Garden Bar,Baileys,Liqueur,0,0,0,0,8777
2026-04-16,Garden Bar,Bombay Sapphire,Gin,0,1899,1899,0,10745
2026-04-16,Garden Bar,Heineken,Beer,11050,5468,5468,0,6323
2026-04-16,Garden Bar,Hennessy,Brandy,0,571,571,0,11598
2026-04-16,Garden Bar,Jack Daniel's,Whisky,0,1331,1331,0,4443
2026-04-16,Garden Bar,Johnnie Walker Red,Whisky,10500,2335,2335,0,10022
2026-04-16,Garden Bar,Jose Cuervo,Tequila,0,1072,1072,0,4731
2026-04-16,Garden Bar,Kingfisher Premium,Beer,0,937,7248,6311,0
2026-04-16,Garden Bar,Smirnoff Vodka,Vodka,0,0,2657,2657,0
2026-04-16,Lobby Bar,Bacardi White,Rum,0,2576,2576,0,2862
2026-04-16,Lobby Bar,Baileys,Liqueur,0,628,628,0,8645
2026-04-16,Lobby Bar,Bombay Sapphire,Gin,0,2264,2264,0,10572
2026-04-16,Lobby Bar,Heineken,Beer,0,698,6587,5889,0
2026-04-16,Lobby Bar,Hennessy,Brandy,0,181,627,446,0
2026-04-16,Lobby Bar,Jack Daniel's,Whisky,0,1668,1668,0,8729
2026-04-16,Lobby Bar,Johnnie Walker Red,Whisky,0,2882,2882,0,2979
2026-04-16,Lobby Bar,Jose Cuervo,Tequila,0,713,1359,646,446
2026-04-16,Lobby Bar,Kingfisher Premium,Beer,0,0,9476,9476,0
2026-04-16,Lobby Bar,Smirnoff Vodka,Vodka,0,3103,3103,0,5668
2026-04-16,Pool Bar,Bacardi White,Rum,12750,3066,3066,0,11452
2026-04-16,Pool Bar,Baileys,Liqueur,0,999,999,0,873
2026-04-16,Pool Bar,Bombay Sapphire,Gin,0,2561,2561,0,2573
2026-04-16,Pool Bar,Heineken,Beer,5200,5200,6735,1535,0
2026-04-16,Pool Bar,Hennessy,Brandy,0,749,749,0,12146
2026-04-16,Pool Bar,Jack Daniel's,Whisky,0,2072,2072,0,10563
2026-04-16,Pool Bar,Johnnie Walker Red,Whisky,0,2083,3383,1300,0
2026-04-16,Pool Bar,Jose Cuervo,Tequila,0,1661,1661,0,3143
2026-04-16,Pool Bar,Kingfisher Premium,Beer,0,435,8095,7660,0
2026-04-16,Pool Bar,Smirnoff Vodka,Vodka,0,0,4004,4004,0
2026-04-16,Rooftop Bar,Bacardi White,Rum,0,0,4372,4372,0
2026-04-16,Rooftop Bar,Baileys,Liqueur,0,1171,1171,0,4586
2026-04-16,Rooftop Bar,Bombay Sapphire,Gin,9000,2944,2944,0,9151
2026-04-16,Rooftop Bar,Heineken,Beer,5200,5200,10304,5104,0
2026-04-16,Rooftop Bar,Hennessy,Brandy,0,1041,1041,0,1336
2026-04-16,Rooftop Bar,Jack Daniel's,Whisky,0,2315,2315,0,233
2026-04-16,Rooftop Bar,Johnnie Walker Red,Whisky,6000,4881,4881,0,4741
2026-04-16,Rooftop Bar,Jose Cuervo,Tequila,0,1895,1895,0,3951
2026-04-16,Rooftop Bar,Kingfisher Premium,Beer,0,0,11873,11873,0
2026-04-16,Rooftop Bar,Smirnoff Vodka,Vodka,0,0,4590,4590,0
2026-04-16,Sky Lounge,Bacardi White,Rum,0,0,2533,2533,0
2026-04-16,Sky Lounge,Baileys,Liqueur,0,949,949,0,13207
2026-04-16,Sky Lounge,Bombay Sapphire,Gin,0,4115,4115,0,2924
2026-04-16,Sky Lounge,Heineken,Beer,0,159,9927,9768,0
2026-04-16,Sky Lounge,Hennessy,Brandy,0,844,844,0,11700
2026-04-16,Sky Lounge,Jack Daniel's,Whisky,0,2826,2826,0,7407
2026-04-16,Sky Lounge,Johnnie Walker Red,Whisky,0,5775,5775,0,1726
2026-04-16,Sky Lounge,Jose Cuervo,Tequila,0,2117,2117,0,5749
2026-04-16,Sky Lounge,Kingfisher Premium,Beer,9750,9750,14553,4803,6631
2026-04-16,Sky Lounge,Smirnoff Vodka,Vodka,0,6296,6296,0,6759
2026-04-17,Garden Bar,Bacardi White,Rum,0,2836,2836,0,3784
2026-04-17,Garden Bar,Baileys,Liqueur,0,562,562,0,8215
2026-04-17,Garden Bar,Bombay Sapphire,Gin,0,2674,2674,0,7628
2026-04-17,Garden Bar,Heineken,Beer,11050,8099,8099,0,8533
2026-04-17,Garden Bar,Hennessy,Brandy,0,782,782,0,10649
2026-04-17,Garden Bar,Jack Daniel's,Whisky,0,1897,1897,0,2834
2026-04-17,Garden Bar,Johnnie Walker Red,Whisky,0,2771,2771,0,6235
2026-04-17,Garden Bar,Jose Cuervo,Tequila,0,1535,1535,0,4192
2026-04-17,Garden Bar,Kingfisher Premium,Beer,0,0,8391,8391,0
2026-04-17,Garden Bar,Smirnoff Vodka,Vodka,15000,4170,4170,0,10830
2026-04-17,Lobby Bar,Bacardi White,Rum,10500,3163,3163,0,11408
2026-04-17,Lobby Bar,Baileys,Liqueur,0,814,814,0,7831
2026-04-17,Lobby Bar,Bombay Sapphire,Gin,0,2204,2204,0,9617
2026-04-17,Lobby Bar,Heineken,Beer,8450,8300,8300,0,150
2026-04-17,Lobby Bar,Hennessy,Brandy,0,0,660,660,0
2026-04-17,Lobby Bar,Jack Daniel's,Whisky,0,2521,2521,0,6208
2026-04-17,Lobby Bar,Johnnie Walker Red,Whisky,7500,3825,3825,0,8486
2026-04-17,Lobby Bar,Jose Cuervo,Tequila,0,0,1666,1666,0
2026-04-17,Lobby Bar,Kingfisher Premium,Beer,7800,7800,12412,4612,0
2026-04-17,Lobby Bar,Smirnoff Vodka,Vodka,0,3284,3284,0,5467
2026-04-17,Pool Bar,Bacardi White,Rum,0,3735,3735,0,5949
2026-04-17,Pool Bar,Baileys,Liqueur,0,232,1138,906,0
2026-04-17,Pool Bar,Bombay Sapphire,Gin,9000,3071,3071,0,8646
2026-04-17,Pool Bar,Heineken,Beer,10400,10140,10140,0,7217
2026-04-17,Pool Bar,Hennessy,Brandy,0,961,961,0,11185
2026-04-17,Pool Bar,Jack Daniel's,Whisky,0,2812,2812,0,5839
2026-04-17,Pool Bar,Johnnie Walker Red,Whisky,0,0,6004,6004,0
2026-04-17,Pool Bar,Jose Cuervo,Tequila,0,1588,1588,0,335
2026-04-17,Pool Bar,Kingfisher Premium,Beer,0,0,12671,12671,0
2026-04-17,Pool Bar,Smirnoff Vodka,Vodka,7500,6038,6038,0,4762
2026-04-17,Rooftop Bar,Bacardi White,Rum,0,0,4095,4095,0
2026-04-17,Rooftop Bar,Baileys,Liqueur,0,1334,1334,0,3272
2026-04-17,Rooftop Bar,Bombay Sapphire,Gin,0,5408,5408,0,5103
2026-04-17,Rooftop Bar,Heineken,Beer,6500,6500,16221,9721,0
2026-04-17,Rooftop Bar,Hennessy,Brandy,0,378,1293,915,0
2026-04-17,Rooftop Bar,Jack Daniel's,Whisky,15750,2862,2862,0,13121
2026-04-17,Rooftop Bar,Johnnie Walker Red,Whisky,0,3031,7225,4194,736
2026-04-17,Rooftop Bar,Jose Cuervo,Tequila,0,1824,1824,0,3292
2026-04-17,Rooftop Bar,Kingfisher Premium,Beer,0,0,21071,21071,0
2026-04-17,Rooftop Bar,Smirnoff Vodka,Vodka,8250,8218,8218,0,3255
2026-04-17,Sky Lounge,Bacardi White,Rum,0,0,4395,4395,0
2026-04-17,Sky Lounge,Baileys,Liqueur,0,1477,1477,0,11730
2026-04-17,Sky Lounge,Bombay Sapphire,Gin,0,2924,4544,1620,0
2026-04-17,Sky Lounge,Heineken,Beer,9750,9750,15921,6171,0
2026-04-17,Sky Lounge,Hennessy,Brandy,0,1183,1183,0,9784
2026-04-17,Sky Lounge,Jack Daniel's,Whisky,0,3775,3775,0,2787
2026-04-17,Sky Lounge,Johnnie Walker Red,Whisky,0,1726,4951,3225,0
2026-04-17,Sky Lounge,Jose Cuervo,Tequila,0,3404,3404,0,954
2026-04-17,Sky Lounge,Kingfisher Premium,Beer,0,0,21657,21657,0
2026-04-17,Sky Lounge,Smirnoff Vodka,Vodka,0,6759,8376,1617,0
2026-04-18,Garden Bar,Bacardi White,Rum,0,3227,3234,7,756
2026-04-18,Garden Bar,Baileys,Liqueur,0,0,0,0,8215
2026-04-18,Garden Bar,Bombay Sapphire,Gin,0,2569,2569,0,5059
2026-04-18,Garden Bar,Heineken,Beer,12350,9442,9442,0,11441
2026-04-18,Garden Bar,Hennessy,Brandy,0,865,865,0,9784
2026-04-18,Garden Bar,Jack Daniel's,Whisky,10500,2563,2563,0,10277
2026-04-18,Garden Bar,Johnnie Walker Red,Whisky,0,4551,4551,0,843
2026-04-18,Garden Bar,Jose Cuervo,Tequila,0,1835,1835,0,2286
2026-04-18,Garden Bar,Kingfisher Premium,Beer,0,0,11101,11101,0
2026-04-18,Garden Bar,Smirnoff Vodka,Vodka,0,4710,4710,0,6882
2026-04-18,Lobby Bar,Bacardi White,Rum,0,3191,3191,0,7008
2026-04-18,Lobby Bar,Baileys,Liqueur,0,1034,1034,0,7362
2026-04-18,Lobby Bar,Bombay Sapphire,Gin,0,2966,2966,0,5130
2026-04-18,Lobby Bar,Heineken,Beer,0,150,12623,12473,0
2026-04-18,Lobby Bar,Hennessy,Brandy,13300,775,775,0,12525
2026-04-18,Lobby Bar,Jack Daniel's,Whisky,0,3417,3417,0,2791
2026-04-18,Lobby Bar,Johnnie Walker Red,Whisky,0,4605,4605,0,2049
2026-04-18,Lobby Bar,Jose Cuervo,Tequila,14250,1515,1515,0,12735
2026-04-18,Lobby Bar,Kingfisher Premium,Beer,7150,7150,13680,6530,133
2026-04-18,Lobby Bar,Smirnoff Vodka,Vodka,0,2384,4268,1884,0
2026-04-18,Pool Bar,Bacardi White,Rum,0,4613,4613,0,1336
2026-04-18,Pool Bar,Baileys,Liqueur,0,0,1213,1213,0
2026-04-18,Pool Bar,Bombay Sapphire,Gin,0,4314,4314,0,5181
2026-04-18,Pool Bar,Heineken,Beer,9100,9360,12959,3599,0
2026-04-18,Pool Bar,Hennessy,Brandy,0,1320,1320,0,9865
2026-04-18,Pool Bar,Jack Daniel's,Whisky,0,2807,2807,0,3032
2026-04-18,Pool Bar,Johnnie Walker Red,Whisky,11250,6773,6773,0,4477
2026-04-18,Pool Bar,Jose Cuervo,Tequila,0,101,2619,2518,0
2026-04-18,Pool Bar,Kingfisher Premium,Beer,13650,13650,13978,328,10249
2026-04-18,Pool Bar,Smirnoff Vodka,Vodka,11250,4116,4116,0,8596
2026-04-18,Rooftop Bar,Bacardi White,Rum,0,0,5681,5681,0
2026-04-18,Rooftop Bar,Baileys,Liqueur,0,1790,1790,0,1174
2026-04-18,Rooftop Bar,Bombay Sapphire,Gin,0,2386,5353,2967,0
2026-04-18,Rooftop Bar,Heineken,Beer,0,0,19207,19207,0
2026-04-18,Rooftop Bar,Hennessy,Brandy,0,0,1472,1472,0
2026-04-18,Rooftop Bar,Jack Daniel's,Whisky,0,4090,4090,0,11983
2026-04-18,Rooftop Bar,Johnnie Walker Red,Whisky,0,0,5581,5581,0
2026-04-18,Rooftop Bar,Jose Cuervo,Tequila,0,1749,2738,989,0
2026-04-18,Rooftop Bar,Kingfisher Premium,Beer,10400,10400,18706,8306,0
2026-04-18,Rooftop Bar,Smirnoff Vodka,Vodka,15000,9692,9692,0,10894
2026-04-18,Sky Lounge,Bacardi White,Rum,0,0,7927,7927,0
2026-04-18,Sky Lounge,Baileys,Liqueur,0,1726,1726,0,10004
2026-04-18,Sky Lounge,Bombay Sapphire,Gin,0,0,4967,4967,0
2026-04-18,Sky Lounge,Heineken,Beer,9100,9100,19214,10114,0
2026-04-18,Sky Lounge,Hennessy,Brandy,0,1512,1512,0,9451
2026-04-18,Sky Lounge,Jack Daniel's,Whisky,0,1658,4519,2861,0
2026-04-18,Sky Lounge,Johnnie Walker Red,Whisky,0,0,7450,7450,0
2026-04-18,Sky Lounge,Jose Cuervo,Tequila,0,954,3540,2586,0
2026-04-18,Sky Lounge,Kingfisher Premium,Beer,0,0,24096,24096,0
2026-04-18,Sky Lounge,Smirnoff Vodka,Vodka,9750,9167,9167,0,583
2026-04-19,Garden Bar,Bacardi White,Rum,0,0,2328,2328,0
2026-04-19,Garden Bar,Baileys,Liqueur,0,0,0,0,8215
2026-04-19,Garden Bar,Bombay Sapphire,Gin,0,2027,2027,0,4333
2026-04-19,Garden Bar,Heineken,Beer,0,6840,6840,0,4601
2026-04-19,Garden Bar,Hennessy,Brandy,0,621,621,0,9163
2026-04-19,Garden Bar,Jack Daniel's,Whisky,0,2036,2036,0,8241
2026-04-19,Garden Bar,Johnnie Walker Red,Whisky,0,843,3182,2339,0
2026-04-19,Garden Bar,Jose Cuervo,Tequila,6000,1074,1074,0,6594
2026-04-19,Garden Bar,Kingfisher Premium,Beer,5850,5850,8243,2393,0
2026-04-19,Garden Bar,Smirnoff Vodka,Vodka,0,3247,3247,0,3679
2026-04-19,Lobby Bar,Bacardi White,Rum,0,2490,2490,0,5107
2026-04-19,Lobby Bar,Baileys,Liqueur,0,720,720,0,6301
2026-04-19,Lobby Bar,Bombay Sapphire,Gin,0,2491,2491,0,2639
2026-04-19,Lobby Bar,Heineken,Beer,0,0,5672,5672,0
2026-04-19,Lobby Bar,Hennessy,Brandy,0,806,806,0,11719
2026-04-19,Lobby Bar,Jack Daniel's,Whisky,0,2361,2361,0,430
2026-04-19,Lobby Bar,Johnnie Walker Red,Whisky,0,2049,3709,1660,0
2026-04-19,Lobby Bar,Jose Cuervo,Tequila,0,1397,1397,0,11338
2026-04-19,Lobby Bar,Kingfisher Premium,Beer,0,0,11919,11919,0
2026-04-19,Lobby Bar,Smirnoff Vodka,Vodka,0,0,3989,3989,0
2026-04-19,Pool Bar,Bacardi White,Rum,0,1336,2990,1654,0
2026-04-19,Pool Bar,Baileys,Liqueur,0,0,803,803,0
2026-04-19,Pool Bar,Bombay Sapphire,Gin,0,3137,3137,0,3651
2026-04-19,Pool Bar,Heineken,Beer,0,0,6821,6821,0
2026-04-19,Pool Bar,Hennessy,Brandy,0,856,856,0,9397
2026-04-19,Pool Bar,Jack Daniel's,Whisky,9750,2977,2977,0,11601
2026-04-19,Pool Bar,Johnnie Walker Red,Whisky,0,4352,4352,0,916
2026-04-19,Pool Bar,Jose Cuervo,Tequila,6000,1553,1553,0,4447
2026-04-19,Pool Bar,Kingfisher Premium,Beer,0,0,11393,11393,0
2026-04-19,Pool Bar,Smirnoff Vodka,Vodka,0,4405,4405,0,4191
2026-04-19,Rooftop Bar,Bacardi White,Rum,10500,3554,3554,0,6946
2026-04-19,Rooftop Bar,Baileys,Liqueur,12750,1368,1368,0,13468
2026-04-19,Rooftop Bar,Bombay Sapphire,Gin,0,0,3581,3581,0
2026-04-19,Rooftop Bar,Heineken,Beer,0,0,9493,9493,0
2026-04-19,Rooftop Bar,Hennessy,Brandy,0,0,1174,1174,0
2026-04-19,Rooftop Bar,Jack Daniel's,Whisky,0,3573,3573,0,5458
2026-04-19,Rooftop Bar,Johnnie Walker Red,Whisky,0,0,5696,5696,0
2026-04-19,Rooftop Bar,Jose Cuervo,Tequila,0,0,2155,2155,0
2026-04-19,Rooftop Bar,Kingfisher Premium,Beer,0,0,10162,10162,0
2026-04-19,Rooftop Bar,Smirnoff Vodka,Vodka,0,5340,5556,216,1797
2026-04-19,Sky Lounge,Bacardi White,Rum,15000,6150,6150,0,12568
2026-04-19,Sky Lounge,Baileys,Liqueur,0,0,0,0,10004
2026-04-19,Sky Lounge,Bombay Sapphire,Gin,0,0,3846,3846,0
2026-04-19,Sky Lounge,Heineken,Beer,0,0,9477,9477,0
2026-04-19,Sky Lounge,Hennessy,Brandy,0,0,0,0,8272
2026-04-19,Sky Lounge,Jack Daniel's,Whisky,14250,3525,3525,0,12637
2026-04-19,Sky Lounge,Johnnie Walker Red,Whisky,0,0,4382,4382,0
2026-04-19,Sky Lounge,Jose Cuervo,Tequila,0,0,2203,2203,0
2026-04-19,Sky Lounge,Kingfisher Premium,Beer,0,0,16572,16572,0
2026-04-19,Sky Lounge,Smirnoff Vodka,Vodka,0,583,6792,6209,0
2026-04-20,Garden Bar,Bacardi White,Rum,12000,1620,1620,0,10380
2026-04-20,Garden Bar,Baileys,Liqueur,0,522,522,0,7693
2026-04-20,Garden Bar,Bombay Sapphire,Gin,0,1294,1294,0,2119
2026-04-20,Garden Bar,Heineken,Beer,0,4601,5227,626,0
2026-04-20,Garden Bar,Hennessy,Brandy,0,433,433,0,8730
2026-04-20,Garden Bar,Jack Daniel's,Whisky,0,1165,1165,0,7686
2026-04-20,Garden Bar,Johnnie Walker Red,Whisky,0,0,2325,2325,0
2026-04-20,Garden Bar,Jose Cuervo,Tequila,0,891,891,0,5396
2026-04-20,Garden Bar,Kingfisher Premium,Beer,0,0,4766,4766,0
2026-04-20,Garden Bar,Smirnoff Vodka,Vodka,0,2873,2917,44,0
2026-04-20,Lobby Bar,Bacardi White,Rum,0,1728,1728,0,2790
2026-04-20,Lobby Bar,Baileys,Liqueur,0,671,671,0,5406
2026-04-20,Lobby Bar,Bombay Sapphire,Gin,0,1382,1382,0,1257
2026-04-20,Lobby Bar,Heineken,Beer,10400,5364,5364,0,5036
2026-04-20,Lobby Bar,Hennessy,Brandy,0,502,502,0,11217
2026-04-20,Lobby Bar,Jack Daniel's,Whisky,0,430,1636,1206,0
2026-04-20,Lobby Bar,Johnnie Walker Red,Whisky,0,0,2219,2219,0
2026-04-20,Lobby Bar,Jose Cuervo,Tequila,0,1195,1195,0,10143
2026-04-20,Lobby Bar,Kingfisher Premium,Beer,10400,8535,8535,0,5515
2026-04-20,Lobby Bar,Smirnoff Vodka,Vodka,13500,3031,3031,0,10469
2026-04-20,Pool Bar,Bacardi White,Rum,0,0,2747,2747,0
2026-04-20,Pool Bar,Baileys,Liqueur,13500,472,472,0,13028
2026-04-20,Pool Bar,Bombay Sapphire,Gin,6000,2171,2171,0,4880
2026-04-20,Pool Bar,Heineken,Beer,0,0,5173,5173,0
2026-04-20,Pool Bar,Hennessy,Brandy,0,619,619,0,8390
2026-04-20,Pool Bar,Jack Daniel's,Whisky,0,1863,1863,0,8168
2026-04-20,Pool Bar,Johnnie Walker Red,Whisky,0,125,2978,2853,0
2026-04-20,Pool Bar,Jose Cuervo,Tequila,0,1244,1244,0,3203
2026-04-20,Pool Bar,Kingfisher Premium,Beer,6500,6500,7855,1355,5277
2026-04-20,Pool Bar,Smirnoff Vodka,Vodka,9750,3771,3771,0,11339
2026-04-20,Rooftop Bar,Bacardi White,Rum,0,2652,2652,0,4294
2026-04-20,Rooftop Bar,Baileys,Liqueur,0,1014,1014,0,11542
2026-04-20,Rooftop Bar,Bombay Sapphire,Gin,12000,2786,2786,0,9214
2026-04-20,Rooftop Bar,Heineken,Beer,0,0,8920,8920,0
2026-04-20,Rooftop Bar,Hennessy,Brandy,0,0,821,821,0
2026-04-20,Rooftop Bar,Jack Daniel's,Whisky,0,2026,2026,0,3432
2026-04-20,Rooftop Bar,Johnnie Walker Red,Whisky,6000,3961,3961,0,2039
2026-04-20,Rooftop Bar,Jose Cuervo,Tequila,9000,1556,1556,0,7863
2026-04-20,Rooftop Bar,Kingfisher Premium,Beer,0,0,14263,14263,0
2026-04-20,Rooftop Bar,Smirnoff Vodka,Vodka,0,0,4924,4924,0
2026-04-20,Sky Lounge,Bacardi White,Rum,0,3823,3823,0,6574
2026-04-20,Sky Lounge,Baileys,Liqueur,0,0,0,0,10004
2026-04-20,Sky Lounge,Bombay Sapphire,Gin,15750,2909,2909,0,12841
2026-04-20,Sky Lounge,Heineken,Beer,7800,6989,6989,0,5623
2026-04-20,Sky Lounge,Hennessy,Brandy,0,728,728,0,7891
2026-04-20,Sky Lounge,Jack Daniel's,Whisky,0,2072,2072,0,8653
2026-04-20,Sky Lounge,Johnnie Walker Red,Whisky,0,0,4846,4846,0
2026-04-20,Sky Lounge,Jose Cuervo,Tequila,0,0,1802,1802,0
2026-04-20,Sky Lounge,Kingfisher Premium,Beer,0,0,10290,10290,0
2026-04-20,Sky Lounge,Smirnoff Vodka,Vodka,9750,4398,4398,0,5352
2026-04-21,Garden Bar,Bacardi White,Rum,0,1777,1777,0,8603
2026-04-21,Garden Bar,Baileys,Liqueur,0,631,631,0,7401
2026-04-21,Garden Bar,Bombay Sapphire,Gin,0,1124,1124,0,1631
2026-04-21,Garden Bar,Heineken,Beer,0,0,4495,4495,0
2026-04-21,Garden Bar,Hennessy,Brandy,0,0,0,0,8730
2026-04-21,Garden Bar,Jack Daniel's,Whisky,0,1514,1514,0,5562
2026-04-21,Garden Bar,Johnnie Walker Red,Whisky,0,0,2078,2078,0
2026-04-21,Garden Bar,Jose Cuervo,Tequila,0,775,775,0,4621
2026-04-21,Garden Bar,Kingfisher Premium,Beer,13000,6515,6515,0,6485
2026-04-21,Garden Bar,Smirnoff Vodka,Vodka,0,0,2966,2966,0
2026-04-21,Lobby Bar,Bacardi White,Rum,6750,2157,2157,0,7383
2026-04-21,Lobby Bar,Baileys,Liqueur,0,0,0,0,5406
2026-04-21,Lobby Bar,Bombay Sapphire,Gin,14250,1845,1845,0,15195
2026-04-21,Lobby Bar,Heineken,Beer,0,5036,5957,921,1950
2026-04-21,Lobby Bar,Hennessy,Brandy,0,439,439,0,10778
2026-04-21,Lobby Bar,Jack Daniel's,Whisky,9000,1839,1839,0,7738
2026-04-21,Lobby Bar,Johnnie Walker Red,Whisky,0,0,2242,2242,0
2026-04-21,Lobby Bar,Jose Cuervo,Tequila,0,1184,1184,0,9497
2026-04-21,Lobby Bar,Kingfisher Premium,Beer,0,1865,7211,5346,1517
2026-04-21,Lobby Bar,Smirnoff Vodka,Vodka,0,3087,3087,0,7382
2026-04-21,Pool Bar,Bacardi White,Rum,0,0,2256,2256,0
2026-04-21,Pool Bar,Baileys,Liqueur,0,792,792,0,12236
2026-04-21,Pool Bar,Bombay Sapphire,Gin,0,2143,2143,0,3958
2026-04-21,Pool Bar,Heineken,Beer,6500,6500,6939,439,0
2026-04-21,Pool Bar,Hennessy,Brandy,0,583,583,0,8353
2026-04-21,Pool Bar,Jack Daniel's,Whisky,0,1608,1608,0,6334
2026-04-21,Pool Bar,Johnnie Walker Red,Whisky,0,0,3394,3394,0
2026-04-21,Pool Bar,Jose Cuervo,Tequila,0,1310,1310,0,1893
2026-04-21,Pool Bar,Kingfisher Premium,Beer,11050,10546,10546,0,3634
2026-04-21,Pool Bar,Smirnoff Vodka,Vodka,0,3180,3180,0,6990
2026-04-21,Rooftop Bar,Bacardi White,Rum,0,3000,3000,0,3695
2026-04-21,Rooftop Bar,Baileys,Liqueur,0,1153,1153,0,10389
2026-04-21,Rooftop Bar,Bombay Sapphire,Gin,0,2785,2785,0,6429
2026-04-21,Rooftop Bar,Heineken,Beer,0,0,6676,6676,0
2026-04-21,Rooftop Bar,Hennessy,Brandy,9100,910,910,0,8190
2026-04-21,Rooftop Bar,Jack Daniel's,Whisky,14250,2467,2467,0,15215
2026-04-21,Rooftop Bar,Johnnie Walker Red,Whisky,12000,5085,5085,0,8954
2026-04-21,Rooftop Bar,Jose Cuervo,Tequila,0,1627,1627,0,5817
2026-04-21,Rooftop Bar,Kingfisher Premium,Beer,0,0,12153,12153,0
2026-04-21,Rooftop Bar,Smirnoff Vodka,Vodka,9000,4716,4716,0,6489
2026-04-21,Sky Lounge,Bacardi White,Rum,0,4243,4243,0,784
2026-04-21,Sky Lounge,Baileys,Liqueur,0,1189,1189,0,8815
2026-04-21,Sky Lounge,Bombay Sapphire,Gin,0,3332,3332,0,12369
2026-04-21,Sky Lounge,Heineken,Beer,0,811,11090,10279,0
2026-04-21,Sky Lounge,Hennessy,Brandy,0,935,935,0,6720
2026-04-21,Sky Lounge,Jack Daniel's,Whisky,0,2493,2493,0,7285
2026-04-21,Sky Lounge,Johnnie Walker Red,Whisky,8250,5575,5575,0,2675
2026-04-21,Sky Lounge,Jose Cuervo,Tequila,0,0,1883,1883,0
2026-04-21,Sky Lounge,Kingfisher Premium,Beer,0,0,9479,9479,0
2026-04-21,Sky Lounge,Smirnoff Vodka,Vodka,0,5352,5583,231,0
2026-04-22,Garden Bar,Bacardi White,Rum,0,2321,2321,0,6282
2026-04-22,Garden Bar,Baileys,Liqueur,0,616,616,0,6500
2026-04-22,Garden Bar,Bombay Sapphire,Gin,0,614,1676,1062,0
2026-04-22,Garden Bar,Heineken,Beer,0,0,4603,4603,0
2026-04-22,Garden Bar,Hennessy,Brandy,0,391,391,0,8339
2026-04-22,Garden Bar,Jack Daniel's,Whisky,0,1562,1562,0,4000
2026-04-22,Garden Bar,Johnnie Walker Red,Whisky,0,0,2569,2569,0
2026-04-22,Garden Bar,Jose Cuervo,Tequila,0,1092,1092,0,3529
2026-04-22,Garden Bar,Kingfisher Premium,Beer,0,6485,8779,2294,0
2026-04-22,Garden Bar,Smirnoff Vodka,Vodka,0,0,2681,2681,0
2026-04-22,Lobby Bar,Bacardi White,Rum,0,1546,1546,0,7178
2026-04-22,Lobby Bar,Baileys,Liqueur,0,615,615,0,4791
2026-04-22,Lobby Bar,Bombay Sapphire,Gin,0,2083,2083,0,12832
2026-04-22,Lobby Bar,Heineken,Beer,0,0,6212,6212,0
2026-04-22,Lobby Bar,Hennessy,Brandy,0,405,405,0,10635
2026-04-22,Lobby Bar,Jack Daniel's,Whisky,0,1678,1678,0,5483
2026-04-22,Lobby Bar,Johnnie Walker Red,Whisky,0,0,2420,2420,0
2026-04-22,Lobby Bar,Jose Cuervo,Tequila,0,1307,1307,0,7652
2026-04-22,Lobby Bar,Kingfisher Premium,Beer,5200,5200,8367,3167,0
2026-04-22,Lobby Bar,Smirnoff Vodka,Vodka,0,3227,3227,0,4155
2026-04-22,Pool Bar,Bacardi White,Rum,0,0,3326,3326,0
2026-04-22,Pool Bar,Baileys,Liqueur,0,836,836,0,11400
2026-04-22,Pool Bar,Bombay Sapphire,Gin,0,2591,2591,0,146
2026-04-22,Pool Bar,Heineken,Beer,0,0,8035,8035,0
2026-04-22,Pool Bar,Hennessy,Brandy,0,0,0,0,7807
2026-04-22,Pool Bar,Jack Daniel's,Whisky,0,1975,1975,0,5022
2026-04-22,Pool Bar,Johnnie Walker Red,Whisky,9000,3965,3965,0,6983
2026-04-22,Pool Bar,Jose Cuervo,Tequila,0,1442,1442,0,451
2026-04-22,Pool Bar,Kingfisher Premium,Beer,0,504,9687,9183,0
2026-04-22,Pool Bar,Smirnoff Vodka,Vodka,0,3415,3415,0,3575
2026-04-22,Rooftop Bar,Bacardi White,Rum,10500,2608,2608,0,9186
2026-04-22,Rooftop Bar,Baileys,Liqueur,0,1078,1078,0,9311
2026-04-22,Rooftop Bar,Bombay Sapphire,Gin,0,3063,3063,0,3366
2026-04-22,Rooftop Bar,Heineken,Beer,0,0,8696,8696,0
2026-04-22,Rooftop Bar,Hennessy,Brandy,0,536,536,0,7854
2026-04-22,Rooftop Bar,Jack Daniel's,Whisky,0,2781,2781,0,12434
2026-04-22,Rooftop Bar,Johnnie Walker Red,Whisky,0,3701,3701,0,5253
2026-04-22,Rooftop Bar,Jose Cuervo,Tequila,0,2061,2061,0,4740
2026-04-22,Rooftop Bar,Kingfisher Premium,Beer,0,0,13233,13233,0
2026-04-22,Rooftop Bar,Smirnoff Vodka,Vodka,13500,4461,4461,0,13323
2026-04-22,Sky Lounge,Bacardi White,Rum,12750,3659,3659,0,11720
2026-04-22,Sky Lounge,Baileys,Liqueur,0,1183,1183,0,7632
2026-04-22,Sky Lounge,Bombay Sapphire,Gin,0,2412,2412,0,7912
2026-04-22,Sky Lounge,Heineken,Beer,0,0,8590,8590,0
2026-04-22,Sky Lounge,Hennessy,Brandy,0,952,952,0,5657
2026-04-22,Sky Lounge,Jack Daniel's,Whisky,0,2588,2588,0,4277
2026-04-22,Sky Lounge,Johnnie Walker Red,Whisky,0,2675,6438,3763,0
2026-04-22,Sky Lounge,Jose Cuervo,Tequila,0,0,1904,1904,0
2026-04-22,Sky Lounge,Kingfisher Premium,Beer,0,0,12087,12087,0
2026-04-22,Sky Lounge,Smirnoff Vodka,Vodka,0,0,6011,6011,0
2026-04-23,Garden Bar,Bacardi White,Rum,0,2277,2277,0,4005
2026-04-23,Garden Bar,Baileys,Liqueur,0,0,0,0,6446
2026-04-23,Garden Bar,Bombay Sapphire,Gin,15000,2168,2168,0,12832
2026-04-23,Garden Bar,Heineken,Beer,7800,5352,5352,0,2448
2026-04-23,Garden Bar,Hennessy,Brandy,0,530,530,0,8298
2026-04-23,Garden Bar,Jack Daniel's,Whisky,0,1711,1711,0,2289
2026-04-23,Garden Bar,Johnnie Walker Red,Whisky,0,0,2734,2734,0
2026-04-23,Garden Bar,Jose Cuervo,Tequila,0,933,933,0,3098
2026-04-23,Garden Bar,Kingfisher Premium,Beer,11050,7607,7607,0,3443
2026-04-23,Garden Bar,Smirnoff Vodka,Vodka,11250,3169,3169,0,9682
2026-04-23,Lobby Bar,Bacardi White,Rum,0,2359,2359,0,3994
2026-04-23,Lobby Bar,Baileys,Liqueur,0,455,455,0,4424
2026-04-23,Lobby Bar,Bombay Sapphire,Gin,0,1985,1985,0,11196
2026-04-23,Lobby Bar,Heineken,Beer,0,0,7258,7258,0
2026-04-23,Lobby Bar,Hennessy,Brandy,0,629,629,0,9744
2026-04-23,Lobby Bar,Jack Daniel's,Whisky,0,1921,1921,0,3562
2026-04-23,Lobby Bar,Johnnie Walker Red,Whisky,14250,2920,2920,0,12837
2026-04-23,Lobby Bar,Jose Cuervo,Tequila,0,1245,1245,0,6407
2026-04-23,Lobby Bar,Kingfisher Premium,Beer,0,0,9356,9356,0
2026-04-23,Lobby Bar,Smirnoff Vodka,Vodka,0,3767,3767,0,388
2026-04-23,Pool Bar,Bacardi White,Rum,10500,3321,3321,0,7179
2026-04-23,Pool Bar,Baileys,Liqueur,0,696,696,0,10797
2026-04-23,Pool Bar,Bombay Sapphire,Gin,0,146,2257,2111,0
2026-04-23,Pool Bar,Heineken,Beer,0,0,8144,8144,0
2026-04-23,Pool Bar,Hennessy,Brandy,0,755,755,0,7361
2026-04-23,Pool Bar,Jack Daniel's,Whisky,0,2262,2262,0,3489
2026-04-23,Pool Bar,Johnnie Walker Red,Whisky,0,3838,3838,0,2968
2026-04-23,Pool Bar,Jose Cuervo,Tequila,6000,1849,1849,0,5265
2026-04-23,Pool Bar,Kingfisher Premium,Beer,0,0,8894,8894,0
2026-04-23,Pool Bar,Smirnoff Vodka,Vodka,0,3133,3133,0,3472
2026-04-23,Rooftop Bar,Bacardi White,Rum,0,3756,3756,0,6068
2026-04-23,Rooftop Bar,Baileys,Liqueur,0,1252,1252,0,8059
2026-04-23,Rooftop Bar,Bombay Sapphire,Gin,8250,2681,2681,0,10143
2026-04-23,Rooftop Bar,Heineken,Beer,0,0,9653,9653,0
2026-04-23,Rooftop Bar,Hennessy,Brandy,0,1041,1041,0,7024
2026-04-23,Rooftop Bar,Jack Daniel's,Whisky,0,2326,2326,0,10108
2026-04-23,Rooftop Bar,Johnnie Walker Red,Whisky,0,3649,3649,0,1604
2026-04-23,Rooftop Bar,Jose Cuervo,Tequila,0,1988,1988,0,1768
2026-04-23,Rooftop Bar,Kingfisher Premium,Beer,0,0,14116,14116,0
2026-04-23,Rooftop Bar,Smirnoff Vodka,Vodka,0,4586,4586,0,8737
2026-04-23,Sky Lounge,Bacardi White,Rum,0,4139,4139,0,8549
2026-04-23,Sky Lounge,Baileys,Liqueur,0,0,0,0,7632
2026-04-23,Sky Lounge,Bombay Sapphire,Gin,0,2963,2963,0,4134
2026-04-23,Sky Lounge,Heineken,Beer,0,0,11798,11798,0
2026-04-23,Sky Lounge,Hennessy,Brandy,0,1112,1112,0,4545
2026-04-23,Sky Lounge,Jack Daniel's,Whisky,0,3013,3013,0,559
2026-04-23,Sky Lounge,Johnnie Walker Red,Whisky,9750,6308,6308,0,6547
2026-04-23,Sky Lounge,Jose Cuervo,Tequila,0,0,1714,1714,0
2026-04-23,Sky Lounge,Kingfisher Premium,Beer,12350,12350,16672,4322,333
2026-04-23,Sky Lounge,Smirnoff Vodka,Vodka,0,0,5625,5625,0
2026-04-24,Garden Bar,Bacardi White,Rum,0,2937,2937,0,1068
2026-04-24,Garden Bar,Baileys,Liqueur,0,908,908,0,5538
2026-04-24,Garden Bar,Bombay Sapphire,Gin,0,2427,2427,0,10935
2026-04-24,Garden Bar,Heineken,Beer,0,2448,7856,5408,0
2026-04-24,Garden Bar,Hennessy,Brandy,0,839,839,0,7427
2026-04-24,Garden Bar,Jack Daniel's,Whisky,11250,2172,2172,0,11872
2026-04-24,Garden Bar,Johnnie Walker Red,Whisky,11250,3818,3818,0,7432
2026-04-24,Garden Bar,Jose Cuervo,Tequila,0,1459,1459,0,1137
2026-04-24,Garden Bar,Kingfisher Premium,Beer,0,3443,9013,5570,0
2026-04-24,Garden Bar,Smirnoff Vodka,Vodka,0,4076,4076,0,4005
2026-04-24,Lobby Bar,Bacardi White,Rum,12750,3272,3272,0,12956
2026-04-24,Lobby Bar,Baileys,Liqueur,0,860,860,0,3476
2026-04-24,Lobby Bar,Bombay Sapphire,Gin,0,2909,2909,0,7720
2026-04-24,Lobby Bar,Heineken,Beer,5200,5200,9760,4560,0
2026-04-24,Lobby Bar,Hennessy,Brandy,0,852,852,0,8892
2026-04-24,Lobby Bar,Jack Daniel's,Whisky,0,2040,2040,0,1956
2026-04-24,Lobby Bar,Johnnie Walker Red,Whisky,0,4504,4504,0,6826
2026-04-24,Lobby Bar,Jose Cuervo,Tequila,0,1666,1666,0,4741
2026-04-24,Lobby Bar,Kingfisher Premium,Beer,5850,5850,9871,4021,0
2026-04-24,Lobby Bar,Smirnoff Vodka,Vodka,13500,3997,3997,0,9891
2026-04-24,Pool Bar,Bacardi White,Rum,0,3953,3953,0,3226
2026-04-24,Pool Bar,Baileys,Liqueur,0,1448,1448,0,10609
2026-04-24,Pool Bar,Bombay Sapphire,Gin,15750,2917,2917,0,12833
2026-04-24,Pool Bar,Heineken,Beer,13000,9102,9102,0,6407
2026-04-24,Pool Bar,Hennessy,Brandy,0,0,0,0,7052
2026-04-24,Pool Bar,Jack Daniel's,Whisky,0,2097,2833,736,78
2026-04-24,Pool Bar,Johnnie Walker Red,Whisky,0,1197,3810,2613,0
2026-04-24,Pool Bar,Jose Cuervo,Tequila,0,2083,2083,0,4342
2026-04-24,Pool Bar,Kingfisher Premium,Beer,0,0,13429,13429,0
2026-04-24,Pool Bar,Smirnoff Vodka,Vodka,0,442,4785,4343,0
2026-04-24,Rooftop Bar,Bacardi White,Rum,14250,4702,4702,0,14978
2026-04-24,Rooftop Bar,Baileys,Liqueur,0,0,0,0,8059
2026-04-24,Rooftop Bar,Bombay Sapphire,Gin,0,3939,3939,0,6872
2026-04-24,Rooftop Bar,Heineken,Beer,0,0,11772,11772,0
2026-04-24,Rooftop Bar,Hennessy,Brandy,0,930,930,0,6111
2026-04-24,Rooftop Bar,Jack Daniel's,Whisky,0,3000,3000,0,8432
2026-04-24,Rooftop Bar,Johnnie Walker Red,Whisky,0,1604,6011,4407,1035
2026-04-24,Rooftop Bar,Jose Cuervo,Tequila,0,1768,2254,486,1628
2026-04-24,Rooftop Bar,Kingfisher Premium,Beer,11700,11700,13192,1492,933
2026-04-24,Rooftop Bar,Smirnoff Vodka,Vodka,0,8636,8636,0,101
2026-04-24,Sky Lounge,Bacardi White,Rum,0,5736,5873,137,2337
2026-04-24,Sky Lounge,Baileys,Liqueur,0,1666,1666,0,7559
2026-04-24,Sky Lounge,Bombay Sapphire,Gin,0,4134,4232,98,0
2026-04-24,Sky Lounge,Heineken,Beer,9100,9100,10838,1738,2557
2026-04-24,Sky Lounge,Hennessy,Brandy,0,1493,1493,0,4249
2026-04-24,Sky Lounge,Jack Daniel's,Whisky,0,559,2321,1762,0
2026-04-24,Sky Lounge,Johnnie Walker Red,Whisky,13500,6999,6999,0,9943
2026-04-24,Sky Lounge,Jose Cuervo,Tequila,6750,2955,2955,0,3795
2026-04-24,Sky Lounge,Kingfisher Premium,Beer,0,0,16218,16218,0
2026-04-24,Sky Lounge,Smirnoff Vodka,Vodka,12750,9038,9038,0,10130
2026-04-25,Garden Bar,Bacardi White,Rum,7500,4209,4209,0,6851
2026-04-25,Garden Bar,Baileys,Liqueur,0,0,0,0,5538
2026-04-25,Garden Bar,Bombay Sapphire,Gin,0,3196,3196,0,7209
2026-04-25,Garden Bar,Heineken,Beer,9750,9750,11443,1693,0
2026-04-25,Garden Bar,Hennessy,Brandy,0,660,660,0,6310
2026-04-25,Garden Bar,Jack Daniel's,Whisky,0,2686,2686,0,8681
2026-04-25,Garden Bar,Johnnie Walker Red,Whisky,0,4527,4527,0,2905
2026-04-25,Garden Bar,Jose Cuervo,Tequila,0,1137,1763,626,0
2026-04-25,Garden Bar,Kingfisher Premium,Beer,11050,11050,14448,3398,0
2026-04-25,Garden Bar,Smirnoff Vodka,Vodka,0,4005,5013,1008,0
2026-04-25,Lobby Bar,Bacardi White,Rum,0,3067,3067,0,9889
2026-04-25,Lobby Bar,Baileys,Liqueur,0,1154,1154,0,3032
2026-04-25,Lobby Bar,Bombay Sapphire,Gin,0,3479,3479,0,3206
2026-04-25,Lobby Bar,Heineken,Beer,7800,7800,7981,181,2123
2026-04-25,Lobby Bar,Hennessy,Brandy,0,867,867,0,8025
2026-04-25,Lobby Bar,Jack Daniel's,Whisky,0,1522,2377,855,127
2026-04-25,Lobby Bar,Johnnie Walker Red,Whisky,0,4307,4307,0,2519
2026-04-25,Lobby Bar,Jose Cuervo,Tequila,0,2056,2056,0,2685
2026-04-25,Lobby Bar,Kingfisher Premium,Beer,11050,11050,15168,4118,0
2026-04-25,Lobby Bar,Smirnoff Vodka,Vodka,0,5742,5742,0,4519
2026-04-25,Pool Bar,Bacardi White,Rum,0,3226,4422,1196,1347
2026-04-25,Pool Bar,Baileys,Liqueur,0,1472,1472,0,7784
2026-04-25,Pool Bar,Bombay Sapphire,Gin,0,3508,3508,0,9325
2026-04-25,Pool Bar,Heineken,Beer,0,3898,15037,11139,0
2026-04-25,Pool Bar,Hennessy,Brandy,0,1069,1069,0,6307
2026-04-25,Pool Bar,Jack Daniel's,Whisky,0,0,2497,2497,0
2026-04-25,Pool Bar,Johnnie Walker Red,Whisky,0,0,5402,5402,0
2026-04-25,Pool Bar,Jose Cuervo,Tequila,13500,2226,2226,0,13793
2026-04-25,Pool Bar,Kingfisher Premium,Beer,0,0,18504,18504,0
2026-04-25,Pool Bar,Smirnoff Vodka,Vodka,14250,5511,5511,0,8739
2026-04-25,Rooftop Bar,Bacardi White,Rum,0,7239,7239,0,8881
2026-04-25,Rooftop Bar,Baileys,Liqueur,0,1465,1465,0,6594
2026-04-25,Rooftop Bar,Bombay Sapphire,Gin,7500,4675,4675,0,11462
2026-04-25,Rooftop Bar,Heineken,Beer,9750,9750,10372,622,4550
2026-04-25,Rooftop Bar,Hennessy,Brandy,0,1490,1490,0,4193
2026-04-25,Rooftop Bar,Jack Daniel's,Whisky,0,4553,4553,0,6901
2026-04-25,Rooftop Bar,Johnnie Walker Red,Whisky,0,0,7889,7889,0
2026-04-25,Rooftop Bar,Jose Cuervo,Tequila,11250,3242,3242,0,8008
2026-04-25,Rooftop Bar,Kingfisher Premium,Beer,0,0,18510,18510,0
2026-04-25,Rooftop Bar,Smirnoff Vodka,Vodka,0,101,7006,6905,0
2026-04-25,Sky Lounge,Bacardi White,Rum,0,0,5890,5890,0
2026-04-25,Sky Lounge,Baileys,Liqueur,0,0,0,0,5966
2026-04-25,Sky Lounge,Bombay Sapphire,Gin,0,0,4199,4199,0
2026-04-25,Sky Lounge,Heineken,Beer,9100,9100,14819,5719,0
2026-04-25,Sky Lounge,Hennessy,Brandy,0,1831,1831,0,1221
2026-04-25,Sky Lounge,Jack Daniel's,Whisky,15000,4273,4273,0,13636
2026-04-25,Sky Lounge,Johnnie Walker Red,Whisky,0,8584,8584,0,1359
2026-04-25,Sky Lounge,Jose Cuervo,Tequila,14250,2911,2911,0,17169
2026-04-25,Sky Lounge,Kingfisher Premium,Beer,0,0,25532,25532,0
2026-04-25,Sky Lounge,Smirnoff Vodka,Vodka,0,3712,7916,4204,3300
2026-04-26,Garden Bar,Bacardi White,Rum,0,1879,1879,0,2480
2026-04-26,Garden Bar,Baileys,Liqueur,0,854,854,0,4684
2026-04-26,Garden Bar,Bombay Sapphire,Gin,0,1799,1799,0,6883
2026-04-26,Garden Bar,Heineken,Beer,0,0,5386,5386,0
2026-04-26,Garden Bar,Hennessy,Brandy,0,434,434,0,5876
2026-04-26,Garden Bar,Jack Daniel's,Whisky,0,1774,1774,0,8060
2026-04-26,Garden Bar,Johnnie Walker Red,Whisky,0,1894,1894,0,1317
2026-04-26,Garden Bar,Jose Cuervo,Tequila,0,0,1453,1453,0
2026-04-26,Garden Bar,Kingfisher Premium,Beer,0,0,6493,6493,0
2026-04-26,Garden Bar,Smirnoff Vodka,Vodka,12000,3758,3758,0,8242
2026-04-26,Lobby Bar,Bacardi White,Rum,0,2367,2367,0,9093
2026-04-26,Lobby Bar,Baileys,Liqueur,0,0,0,0,2322
2026-04-26,Lobby Bar,Bombay Sapphire,Gin,0,2692,2692,0,514
2026-04-26,Lobby Bar,Heineken,Beer,0,0,8568,8568,0
2026-04-26,Lobby Bar,Hennessy,Brandy,0,668,668,0,7357
2026-04-26,Lobby Bar,Jack Daniel's,Whisky,0,0,2310,2310,0
2026-04-26,Lobby Bar,Johnnie Walker Red,Whisky,0,2519,3737,1218,0
2026-04-26,Lobby Bar,Jose Cuervo,Tequila,0,1005,1005,0,1931
2026-04-26,Lobby Bar,Kingfisher Premium,Beer,7800,7800,9715,1915,3801
2026-04-26,Lobby Bar,Smirnoff Vodka,Vodka,14250,3884,3884,0,15013
2026-04-26,Pool Bar,Bacardi White,Rum,0,0,3481,3481,0
2026-04-26,Pool Bar,Baileys,Liqueur,0,998,998,0,6786
2026-04-26,Pool Bar,Bombay Sapphire,Gin,0,2198,2198,0,7127
2026-04-26,Pool Bar,Heineken,Beer,0,0,8774,8774,0
2026-04-26,Pool Bar,Hennessy,Brandy,0,868,868,0,5115
2026-04-26,Pool Bar,Jack Daniel's,Whisky,12000,3213,3213,0,8787
2026-04-26,Pool Bar,Johnnie Walker Red,Whisky,0,0,3774,3774,0
2026-04-26,Pool Bar,Jose Cuervo,Tequila,0,1193,1193,0,13051
2026-04-26,Pool Bar,Kingfisher Premium,Beer,0,0,10633,10633,0
2026-04-26,Pool Bar,Smirnoff Vodka,Vodka,0,4616,4616,0,4123
2026-04-26,Rooftop Bar,Bacardi White,Rum,0,3815,3815,0,3924
2026-04-26,Rooftop Bar,Baileys,Liqueur,0,1167,1167,0,5427
2026-04-26,Rooftop Bar,Bombay Sapphire,Gin,0,3194,3194,0,4627
2026-04-26,Rooftop Bar,Heineken,Beer,9100,9100,10630,1530,0
2026-04-26,Rooftop Bar,Hennessy,Brandy,0,989,989,0,3583
2026-04-26,Rooftop Bar,Jack Daniel's,Whisky,0,2555,2748,193,1695
2026-04-26,Rooftop Bar,Johnnie Walker Red,Whisky,0,0,5604,5604,0
2026-04-26,Rooftop Bar,Jose Cuervo,Tequila,0,2104,2104,0,5957
2026-04-26,Rooftop Bar,Kingfisher Premium,Beer,12350,12350,13640,1290,0
2026-04-26,Rooftop Bar,Smirnoff Vodka,Vodka,11250,6425,6425,0,4825
2026-04-26,Sky Lounge,Bacardi White,Rum,0,0,5119,5119,0
2026-04-26,Sky Lounge,Baileys,Liqueur,0,1140,1140,0,4999
2026-04-26,Sky Lounge,Bombay Sapphire,Gin,0,0,2573,2573,0
2026-04-26,Sky Lounge,Heineken,Beer,7800,7800,9648,1848,0
2026-04-26,Sky Lounge,Hennessy,Brandy,8400,851,851,0,9199
2026-04-26,Sky Lounge,Jack Daniel's,Whisky,0,2461,2461,0,9073
2026-04-26,Sky Lounge,Johnnie Walker Red,Whisky,6000,5450,5450,0,1909
2026-04-26,Sky Lounge,Jose Cuervo,Tequila,0,2095,2095,0,14892
2026-04-26,Sky Lounge,Kingfisher Premium,Beer,11700,11700,16482,4782,0
2026-04-26,Sky Lounge,Smirnoff Vodka,Vodka,7500,7240,7240,0,260
2026-04-27,Garden Bar,Bacardi White,Rum,0,1868,1868,0,612
2026-04-27,Garden Bar,Baileys,Liqueur,0,503,503,0,4181
2026-04-27,Garden Bar,Bombay Sapphire,Gin,0,1593,1593,0,3817
2026-04-27,Garden Bar,Heineken,Beer,8450,4364,4364,0,7337
2026-04-27,Garden Bar,Hennessy,Brandy,0,416,416,0,5460
2026-04-27,Garden Bar,Jack Daniel's,Whisky,0,1323,1323,0,5584
2026-04-27,Garden Bar,Johnnie Walker Red,Whisky,0,1011,1931,920,0
2026-04-27,Garden Bar,Jose Cuervo,Tequila,0,0,1025,1025,0
2026-04-27,Garden Bar,Kingfisher Premium,Beer,0,0,6243,6243,0
2026-04-27,Garden Bar,Smirnoff Vodka,Vodka,0,2160,2160,0,6082
2026-04-27,Lobby Bar,Bacardi White,Rum,0,1766,1766,0,5756
2026-04-27,Lobby Bar,Baileys,Liqueur,0,546,546,0,2109
2026-04-27,Lobby Bar,Bombay Sapphire,Gin,0,514,1638,1124,0
2026-04-27,Lobby Bar,Heineken,Beer,0,0,5366,5366,0
2026-04-27,Lobby Bar,Hennessy,Brandy,0,497,497,0,6860
2026-04-27,Lobby Bar,Jack Daniel's,Whisky,12750,1520,1520,0,11230
2026-04-27,Lobby Bar,Johnnie Walker Red,Whisky,0,0,2299,2299,0
2026-04-27,Lobby Bar,Jose Cuervo,Tequila,0,941,941,0,739
2026-04-27,Lobby Bar,Kingfisher Premium,Beer,7800,7800,7949,149,2989
2026-04-27,Lobby Bar,Smirnoff Vodka,Vodka,0,3229,3229,0,11286
2026-04-27,Pool Bar,Bacardi White,Rum,0,0,2723,2723,0
2026-04-27,Pool Bar,Baileys,Liqueur,0,866,866,0,5920
2026-04-27,Pool Bar,Bombay Sapphire,Gin,0,1792,1792,0,5952
2026-04-27,Pool Bar,Heineken,Beer,0,0,6535,6535,0
2026-04-27,Pool Bar,Hennessy,Brandy,0,546,546,0,4569
2026-04-27,Pool Bar,Jack Daniel's,Whisky,0,1445,1445,0,7342
2026-04-27,Pool Bar,Johnnie Walker Red,Whisky,8250,3143,3143,0,7790
2026-04-27,Pool Bar,Jose Cuervo,Tequila,0,1340,1340,0,11260
2026-04-27,Pool Bar,Kingfisher Premium,Beer,0,0,9141,9141,0
2026-04-27,Pool Bar,Smirnoff Vodka,Vodka,15000,3768,3768,0,15355
2026-04-27,Rooftop Bar,Bacardi White,Rum,0,2701,2701,0,2435
2026-04-27,Rooftop Bar,Baileys,Liqueur,0,833,833,0,4648
2026-04-27,Rooftop Bar,Bombay Sapphire,Gin,0,2520,2520,0,2107
2026-04-27,Rooftop Bar,Heineken,Beer,11700,9847,9847,0,1853
2026-04-27,Rooftop Bar,Hennessy,Brandy,0,768,768,0,2436
2026-04-27,Rooftop Bar,Jack Daniel's,Whisky,0,0,2055,2055,0
2026-04-27,Rooftop Bar,Johnnie Walker Red,Whisky,0,0,3436,3436,0
2026-04-27,Rooftop Bar,Jose Cuervo,Tequila,0,1502,1502,0,4402
2026-04-27,Rooftop Bar,Kingfisher Premium,Beer,10400,10400,12699,2299,4041
2026-04-27,Rooftop Bar,Smirnoff Vodka,Vodka,9750,3378,3378,0,11907
2026-04-27,Sky Lounge,Bacardi White,Rum,0,0,3583,3583,0
2026-04-27,Sky Lounge,Baileys,Liqueur,0,675,675,0,4413
2026-04-27,Sky Lounge,Bombay Sapphire,Gin,0,0,2703,2703,0
2026-04-27,Sky Lounge,Heineken,Beer,0,0,10040,10040,0
2026-04-27,Sky Lounge,Hennessy,Brandy,0,963,963,0,7807
2026-04-27,Sky Lounge,Jack Daniel's,Whisky,0,2655,2655,0,5611
2026-04-27,Sky Lounge,Johnnie Walker Red,Whisky,7500,3415,3415,0,5994
2026-04-27,Sky Lounge,Jose Cuervo,Tequila,0,1441,1441,0,11598
2026-04-27,Sky Lounge,Kingfisher Premium,Beer,0,0,12636,12636,0
2026-04-27,Sky Lounge,Smirnoff Vodka,Vodka,0,260,5188,4928,0
2026-04-28,Garden Bar,Bacardi White,Rum,0,612,1920,1308,0
2026-04-28,Garden Bar,Baileys,Liqueur,0,596,596,0,3585
2026-04-28,Garden Bar,Bombay Sapphire,Gin,0,1458,1458,0,2359
2026-04-28,Garden Bar,Heineken,Beer,12350,4362,4362,0,12074
2026-04-28,Garden Bar,Hennessy,Brandy,0,448,448,0,5183
2026-04-28,Garden Bar,Jack Daniel's,Whisky,0,1495,1495,0,4089
2026-04-28,Garden Bar,Johnnie Walker Red,Whisky,0,0,1894,1894,0
2026-04-28,Garden Bar,Jose Cuervo,Tequila,0,0,1039,1039,0
2026-04-28,Garden Bar,Kingfisher Premium,Beer,9100,7034,7034,0,4674
2026-04-28,Garden Bar,Smirnoff Vodka,Vodka,0,2609,2609,0,3473
2026-04-28,Lobby Bar,Bacardi White,Rum,0,1495,1495,0,5172
2026-04-28,Lobby Bar,Baileys,Liqueur,0,0,0,0,1776
2026-04-28,Lobby Bar,Bombay Sapphire,Gin,0,0,1227,1227,0
2026-04-28,Lobby Bar,Heineken,Beer,13000,5995,5995,0,8408
2026-04-28,Lobby Bar,Hennessy,Brandy,0,549,549,0,6311
2026-04-28,Lobby Bar,Jack Daniel's,Whisky,0,1677,1677,0,9553
2026-04-28,Lobby Bar,Johnnie Walker Red,Whisky,0,0,1926,1926,0
2026-04-28,Lobby Bar,Jose Cuervo,Tequila,13500,813,813,0,14032
2026-04-28,Lobby Bar,Kingfisher Premium,Beer,13650,8499,8499,0,5151
2026-04-28,Lobby Bar,Smirnoff Vodka,Vodka,0,3672,3672,0,9960
2026-04-28,Pool Bar,Bacardi White,Rum,8250,3671,3671,0,4579
2026-04-28,Pool Bar,Baileys,Liqueur,0,867,867,0,5053
2026-04-28,Pool Bar,Bombay Sapphire,Gin,0,2428,2428,0,2907
2026-04-28,Pool Bar,Heineken,Beer,0,0,8095,8095,0
2026-04-28,Pool Bar,Hennessy,Brandy,0,624,624,0,3993
2026-04-28,Pool Bar,Jack Daniel's,Whisky,0,2026,2026,0,5316
2026-04-28,Pool Bar,Johnnie Walker Red,Whisky,0,2915,2915,0,2192
2026-04-28,Pool Bar,Jose Cuervo,Tequila,0,1115,1115,0,11213
2026-04-28,Pool Bar,Kingfisher Premium,Beer,0,0,10716,10716,0
2026-04-28,Pool Bar,Smirnoff Vodka,Vodka,0,4089,4089,0,12006
2026-04-28,Rooftop Bar,Bacardi White,Rum,0,1223,3188,1965,0
2026-04-28,Rooftop Bar,Baileys,Liqueur,0,731,731,0,4221
2026-04-28,Rooftop Bar,Bombay Sapphire,Gin,0,2107,2200,93,0
2026-04-28,Rooftop Bar,Heineken,Beer,0,1853,8201,6348,0
2026-04-28,Rooftop Bar,Hennessy,Brandy,0,800,800,0,1636
2026-04-28,Rooftop Bar,Jack Daniel's,Whisky,13500,2229,2229,0,11271
2026-04-28,Rooftop Bar,Johnnie Walker Red,Whisky,0,0,3762,3762,0
2026-04-28,Rooftop Bar,Jose Cuervo,Tequila,0,1841,1841,0,2561
2026-04-28,Rooftop Bar,Kingfisher Premium,Beer,13650,13650,13981,331,0
2026-04-28,Rooftop Bar,Smirnoff Vodka,Vodka,0,4949,4949,0,10162
2026-04-28,Sky Lounge,Bacardi White,Rum,0,0,3329,3329,0
2026-04-28,Sky Lounge,Baileys,Liqueur,0,1028,1028,0,3123
2026-04-28,Sky Lounge,Bombay Sapphire,Gin,6750,2905,2905,0,3845
2026-04-28,Sky Lounge,Heineken,Beer,0,0,8532,8532,0
2026-04-28,Sky Lounge,Hennessy,Brandy,0,856,856,0,6951
2026-04-28,Sky Lounge,Jack Daniel's,Whisky,0,2255,2255,0,3356
2026-04-28,Sky Lounge,Johnnie Walker Red,Whisky,0,4273,4273,0,1721
2026-04-28,Sky Lounge,Jose Cuervo,Tequila,0,1257,1257,0,10341
2026-04-28,Sky Lounge,Kingfisher Premium,Beer,7150,7150,11117,3967,0
2026-04-28,Sky Lounge,Smirnoff Vodka,Vodka,15000,4150,4150,0,10850
2026-04-29,Garden Bar,Bacardi White,Rum,14250,2272,2272,0,11978
2026-04-29,Garden Bar,Baileys,Liqueur,0,580,580,0,3005
2026-04-29,Garden Bar,Bombay Sapphire,Gin,12000,1793,1793,0,14098
2026-04-29,Garden Bar,Heineken,Beer,0,6200,6200,0,8257
2026-04-29,Garden Bar,Hennessy,Brandy,0,0,0,0,5012
2026-04-29,Garden Bar,Jack Daniel's,Whisky,0,1520,1520,0,2569
2026-04-29,Garden Bar,Johnnie Walker Red,Whisky,15000,2064,2064,0,12936
2026-04-29,Garden Bar,Jose Cuervo,Tequila,0,0,992,992,0
2026-04-29,Garden Bar,Kingfisher Premium,Beer,0,2066,9193,7127,1944
2026-04-29,Garden Bar,Smirnoff Vodka,Vodka,9750,2872,2872,0,12763
2026-04-29,Lobby Bar,Bacardi White,Rum,0,2221,2221,0,3473
2026-04-29,Lobby Bar,Baileys,Liqueur,0,618,618,0,1158
2026-04-29,Lobby Bar,Bombay Sapphire,Gin,12750,1886,1886,0,10864
2026-04-29,Lobby Bar,Heineken,Beer,9750,5936,5936,0,15319
2026-04-29,Lobby Bar,Hennessy,Brandy,0,566,566,0,6137
2026-04-29,Lobby Bar,Jack Daniel's,Whisky,0,1676,1676,0,7877
2026-04-29,Lobby Bar,Johnnie Walker Red,Whisky,9750,2495,2495,0,7255
2026-04-29,Lobby Bar,Jose Cuervo,Tequila,0,1013,1013,0,12506
2026-04-29,Lobby Bar,Kingfisher Premium,Beer,7800,5714,5714,0,7237
2026-04-29,Lobby Bar,Smirnoff Vodka,Vodka,0,3917,3917,0,4773
2026-04-29,Pool Bar,Bacardi White,Rum,0,2330,2330,0,2249
2026-04-29,Pool Bar,Baileys,Liqueur,0,1131,1131,0,3922
2026-04-29,Pool Bar,Bombay Sapphire,Gin,0,2206,2206,0,701
2026-04-29,Pool Bar,Heineken,Beer,0,0,7412,7412,0
2026-04-29,Pool Bar,Hennessy,Brandy,0,0,0,0,3945
2026-04-29,Pool Bar,Jack Daniel's,Whisky,0,1755,1755,0,4130
2026-04-29,Pool Bar,Johnnie Walker Red,Whisky,0,2192,3179,987,0
2026-04-29,Pool Bar,Jose Cuervo,Tequila,0,1205,1205,0,8940
2026-04-29,Pool Bar,Kingfisher Premium,Beer,0,0,9847,9847,0
2026-04-29,Pool Bar,Smirnoff Vodka,Vodka,0,5667,5667,0,5599
2026-04-29,Rooftop Bar,Bacardi White,Rum,9000,3315,3315,0,5685
2026-04-29,Rooftop Bar,Baileys,Liqueur,0,937,937,0,3113
2026-04-29,Rooftop Bar,Bombay Sapphire,Gin,0,0,2321,2321,0
2026-04-29,Rooftop Bar,Heineken,Beer,0,0,8036,8036,0
2026-04-29,Rooftop Bar,Hennessy,Brandy,0,863,863,0,773
2026-04-29,Rooftop Bar,Jack Daniel's,Whisky,0,2015,2015,0,9256
2026-04-29,Rooftop Bar,Johnnie Walker Red,Whisky,0,0,4676,4676,0
2026-04-29,Rooftop Bar,Jose Cuervo,Tequila,0,1559,1559,0,2321
2026-04-29,Rooftop Bar,Kingfisher Premium,Beer,12350,8550,8550,0,3800
2026-04-29,Rooftop Bar,Smirnoff Vodka,Vodka,0,4634,4634,0,1614
2026-04-29,Sky Lounge,Bacardi White,Rum,9750,4482,4482,0,5268
2026-04-29,Sky Lounge,Baileys,Liqueur,0,839,839,0,2308
2026-04-29,Sky Lounge,Bombay Sapphire,Gin,0,3602,3602,0,1974
2026-04-29,Sky Lounge,Heineken,Beer,7800,7800,10123,2323,0
2026-04-29,Sky Lounge,Hennessy,Brandy,0,843,843,0,6108
2026-04-29,Sky Lounge,Jack Daniel's,Whisky,15000,2537,2537,0,17123
2026-04-29,Sky Lounge,Johnnie Walker Red,Whisky,0,1721,4414,2693,0
2026-04-29,Sky Lounge,Jose Cuervo,Tequila,0,1843,1843,0,8498
2026-04-29,Sky Lounge,Kingfisher Premium,Beer,0,0,13395,13395,0
2026-04-29,Sky Lounge,Smirnoff Vodka,Vodka,0,5306,5306,0,5544
2026-04-30,Garden Bar,Bacardi White,Rum,0,2604,2604,0,10020
2026-04-30,Garden Bar,Baileys,Liqueur,0,553,553,0,2452
2026-04-30,Garden Bar,Bombay Sapphire,Gin,0,1602,1602,0,11307
2026-04-30,Garden Bar,Heineken,Beer,12350,5054,5054,0,13170
2026-04-30,Garden Bar,Hennessy,Brandy,0,605,605,0,4407
2026-04-30,Garden Bar,Jack Daniel's,Whisky,0,1506,1506,0,1063
2026-04-30,Garden Bar,Johnnie Walker Red,Whisky,0,3071,3071,0,9865
2026-04-30,Garden Bar,Jose Cuervo,Tequila,0,0,1073,1073,0
2026-04-30,Garden Bar,Kingfisher Premium,Beer,0,0,5904,5904,0
2026-04-30,Garden Bar,Smirnoff Vodka,Vodka,0,2557,2557,0,7794
2026-04-30,Lobby Bar,Bacardi White,Rum,0,2040,2386,346,1373
2026-04-30,Lobby Bar,Baileys,Liqueur,0,1011,1011,0,147
2026-04-30,Lobby Bar,Bombay Sapphire,Gin,0,2037,2037,0,8827
2026-04-30,Lobby Bar,Heineken,Beer,0,6690,6690,0,4129
2026-04-30,Lobby Bar,Hennessy,Brandy,0,671,671,0,5074
2026-04-30,Lobby Bar,Jack Daniel's,Whisky,0,1856,1856,0,6457
2026-04-30,Lobby Bar,Johnnie Walker Red,Whisky,0,3329,3329,0,3926
2026-04-30,Lobby Bar,Jose Cuervo,Tequila,0,1520,1520,0,11856
2026-04-30,Lobby Bar,Kingfisher Premium,Beer,5200,6965,6965,0,8717
2026-04-30,Lobby Bar,Smirnoff Vodka,Vodka,0,3318,3318,0,1777
2026-04-30,Pool Bar,Bacardi White,Rum,0,2249,2787,538,863
2026-04-30,Pool Bar,Baileys,Liqueur,0,878,878,0,3044
2026-04-30,Pool Bar,Bombay Sapphire,Gin,0,701,2564,1863,0
2026-04-30,Pool Bar,Heineken,Beer,0,0,7317,7317,0
2026-04-30,Pool Bar,Hennessy,Brandy,0,0,0,0,3945
2026-04-30,Pool Bar,Jack Daniel's,Whisky,0,1706,1706,0,1884
2026-04-30,Pool Bar,Johnnie Walker Red,Whisky,12750,3594,3594,0,10475
2026-04-30,Pool Bar,Jose Cuervo,Tequila,0,1488,1488,0,7839
2026-04-30,Pool Bar,Kingfisher Premium,Beer,13000,12938,12938,0,6762
2026-04-30,Pool Bar,Smirnoff Vodka,Vodka,0,3599,3599,0,2000
2026-04-30,Rooftop Bar,Bacardi White,Rum,8250,3553,3553,0,12117
2026-04-30,Rooftop Bar,Baileys,Liqueur,0,1051,1051,0,1875
2026-04-30,Rooftop Bar,Bombay Sapphire,Gin,0,0,2929,2929,0
2026-04-30,Rooftop Bar,Heineken,Beer,7800,7800,12449,4649,2003
2026-04-30,Rooftop Bar,Hennessy,Brandy,9800,944,944,0,9629
2026-04-30,Rooftop Bar,Jack Daniel's,Whisky,0,2462,2462,0,6794
2026-04-30,Rooftop Bar,Johnnie Walker Red,Whisky,0,0,4560,4560,0
2026-04-30,Rooftop Bar,Jose Cuervo,Tequila,0,1002,2007,1005,574
2026-04-30,Rooftop Bar,Kingfisher Premium,Beer,0,3800,14159,10359,0
2026-04-30,Rooftop Bar,Smirnoff Vodka,Vodka,0,1614,5073,3459,858
2026-04-30,Sky Lounge,Bacardi White,Rum,0,3733,3733,0,1535
2026-04-30,Sky Lounge,Baileys,Liqueur,0,0,0,0,2284
2026-04-30,Sky Lounge,Bombay Sapphire,Gin,0,243,3538,3295,0
2026-04-30,Sky Lounge,Heineken,Beer,9750,9750,15648,5898,0
2026-04-30,Sky Lounge,Hennessy,Brandy,0,0,0,0,6108
2026-04-30,Sky Lounge,Jack Daniel's,Whisky,0,3108,3108,0,12711
2026-04-30,Sky Lounge,Johnnie Walker Red,Whisky,0,0,3764,3764,0
2026-04-30,Sky Lounge,Jose Cuervo,Tequila,0,1960,1960,0,6538
2026-04-30,Sky Lounge,Kingfisher Premium,Beer,0,0,11033,11033,0
2026-04-30,Sky Lounge,Smirnoff Vodka,Vodka,0,4844,4844,0,4960
2026-05-01,Garden Bar,Bacardi White,Rum,0,2077,2077,0,7297
2026-05-01,Garden Bar,Baileys,Liqueur,0,930,930,0,1522
2026-05-01,Garden Bar,Bombay Sapphire,Gin,0,2490,2490,0,8474
2026-05-01,Garden Bar,Heineken,Beer,0,7768,7768,0,7809
2026-05-01,Garden Bar,Hennessy,Brandy,0,766,766,0,3641
2026-05-01,Garden Bar,Jack Daniel's,Whisky,0,1063,2024,961,449
2026-05-01,Garden Bar,Johnnie Walker Red,Whisky,0,2288,2288,0,9138
2026-05-01,Garden Bar,Jose Cuervo,Tequila,13500,1429,1429,0,12071
2026-05-01,Garden Bar,Kingfisher Premium,Beer,0,0,9208,9208,0
2026-05-01,Garden Bar,Smirnoff Vodka,Vodka,0,3904,3904,0,6620
2026-05-01,Lobby Bar,Bacardi White,Rum,0,0,2809,2809,0
2026-05-01,Lobby Bar,Baileys,Liqueur,0,0,0,0,147
2026-05-01,Lobby Bar,Bombay Sapphire,Gin,0,3051,3051,0,5776
2026-05-01,Lobby Bar,Heineken,Beer,0,4129,8809,4680,0
2026-05-01,Lobby Bar,Hennessy,Brandy,0,869,869,0,4205
2026-05-01,Lobby Bar,Jack Daniel's,Whisky,0,2139,2139,0,5185
2026-05-01,Lobby Bar,Johnnie Walker Red,Whisky,0,3926,4170,244,0
2026-05-01,Lobby Bar,Jose Cuervo,Tequila,0,1956,1956,0,9307
2026-05-01,Lobby Bar,Kingfisher Premium,Beer,0,5472,13793,8321,354
2026-05-01,Lobby Bar,Smirnoff Vodka,Vodka,0,379,5668,5289,0
2026-05-01,Pool Bar,Bacardi White,Rum,0,0,3548,3548,0
2026-05-01,Pool Bar,Baileys,Liqueur,0,1201,1201,0,1843
2026-05-01,Pool Bar,Bombay Sapphire,Gin,12750,3964,3964,0,8786
2026-05-01,Pool Bar,Heineken,Beer,13000,10393,10393,0,4293
2026-05-01,Pool Bar,Hennessy,Brandy,0,818,818,0,3307
2026-05-01,Pool Bar,Jack Daniel's,Whisky,0,1855,2726,871,0
2026-05-01,Pool Bar,Johnnie Walker Red,Whisky,0,5838,5838,0,6093
2026-05-01,Pool Bar,Jose Cuervo,Tequila,0,2450,2450,0,6382
2026-05-01,Pool Bar,Kingfisher Premium,Beer,10400,10462,16699,6237,2408
2026-05-01,Pool Bar,Smirnoff Vodka,Vodka,0,2000,6064,4064,0
2026-05-01,Rooftop Bar,Bacardi White,Rum,0,4508,4508,0,9759
2026-05-01,Rooftop Bar,Baileys,Liqueur,0,1459,1459,0,895
2026-05-01,Rooftop Bar,Bombay Sapphire,Gin,0,0,4590,4590,0
2026-05-01,Rooftop Bar,Heineken,Beer,5850,5850,12497,6647,0
2026-05-01,Rooftop Bar,Hennessy,Brandy,0,1182,1182,0,8995
2026-05-01,Rooftop Bar,Jack Daniel's,Whisky,0,3659,3659,0,4675
2026-05-01,Rooftop Bar,Johnnie Walker Red,Whisky,0,0,6373,6373,0
2026-05-01,Rooftop Bar,Jose Cuervo,Tequila,0,0,2562,2562,0
2026-05-01,Rooftop Bar,Kingfisher Premium,Beer,11700,11700,19718,8018,0
2026-05-01,Rooftop Bar,Smirnoff Vodka,Vodka,0,0,8536,8536,0
2026-05-01,Sky Lounge,Bacardi White,Rum,15000,5348,5348,0,12794
2026-05-01,Sky Lounge,Baileys,Liqueur,0,1405,1405,0,879
2026-05-01,Sky Lounge,Bombay Sapphire,Gin,0,0,4277,4277,0
2026-05-01,Sky Lounge,Heineken,Beer,0,0,13494,13494,0
2026-05-01,Sky Lounge,Hennessy,Brandy,0,1057,1057,0,5051
2026-05-01,Sky Lounge,Jack Daniel's,Whisky,0,4553,4553,0,8158
2026-05-01,Sky Lounge,Johnnie Walker Red,Whisky,15750,7427,7427,0,8323
2026-05-01,Sky Lounge,Jose Cuervo,Tequila,0,2535,2535,0,4003
2026-05-01,Sky Lounge,Kingfisher Premium,Beer,0,0,21205,21205,0
2026-05-01,Sky Lounge,Smirnoff Vodka,Vodka,0,700,7476,6776,0
2026-05-02,Garden Bar,Bacardi White,Rum,0,3585,3585,0,3712
2026-05-02,Garden Bar,Baileys,Liqueur,0,1142,1142,0,380
2026-05-02,Garden Bar,Bombay Sapphire,Gin,0,3056,3056,0,5418
2026-05-02,Garden Bar,Heineken,Beer,5200,6821,6821,0,5885
2026-05-02,Garden Bar,Hennessy,Brandy,0,0,0,0,3641
2026-05-02,Garden Bar,Jack Daniel's,Whisky,0,0,2112,2112,0
2026-05-02,Garden Bar,Johnnie Walker Red,Whisky,0,3622,3622,0,3955
2026-05-02,Garden Bar,Jose Cuervo,Tequila,0,1766,1766,0,10305
2026-05-02,Garden Bar,Kingfisher Premium,Beer,0,0,10763,10763,0
2026-05-02,Garden Bar,Smirnoff Vodka,Vodka,0,3465,3465,0,425
2026-05-02,Lobby Bar,Bacardi White,Rum,15750,3317,3317,0,14633
2026-05-02,Lobby Bar,Baileys,Liqueur,0,0,0,0,147
2026-05-02,Lobby Bar,Bombay Sapphire,Gin,0,3797,3797,0,2627
2026-05-02,Lobby Bar,Heineken,Beer,0,0,8507,8507,0
2026-05-02,Lobby Bar,Hennessy,Brandy,0,522,522,0,3683
2026-05-02,Lobby Bar,Jack Daniel's,Whisky,12750,2569,2569,0,14063
2026-05-02,Lobby Bar,Johnnie Walker Red,Whisky,7500,3619,3619,0,3881
2026-05-02,Lobby Bar,Jose Cuervo,Tequila,0,1628,1628,0,7309
2026-05-02,Lobby Bar,Kingfisher Premium,Beer,0,0,14462,14462,0
2026-05-02,Lobby Bar,Smirnoff Vodka,Vodka,9000,6124,6124,0,2876
2026-05-02,Pool Bar,Bacardi White,Rum,15750,4967,4967,0,10783
2026-05-02,Pool Bar,Baileys,Liqueur,0,1419,1419,0,424
2026-05-02,Pool Bar,Bombay Sapphire,Gin,0,3768,3768,0,8308
2026-05-02,Pool Bar,Heineken,Beer,9100,11499,11499,0,208
2026-05-02,Pool Bar,Hennessy,Brandy,0,783,783,0,2570
2026-05-02,Pool Bar,Jack Daniel's,Whisky,0,0,2956,2956,0
2026-05-02,Pool Bar,Johnnie Walker Red,Whisky,7500,6937,6937,0,3881
2026-05-02,Pool Bar,Jose Cuervo,Tequila,0,1990,1990,0,4010
2026-05-02,Pool Bar,Kingfisher Premium,Beer,11050,11050,16336,5286,7567
2026-05-02,Pool Bar,Smirnoff Vodka,Vodka,0,0,7747,7747,0
2026-05-02,Rooftop Bar,Bacardi White,Rum,0,5874,5897,23,2248
2026-05-02,Rooftop Bar,Baileys,Liqueur,0,416,1839,1423,0
2026-05-02,Rooftop Bar,Bombay Sapphire,Gin,0,0,5307,5307,0
2026-05-02,Rooftop Bar,Heineken,Beer,10400,10400,15121,4721,5307
2026-05-02,Rooftop Bar,Hennessy,Brandy,0,1355,1355,0,8290
2026-05-02,Rooftop Bar,Jack Daniel's,Whisky,9750,3947,3947,0,8938
2026-05-02,Rooftop Bar,Johnnie Walker Red,Whisky,15000,5320,5320,0,9680
2026-05-02,Rooftop Bar,Jose Cuervo,Tequila,0,0,2438,2438,0
2026-05-02,Rooftop Bar,Kingfisher Premium,Beer,11700,11700,22809,11109,0
2026-05-02,Rooftop Bar,Smirnoff Vodka,Vodka,0,0,8044,8044,0
2026-05-02,Sky Lounge,Bacardi White,Rum,0,6481,6481,0,6904
2026-05-02,Sky Lounge,Baileys,Liqueur,15000,1673,1673,0,14206
2026-05-02,Sky Lounge,Bombay Sapphire,Gin,0,0,5730,5730,0
2026-05-02,Sky Lounge,Heineken,Beer,11050,11050,19204,8154,0
2026-05-02,Sky Lounge,Hennessy,Brandy,0,1722,1722,0,3329
2026-05-02,Sky Lounge,Jack Daniel's,Whisky,0,4772,4772,0,3386
2026-05-02,Sky Lounge,Johnnie Walker Red,Whisky,9750,7348,7348,0,10725
2026-05-02,Sky Lounge,Jose Cuervo,Tequila,15750,3582,3582,0,16171
2026-05-02,Sky Lounge,Kingfisher Premium,Beer,5850,5850,26848,20998,0
2026-05-02,Sky Lounge,Smirnoff Vodka,Vodka,0,0,6630,6630,0
2026-05-03,Garden Bar,Bacardi White,Rum,0,2619,2619,0,1093
2026-05-03,Garden Bar,Baileys,Liqueur,0,380,606,226,0
2026-05-03,Garden Bar,Bombay Sapphire,Gin,0,2406,2406,0,4775
2026-05-03,Garden Bar,Heineken,Beer,0,3781,6600,2819,0
2026-05-03,Garden Bar,Hennessy,Brandy,0,0,0,0,3641
2026-05-03,Garden Bar,Jack Daniel's,Whisky,0,0,1793,1793,0
2026-05-03,Garden Bar,Johnnie Walker Red,Whisky,0,2598,2598,0,1357
2026-05-03,Garden Bar,Jose Cuervo,Tequila,0,1128,1128,0,9912
2026-05-03,Garden Bar,Kingfisher Premium,Beer,6500,6500,9019,2519,0
2026-05-03,Garden Bar,Smirnoff Vodka,Vodka,0,425,2665,2240,0
2026-05-03,Lobby Bar,Bacardi White,Rum,0,2831,2831,0,9602
2026-05-03,Lobby Bar,Baileys,Liqueur,0,147,629,482,0
2026-05-03,Lobby Bar,Bombay Sapphire,Gin,0,1979,2081,102,0
2026-05-03,Lobby Bar,Heineken,Beer,0,0,4974,4974,0
2026-05-03,Lobby Bar,Hennessy,Brandy,0,736,736,0,3153
2026-05-03,Lobby Bar,Jack Daniel's,Whisky,0,1954,1954,0,12109
2026-05-03,Lobby Bar,Johnnie Walker Red,Whisky,15000,4119,4119,0,14762
2026-05-03,Lobby Bar,Jose Cuervo,Tequila,0,1549,1549,0,5760
2026-05-03,Lobby Bar,Kingfisher Premium,Beer,0,0,10625,10625,0
2026-05-03,Lobby Bar,Smirnoff Vodka,Vodka,0,2876,4356,1480,0
2026-05-03,Pool Bar,Bacardi White,Rum,0,2547,2547,0,8236
2026-05-03,Pool Bar,Baileys,Liqueur,0,424,1033,609,0
2026-05-03,Pool Bar,Bombay Sapphire,Gin,0,2908,2908,0,2110
2026-05-03,Pool Bar,Heineken,Beer,0,208,7229,7021,0
2026-05-03,Pool Bar,Hennessy,Brandy,0,1067,1067,0,1456
2026-05-03,Pool Bar,Jack Daniel's,Whisky,0,0,2234,2234,0
2026-05-03,Pool Bar,Johnnie Walker Red,Whisky,12000,3393,3393,0,12488
2026-05-03,Pool Bar,Jose Cuervo,Tequila,0,1853,1853,0,1563
2026-05-03,Pool Bar,Kingfisher Premium,Beer,9750,9750,12014,2264,0
2026-05-03,Pool Bar,Smirnoff Vodka,Vodka,0,0,4343,4343,0
2026-05-03,Rooftop Bar,Bacardi White,Rum,10500,4154,4154,0,9263
2026-05-03,Rooftop Bar,Baileys,Liqueur,0,0,1007,1007,0
2026-05-03,Rooftop Bar,Bombay Sapphire,Gin,0,0,3079,3079,0
2026-05-03,Rooftop Bar,Heineken,Beer,0,0,11146,11146,0
2026-05-03,Rooftop Bar,Hennessy,Brandy,0,889,889,0,6576
2026-05-03,Rooftop Bar,Jack Daniel's,Whisky,0,3128,3128,0,8727
2026-05-03,Rooftop Bar,Johnnie Walker Red,Whisky,0,5071,5071,0,8063
2026-05-03,Rooftop Bar,Jose Cuervo,Tequila,0,0,2384,2384,0
2026-05-03,Rooftop Bar,Kingfisher Premium,Beer,5850,5850,14590,8740,0
2026-05-03,Rooftop Bar,Smirnoff Vodka,Vodka,0,0,5646,5646,0
2026-05-03,Sky Lounge,Bacardi White,Rum,0,4706,4751,45,2819
2026-05-03,Sky Lounge,Baileys,Liqueur,0,0,0,0,14206
2026-05-03,Sky Lounge,Bombay Sapphire,Gin,12750,3190,3190,0,9560
2026-05-03,Sky Lounge,Heineken,Beer,11050,11050,12593,1543,0
2026-05-03,Sky Lounge,Hennessy,Brandy,0,959,959,0,2370
2026-05-03,Sky Lounge,Jack Daniel's,Whisky,0,3386,3605,219,0
2026-05-03,Sky Lounge,Johnnie Walker Red,Whisky,0,5497,5497,0,5228
2026-05-03,Sky Lounge,Jose Cuervo,Tequila,0,2635,2635,0,15336
2026-05-03,Sky Lounge,Kingfisher Premium,Beer,0,0,18995,18995,0
2026-05-03,Sky Lounge,Smirnoff Vodka,Vodka,15750,5772,5772,0,9978
2026-05-04,Garden Bar,Bacardi White,Rum,0,1093,2179,1086,0
2026-05-04,Garden Bar,Baileys,Liqueur,0,0,445,445,0
2026-05-04,Garden Bar,Bombay Sapphire,Gin,0,1547,1547,0,2913
2026-05-04,Garden Bar,Heineken,Beer,5850,5146,5146,0,704
2026-05-04,Garden Bar,Hennessy,Brandy,0,0,0,0,3641
2026-05-04,Garden Bar,Jack Daniel's,Whisky,12750,1394,1394,0,11356
2026-05-04,Garden Bar,Johnnie Walker Red,Whisky,15750,2098,2098,0,16545
2026-05-04,Garden Bar,Jose Cuervo,Tequila,0,597,597,0,8818
2026-05-04,Garden Bar,Kingfisher Premium,Beer,0,0,6369,6369,0
2026-05-04,Garden Bar,Smirnoff Vodka,Vodka,0,0,2882,2882,0
2026-05-04,Lobby Bar,Bacardi White,Rum,0,1491,1491,0,8332
2026-05-04,Lobby Bar,Baileys,Liqueur,0,0,711,711,0
2026-05-04,Lobby Bar,Bombay Sapphire,Gin,0,0,1692,1692,0
2026-05-04,Lobby Bar,Heineken,Beer,11700,5611,5611,0,6089
2026-05-04,Lobby Bar,Hennessy,Brandy,0,402,402,0,2545
2026-05-04,Lobby Bar,Jack Daniel's,Whisky,0,1229,1229,0,11503
2026-05-04,Lobby Bar,Johnnie Walker Red,Whisky,0,1753,1753,0,13009
2026-05-04,Lobby Bar,Jose Cuervo,Tequila,0,869,869,0,4891
2026-05-04,Lobby Bar,Kingfisher Premium,Beer,7800,7800,8521,721,0
2026-05-04,Lobby Bar,Smirnoff Vodka,Vodka,0,0,2952,2952,0
2026-05-04,Pool Bar,Bacardi White,Rum,0,2558,2558,0,5678
2026-05-04,Pool Bar,Baileys,Liqueur,0,0,791,791,0
2026-05-04,Pool Bar,Bombay Sapphire,Gin,8250,2206,2206,0,8581
2026-05-04,Pool Bar,Heineken,Beer,0,0,6564,6564,0
2026-05-04,Pool Bar,Hennessy,Brandy,0,682,682,0,595
2026-05-04,Pool Bar,Jack Daniel's,Whisky,0,0,2199,2199,0
2026-05-04,Pool Bar,Johnnie Walker Red,Whisky,0,2747,2747,0,9970
2026-05-04,Pool Bar,Jose Cuervo,Tequila,13500,1228,1228,0,13431
2026-05-04,Pool Bar,Kingfisher Premium,Beer,0,0,9930,9930,0
2026-05-04,Pool Bar,Smirnoff Vodka,Vodka,0,0,3017,3017,0
2026-05-04,Rooftop Bar,Bacardi White,Rum,0,2782,2782,0,3564
2026-05-04,Rooftop Bar,Baileys,Liqueur,14250,1073,1073,0,13177
2026-05-04,Rooftop Bar,Bombay Sapphire,Gin,0,0,2830,2830,0
2026-05-04,Rooftop Bar,Heineken,Beer,0,0,7742,7742,0
2026-05-04,Rooftop Bar,Hennessy,Brandy,0,0,0,0,6203
2026-05-04,Rooftop Bar,Jack Daniel's,Whisky,0,2423,2423,0,5313
2026-05-04,Rooftop Bar,Johnnie Walker Red,Whisky,0,3301,3301,0,4006
2026-05-04,Rooftop Bar,Jose Cuervo,Tequila,0,0,1491,1491,0
2026-05-04,Rooftop Bar,Kingfisher Premium,Beer,5850,5850,10820,4970,0
2026-05-04,Rooftop Bar,Smirnoff Vodka,Vodka,0,0,4702,4702,0
2026-05-04,Sky Lounge,Bacardi White,Rum,0,0,3187,3187,0
2026-05-04,Sky Lounge,Baileys,Liqueur,0,0,0,0,14206
2026-05-04,Sky Lounge,Bombay Sapphire,Gin,0,2615,2615,0,6945
2026-05-04,Sky Lounge,Heineken,Beer,0,0,9082,9082,0
2026-05-04,Sky Lounge,Hennessy,Brandy,0,0,0,0,2370
2026-05-04,Sky Lounge,Jack Daniel's,Whisky,0,0,2085,2085,0
2026-05-04,Sky Lounge,Johnnie Walker Red,Whisky,0,3549,3549,0,1679
2026-05-04,Sky Lounge,Jose Cuervo,Tequila,0,1649,1649,0,11887
2026-05-04,Sky Lounge,Kingfisher Premium,Beer,0,0,11606,11606,0
2026-05-04,Sky Lounge,Smirnoff Vodka,Vodka,0,5007,5007,0,9867
2026-05-05,Garden Bar,Bacardi White,Rum,0,0,2256,2256,0
2026-05-05,Garden Bar,Baileys,Liqueur,0,0,667,667,0
2026-05-05,Garden Bar,Bombay Sapphire,Gin,0,1451,1451,0,14
2026-05-05,Garden Bar,Heineken,Beer,0,704,4573,3869,0
2026-05-05,Garden Bar,Hennessy,Brandy,0,355,355,0,3286
2026-05-05,Garden Bar,Jack Daniel's,Whisky,0,1615,1615,0,10352
2026-05-05,Garden Bar,Johnnie Walker Red,Whisky,0,2780,2780,0,14781
2026-05-05,Garden Bar,Jose Cuervo,Tequila,0,754,754,0,7826
2026-05-05,Garden Bar,Kingfisher Premium,Beer,10400,6086,6086,0,4314
2026-05-05,Garden Bar,Smirnoff Vodka,Vodka,8250,2943,2943,0,5518
2026-05-05,Lobby Bar,Bacardi White,Rum,0,1900,1900,0,6211
2026-05-05,Lobby Bar,Baileys,Liqueur,12750,824,824,0,11926
2026-05-05,Lobby Bar,Bombay Sapphire,Gin,0,0,1907,1907,0
2026-05-05,Lobby Bar,Heineken,Beer,6500,6695,6695,0,5894
2026-05-05,Lobby Bar,Hennessy,Brandy,0,441,441,0,2104
2026-05-05,Lobby Bar,Jack Daniel's,Whisky,0,1631,1631,0,9249
2026-05-05,Lobby Bar,Johnnie Walker Red,Whisky,0,1822,1822,0,11187
2026-05-05,Lobby Bar,Jose Cuervo,Tequila,0,1010,1010,0,3881
2026-05-05,Lobby Bar,Kingfisher Premium,Beer,0,0,8315,8315,0
2026-05-05,Lobby Bar,Smirnoff Vodka,Vodka,15000,3920,3920,0,11080
2026-05-05,Pool Bar,Bacardi White,Rum,0,3104,3104,0,2574
2026-05-05,Pool Bar,Baileys,Liqueur,15750,792,792,0,14958
2026-05-05,Pool Bar,Bombay Sapphire,Gin,0,1997,1997,0,6273
2026-05-05,Pool Bar,Heineken,Beer,5850,5850,6749,899,3581
2026-05-05,Pool Bar,Hennessy,Brandy,11200,559,559,0,11509
2026-05-05,Pool Bar,Jack Daniel's,Whisky,0,0,1775,1775,0
2026-05-05,Pool Bar,Johnnie Walker Red,Whisky,0,3359,3359,0,8403
2026-05-05,Pool Bar,Jose Cuervo,Tequila,0,1609,1609,0,12325
2026-05-05,Pool Bar,Kingfisher Premium,Beer,0,0,6159,6159,0
2026-05-05,Pool Bar,Smirnoff Vodka,Vodka,12000,3036,3036,0,8964
2026-05-05,Rooftop Bar,Bacardi White,Rum,13500,2242,2242,0,14822
2026-05-05,Rooftop Bar,Baileys,Liqueur,0,828,828,0,12349
2026-05-05,Rooftop Bar,Bombay Sapphire,Gin,10500,2593,2593,0,7907
2026-05-05,Rooftop Bar,Heineken,Beer,13650,5998,5998,0,7652
2026-05-05,Rooftop Bar,Hennessy,Brandy,0,0,0,0,6203
2026-05-05,Rooftop Bar,Jack Daniel's,Whisky,0,1700,1700,0,1687
2026-05-05,Rooftop Bar,Johnnie Walker Red,Whisky,6750,3238,3238,0,4820
2026-05-05,Rooftop Bar,Jose Cuervo,Tequila,0,0,1553,1553,0
2026-05-05,Rooftop Bar,Kingfisher Premium,Beer,0,0,12161,12161,0
2026-05-05,Rooftop Bar,Smirnoff Vodka,Vodka,0,0,4402,4402,0
2026-05-05,Sky Lounge,Bacardi White,Rum,0,0,3845,3845,0
2026-05-05,Sky Lounge,Baileys,Liqueur,0,1274,1274,0,12932
2026-05-05,Sky Lounge,Bombay Sapphire,Gin,0,2517,2517,0,6128
2026-05-05,Sky Lounge,Heineken,Beer,0,0,8323,8323,0
2026-05-05,Sky Lounge,Hennessy,Brandy,0,0,0,0,2370
2026-05-05,Sky Lounge,Jack Daniel's,Whisky,0,0,3198,3198,0
2026-05-05,Sky Lounge,Johnnie Walker Red,Whisky,0,1679,3737,2058,0
2026-05-05,Sky Lounge,Jose Cuervo,Tequila,0,1548,1548,0,10339
2026-05-05,Sky Lounge,Kingfisher Premium,Beer,7800,7800,11239,3439,0
2026-05-05,Sky Lounge,Smirnoff Vodka,Vodka,0,4971,5771,800,0
2026-05-06,Garden Bar,Bacardi White,Rum,0,0,2261,2261,0
2026-05-06,Garden Bar,Baileys,Liqueur,0,0,680,680,0
2026-05-06,Garden Bar,Bombay Sapphire,Gin,0,14,1473,1459,0
2026-05-06,Garden Bar,Heineken,Beer,0,0,5071,5071,0
2026-05-06,Garden Bar,Hennessy,Brandy,0,457,457,0,2829
2026-05-06,Garden Bar,Jack Daniel's,Whisky,0,1366,1366,0,9533
2026-05-06,Garden Bar,Johnnie Walker Red,Whisky,0,2819,2819,0,10227
2026-05-06,Garden Bar,Jose Cuervo,Tequila,0,1048,1048,0,6778
2026-05-06,Garden Bar,Kingfisher Premium,Beer,0,4314,5588,1274,0
2026-05-06,Garden Bar,Smirnoff Vodka,Vodka,0,2958,2958,0,4316
2026-05-06,Lobby Bar,Bacardi White,Rum,0,2498,2498,0,3713
2026-05-06,Lobby Bar,Baileys,Liqueur,0,689,689,0,11237
2026-05-06,Lobby Bar,Bombay Sapphire,Gin,0,0,1896,1896,0
2026-05-06,Lobby Bar,Heineken,Beer,0,5894,6068,174,1968
2026-05-06,Lobby Bar,Hennessy,Brandy,0,579,579,0,1781
2026-05-06,Lobby Bar,Jack Daniel's,Whisky,0,1080,1080,0,8898
2026-05-06,Lobby Bar,Johnnie Walker Red,Whisky,0,2972,2972,0,8215
2026-05-06,Lobby Bar,Jose Cuervo,Tequila,0,1255,1255,0,3168
2026-05-06,Lobby Bar,Kingfisher Premium,Beer,0,0,6734,6734,0
2026-05-06,Lobby Bar,Smirnoff Vodka,Vodka,0,3054,3054,0,8546
2026-05-06,Pool Bar,Bacardi White,Rum,0,2574,2854,280,1663
2026-05-06,Pool Bar,Baileys,Liqueur,0,784,784,0,14362
2026-05-06,Pool Bar,Bombay Sapphire,Gin,0,2177,2177,0,5074
2026-05-06,Pool Bar,Heineken,Beer,0,0,6014,6014,0
2026-05-06,Pool Bar,Hennessy,Brandy,0,502,502,0,10734
2026-05-06,Pool Bar,Jack Daniel's,Whisky,0,0,1957,1957,0
2026-05-06,Pool Bar,Johnnie Walker Red,Whisky,0,3012,3012,0,4956
2026-05-06,Pool Bar,Jose Cuervo,Tequila,0,1362,1362,0,10582
2026-05-06,Pool Bar,Kingfisher Premium,Beer,8450,8450,12071,3621,0
2026-05-06,Pool Bar,Smirnoff Vodka,Vodka,0,3545,3545,0,5419
2026-05-06,Rooftop Bar,Bacardi White,Rum,0,4632,4632,0,10190
2026-05-06,Rooftop Bar,Baileys,Liqueur,0,939,939,0,11652
2026-05-06,Rooftop Bar,Bombay Sapphire,Gin,0,2885,2885,0,5022
2026-05-06,Rooftop Bar,Heineken,Beer,0,7652,10709,3057,0
2026-05-06,Rooftop Bar,Hennessy,Brandy,0,981,981,0,6103
2026-05-06,Rooftop Bar,Jack Daniel's,Whisky,13500,3000,3000,0,14785
2026-05-06,Rooftop Bar,Johnnie Walker Red,Whisky,6750,4163,4163,0,7407
2026-05-06,Rooftop Bar,Jose Cuervo,Tequila,0,0,2058,2058,0
2026-05-06,Rooftop Bar,Kingfisher Premium,Beer,9750,9750,15464,5714,0
2026-05-06,Rooftop Bar,Smirnoff Vodka,Vodka,7500,4051,4051,0,6439
2026-05-06,Sky Lounge,Bacardi White,Rum,0,0,3184,3184,0
2026-05-06,Sky Lounge,Baileys,Liqueur,0,1014,1014,0,11918
2026-05-06,Sky Lounge,Bombay Sapphire,Gin,15750,3615,3615,0,18639
2026-05-06,Sky Lounge,Heineken,Beer,0,0,9386,9386,0
2026-05-06,Sky Lounge,Hennessy,Brandy,0,872,872,0,1843
2026-05-06,Sky Lounge,Jack Daniel's,Whisky,0,0,2945,2945,0
2026-05-06,Sky Lounge,Johnnie Walker Red,Whisky,0,0,4548,4548,0
2026-05-06,Sky Lounge,Jose Cuervo,Tequila,0,1727,1727,0,8612
2026-05-06,Sky Lounge,Kingfisher Premium,Beer,0,0,15680,15680,0
2026-05-06,Sky Lounge,Smirnoff Vodka,Vodka,0,0,6211,6211,0
2026-05-07,Garden Bar,Bacardi White,Rum,0,0,2330,2330,0
2026-05-07,Garden Bar,Baileys,Liqueur,0,0,608,608,0
2026-05-07,Garden Bar,Bombay Sapphire,Gin,0,0,1535,1535,0
2026-05-07,Garden Bar,Heineken,Beer,5200,4392,4392,0,2925
2026-05-07,Garden Bar,Hennessy,Brandy,0,438,438,0,2391
2026-05-07,Garden Bar,Jack Daniel's,Whisky,0,1277,1277,0,7831
2026-05-07,Garden Bar,Johnnie Walker Red,Whisky,0,2580,2580,0,6830
2026-05-07,Garden Bar,Jose Cuervo,Tequila,0,1075,1075,0,5703
2026-05-07,Garden Bar,Kingfisher Premium,Beer,0,0,7739,7739,0
2026-05-07,Garden Bar,Smirnoff Vodka,Vodka,0,2349,3068,719,567
2026-05-07,Lobby Bar,Bacardi White,Rum,0,2039,2039,0,2368
2026-05-07,Lobby Bar,Baileys,Liqueur,0,628,628,0,10609
2026-05-07,Lobby Bar,Bombay Sapphire,Gin,0,0,2513,2513,0
2026-05-07,Lobby Bar,Heineken,Beer,0,0,4870,4870,0
2026-05-07,Lobby Bar,Hennessy,Brandy,0,0,0,0,1525
2026-05-07,Lobby Bar,Jack Daniel's,Whisky,0,1182,1182,0,6987
2026-05-07,Lobby Bar,Johnnie Walker Red,Whisky,0,2986,2986,0,5229
2026-05-07,Lobby Bar,Jose Cuervo,Tequila,0,1681,1681,0,945
2026-05-07,Lobby Bar,Kingfisher Premium,Beer,11700,8597,8597,0,6777
2026-05-07,Lobby Bar,Smirnoff Vodka,Vodka,0,3904,3904,0,4656
2026-05-07,Pool Bar,Bacardi White,Rum,7500,2417,2417,0,5083
2026-05-07,Pool Bar,Baileys,Liqueur,0,853,853,0,13955
2026-05-07,Pool Bar,Bombay Sapphire,Gin,0,2623,2623,0,1357
2026-05-07,Pool Bar,Heineken,Beer,0,0,6708,6708,0
2026-05-07,Pool Bar,Hennessy,Brandy,0,567,567,0,10520
2026-05-07,Pool Bar,Jack Daniel's,Whisky,14250,1605,1605,0,13274
2026-05-07,Pool Bar,Johnnie Walker Red,Whisky,0,3370,3812,442,1564
2026-05-07,Pool Bar,Jose Cuervo,Tequila,0,1669,1669,0,9085
2026-05-07,Pool Bar,Kingfisher Premium,Beer,0,0,10733,10733,0
2026-05-07,Pool Bar,Smirnoff Vodka,Vodka,9000,4768,4768,0,9651
2026-05-07,Rooftop Bar,Bacardi White,Rum,0,3556,3556,0,6634
2026-05-07,Rooftop Bar,Baileys,Liqueur,0,1058,1058,0,10352
2026-05-07,Rooftop Bar,Bombay Sapphire,Gin,0,2938,2938,0,2652
2026-05-07,Rooftop Bar,Heineken,Beer,0,0,11090,11090,0
2026-05-07,Rooftop Bar,Hennessy,Brandy,0,859,859,0,4363
2026-05-07,Rooftop Bar,Jack Daniel's,Whisky,0,2316,2316,0,9871
2026-05-07,Rooftop Bar,Johnnie Walker Red,Whisky,0,3250,3250,0,4887
2026-05-07,Rooftop Bar,Jose Cuervo,Tequila,0,0,2026,2026,0
2026-05-07,Rooftop Bar,Kingfisher Premium,Beer,0,0,14991,14991,0
2026-05-07,Rooftop Bar,Smirnoff Vodka,Vodka,0,3449,5098,1649,0
2026-05-07,Sky Lounge,Bacardi White,Rum,0,0,4856,4856,0
2026-05-07,Sky Lounge,Baileys,Liqueur,0,1186,1186,0,10732
2026-05-07,Sky Lounge,Bombay Sapphire,Gin,0,2753,2753,0,13810
2026-05-07,Sky Lounge,Heineken,Beer,0,0,12003,12003,0
2026-05-07,Sky Lounge,Hennessy,Brandy,0,916,916,0,1217
2026-05-07,Sky Lounge,Jack Daniel's,Whisky,0,0,2877,2877,0
2026-05-07,Sky Lounge,Johnnie Walker Red,Whisky,15750,4334,4334,0,11865
2026-05-07,Sky Lounge,Jose Cuervo,Tequila,0,2079,2079,0,7745
2026-05-07,Sky Lounge,Kingfisher Premium,Beer,0,0,14769,14769,0
2026-05-07,Sky Lounge,Smirnoff Vodka,Vodka,0,0,5430,5430,0
2026-05-08,Garden Bar,Bacardi White,Rum,0,0,3795,3795,0
2026-05-08,Garden Bar,Baileys,Liqueur,7500,1119,1119,0,6381
2026-05-08,Garden Bar,Bombay Sapphire,Gin,0,0,1680,1680,0
2026-05-08,Garden Bar,Heineken,Beer,12350,6668,6668,0,11952
2026-05-08,Garden Bar,Hennessy,Brandy,0,849,849,0,1542
2026-05-08,Garden Bar,Jack Daniel's,Whisky,0,1576,1576,0,5814
2026-05-08,Garden Bar,Johnnie Walker Red,Whisky,0,3595,3595,0,5445
2026-05-08,Garden Bar,Jose Cuervo,Tequila,0,1107,1107,0,4898
2026-05-08,Garden Bar,Kingfisher Premium,Beer,9100,8742,8742,0,5467
2026-05-08,Garden Bar,Smirnoff Vodka,Vodka,13500,3926,3926,0,10677
2026-05-08,Lobby Bar,Bacardi White,Rum,0,1674,2921,1247,0
2026-05-08,Lobby Bar,Baileys,Liqueur,0,1048,1048,0,10074
2026-05-08,Lobby Bar,Bombay Sapphire,Gin,0,0,2141,2141,0
2026-05-08,Lobby Bar,Heineken,Beer,10400,9841,9841,0,6877
2026-05-08,Lobby Bar,Hennessy,Brandy,0,651,651,0,874
2026-05-08,Lobby Bar,Jack Daniel's,Whisky,0,1927,1927,0,5060
2026-05-08,Lobby Bar,Johnnie Walker Red,Whisky,12750,4180,4180,0,13799
2026-05-08,Lobby Bar,Jose Cuervo,Tequila,0,945,1570,625,0
2026-05-08,Lobby Bar,Kingfisher Premium,Beer,0,3103,9845,6742,0
2026-05-08,Lobby Bar,Smirnoff Vodka,Vodka,15000,4368,4368,0,14754
2026-05-08,Pool Bar,Bacardi White,Rum,6750,3265,3265,0,11423
2026-05-08,Pool Bar,Baileys,Liqueur,0,1210,1210,0,12111
2026-05-08,Pool Bar,Bombay Sapphire,Gin,13500,3579,3579,0,13113
2026-05-08,Pool Bar,Heineken,Beer,7800,7800,10503,2703,2781
2026-05-08,Pool Bar,Hennessy,Brandy,0,909,909,0,9995
2026-05-08,Pool Bar,Jack Daniel's,Whisky,0,2395,2395,0,10250
2026-05-08,Pool Bar,Johnnie Walker Red,Whisky,0,0,5419,5419,0
2026-05-08,Pool Bar,Jose Cuervo,Tequila,0,1901,1901,0,8712
2026-05-08,Pool Bar,Kingfisher Premium,Beer,0,0,17483,17483,0
2026-05-08,Pool Bar,Smirnoff Vodka,Vodka,0,4318,4318,0,8802
2026-05-08,Rooftop Bar,Bacardi White,Rum,0,5248,5248,0,5097
2026-05-08,Rooftop Bar,Baileys,Liqueur,0,1721,1721,0,9862
2026-05-08,Rooftop Bar,Bombay Sapphire,Gin,0,2084,4498,2414,1642
2026-05-08,Rooftop Bar,Heineken,Beer,0,0,10888,10888,0
2026-05-08,Rooftop Bar,Hennessy,Brandy,0,855,855,0,3609
2026-05-08,Rooftop Bar,Jack Daniel's,Whisky,0,3034,3034,0,7298
2026-05-08,Rooftop Bar,Johnnie Walker Red,Whisky,0,4157,6022,1865,0
2026-05-08,Rooftop Bar,Jose Cuervo,Tequila,0,0,3143,3143,0
2026-05-08,Rooftop Bar,Kingfisher Premium,Beer,13650,13650,18789,5139,4228
2026-05-08,Rooftop Bar,Smirnoff Vodka,Vodka,15000,6618,6618,0,10143
2026-05-08,Sky Lounge,Bacardi White,Rum,0,0,5309,5309,0
2026-05-08,Sky Lounge,Baileys,Liqueur,0,1379,1379,0,9353
2026-05-08,Sky Lounge,Bombay Sapphire,Gin,0,4038,4038,0,11448
2026-05-08,Sky Lounge,Heineken,Beer,5200,5200,12037,6837,0
2026-05-08,Sky Lounge,Hennessy,Brandy,13300,1245,1245,0,12637
2026-05-08,Sky Lounge,Jack Daniel's,Whisky,0,0,3614,3614,0
2026-05-08,Sky Lounge,Johnnie Walker Red,Whisky,0,5516,5516,0,5900
2026-05-08,Sky Lounge,Jose Cuervo,Tequila,0,3521,3521,0,3012
2026-05-08,Sky Lounge,Kingfisher Premium,Beer,0,0,20066,20066,0
2026-05-08,Sky Lounge,Smirnoff Vodka,Vodka,0,0,7670,7670,0
2026-05-09,Garden Bar,Bacardi White,Rum,0,0,3594,3594,0
2026-05-09,Garden Bar,Baileys,Liqueur,0,0,0,0,6381
2026-05-09,Garden Bar,Bombay Sapphire,Gin,0,0,2272,2272,0
2026-05-09,Garden Bar,Heineken,Beer,0,6490,10187,3697,0
2026-05-09,Garden Bar,Hennessy,Brandy,0,802,802,0,938
2026-05-09,Garden Bar,Jack Daniel's,Whisky,0,2386,2386,0,3136
2026-05-09,Garden Bar,Johnnie Walker Red,Whisky,15000,4090,4090,0,14145
2026-05-09,Garden Bar,Jose Cuervo,Tequila,0,1807,1807,0,2909
2026-05-09,Garden Bar,Kingfisher Premium,Beer,0,358,8841,8483,0
2026-05-09,Garden Bar,Smirnoff Vodka,Vodka,0,3925,3925,0,5649
2026-05-09,Lobby Bar,Bacardi White,Rum,0,0,3582,3582,0
2026-05-09,Lobby Bar,Baileys,Liqueur,0,907,907,0,8654
2026-05-09,Lobby Bar,Bombay Sapphire,Gin,12750,2980,2980,0,11414
2026-05-09,Lobby Bar,Heineken,Beer,5850,6409,9969,3560,0
2026-05-09,Lobby Bar,Hennessy,Brandy,14000,1023,1023,0,14162
2026-05-09,Lobby Bar,Jack Daniel's,Whisky,0,2696,2696,0,2364
2026-05-09,Lobby Bar,Johnnie Walker Red,Whisky,0,3296,3296,0,10503
2026-05-09,Lobby Bar,Jose Cuervo,Tequila,0,0,2113,2113,0
2026-05-09,Lobby Bar,Kingfisher Premium,Beer,6500,6500,10934,4434,0
2026-05-09,Lobby Bar,Smirnoff Vodka,Vodka,0,5931,5931,0,12977
2026-05-09,Pool Bar,Bacardi White,Rum,0,4723,4723,0,3845
2026-05-09,Pool Bar,Baileys,Liqueur,0,0,0,0,12111
2026-05-09,Pool Bar,Bombay Sapphire,Gin,0,3570,3570,0,7708
2026-05-09,Pool Bar,Heineken,Beer,7800,7800,11641,3841,0
2026-05-09,Pool Bar,Hennessy,Brandy,0,1246,1246,0,8442
2026-05-09,Pool Bar,Jack Daniel's,Whisky,0,2840,2840,0,7410
2026-05-09,Pool Bar,Johnnie Walker Red,Whisky,6750,4909,4909,0,1841
2026-05-09,Pool Bar,Jose Cuervo,Tequila,0,2094,2094,0,6580
2026-05-09,Pool Bar,Kingfisher Premium,Beer,0,0,16547,16547,0
2026-05-09,Pool Bar,Smirnoff Vodka,Vodka,0,5333,6327,994,1198
2026-05-09,Rooftop Bar,Bacardi White,Rum,0,1386,6429,5043,0
2026-05-09,Rooftop Bar,Baileys,Liqueur,0,1716,1716,0,7926
2026-05-09,Rooftop Bar,Bombay Sapphire,Gin,0,0,5884,5884,0
2026-05-09,Rooftop Bar,Heineken,Beer,0,0,15878,15878,0
2026-05-09,Rooftop Bar,Hennessy,Brandy,0,1124,1124,0,2384
2026-05-09,Rooftop Bar,Jack Daniel's,Whisky,0,3663,3663,0,3174
2026-05-09,Rooftop Bar,Johnnie Walker Red,Whisky,9750,7473,7473,0,5051
2026-05-09,Rooftop Bar,Jose Cuervo,Tequila,12000,2860,2860,0,11344
2026-05-09,Rooftop Bar,Kingfisher Premium,Beer,7800,7800,25564,17764,0
2026-05-09,Rooftop Bar,Smirnoff Vodka,Vodka,13500,10303,10303,0,18956
2026-05-09,Sky Lounge,Bacardi White,Rum,0,0,7613,7613,0
2026-05-09,Sky Lounge,Baileys,Liqueur,0,1643,1643,0,7710
2026-05-09,Sky Lounge,Bombay Sapphire,Gin,0,5942,5942,0,8613
2026-05-09,Sky Lounge,Heineken,Beer,9100,9100,12113,3013,0
2026-05-09,Sky Lounge,Hennessy,Brandy,0,1696,1696,0,10941
2026-05-09,Sky Lounge,Jack Daniel's,Whisky,9000,4279,4279,0,4721
2026-05-09,Sky Lounge,Johnnie Walker Red,Whisky,0,5900,6557,657,0
2026-05-09,Sky Lounge,Jose Cuervo,Tequila,15750,2714,2714,0,16048
2026-05-09,Sky Lounge,Kingfisher Premium,Beer,0,0,26537,26537,0
2026-05-09,Sky Lounge,Smirnoff Vodka,Vodka,7500,7500,10268,2768,0
2026-05-10,Garden Bar,Bacardi White,Rum,7500,2597,2597,0,4903
2026-05-10,Garden Bar,Baileys,Liqueur,0,592,592,0,5789
2026-05-10,Garden Bar,Bombay Sapphire,Gin,0,0,1820,1820,0
2026-05-10,Garden Bar,Heineken,Beer,12350,7359,7359,0,4991
2026-05-10,Garden Bar,Hennessy,Brandy,5600,0,0,0,6340
2026-05-10,Garden Bar,Jack Daniel's,Whisky,0,1304,1304,0,2471
2026-05-10,Garden Bar,Johnnie Walker Red,Whisky,0,2016,2016,0,12129
2026-05-10,Garden Bar,Jose Cuervo,Tequila,0,1158,1158,0,2389
2026-05-10,Garden Bar,Kingfisher Premium,Beer,13000,8762,8762,0,4238
2026-05-10,Garden Bar,Smirnoff Vodka,Vodka,0,3789,3789,0,4230
2026-05-10,Lobby Bar,Bacardi White,Rum,15750,2198,2198,0,13701
2026-05-10,Lobby Bar,Baileys,Liqueur,0,820,820,0,8326
2026-05-10,Lobby Bar,Bombay Sapphire,Gin,0,2268,2268,0,7502
2026-05-10,Lobby Bar,Heineken,Beer,8450,7209,7209,0,1241
2026-05-10,Lobby Bar,Hennessy,Brandy,0,519,519,0,13729
2026-05-10,Lobby Bar,Jack Daniel's,Whisky,0,2141,2141,0,803
2026-05-10,Lobby Bar,Johnnie Walker Red,Whisky,0,2846,2846,0,7657
2026-05-10,Lobby Bar,Jose Cuervo,Tequila,0,0,1278,1278,0
2026-05-10,Lobby Bar,Kingfisher Premium,Beer,0,0,9629,9629,0
2026-05-10,Lobby Bar,Smirnoff Vodka,Vodka,0,3736,3736,0,5087
2026-05-10,Pool Bar,Bacardi White,Rum,0,2973,2973,0,872
2026-05-10,Pool Bar,Baileys,Liqueur,0,1151,1151,0,12073
2026-05-10,Pool Bar,Bombay Sapphire,Gin,0,3170,3170,0,6364
2026-05-10,Pool Bar,Heineken,Beer,0,0,6207,6207,0
2026-05-10,Pool Bar,Hennessy,Brandy,0,847,847,0,7165
2026-05-10,Pool Bar,Jack Daniel's,Whisky,0,2576,2576,0,4834
2026-05-10,Pool Bar,Johnnie Walker Red,Whisky,14250,3611,3611,0,15605
2026-05-10,Pool Bar,Jose Cuervo,Tequila,0,1944,1944,0,4244
2026-05-10,Pool Bar,Kingfisher Premium,Beer,10400,10400,11676,1276,0
2026-05-10,Pool Bar,Smirnoff Vodka,Vodka,0,0,3522,3522,0
2026-05-10,Rooftop Bar,Bacardi White,Rum,6750,3044,3044,0,3706
2026-05-10,Rooftop Bar,Baileys,Liqueur,0,1237,1237,0,5678
2026-05-10,Rooftop Bar,Bombay Sapphire,Gin,15000,3503,3503,0,12983
2026-05-10,Rooftop Bar,Heineken,Beer,0,0,12742,12742,0
2026-05-10,Rooftop Bar,Hennessy,Brandy,0,983,983,0,1401
2026-05-10,Rooftop Bar,Jack Daniel's,Whisky,0,2029,2029,0,1145
2026-05-10,Rooftop Bar,Johnnie Walker Red,Whisky,0,2277,5449,3172,0
2026-05-10,Rooftop Bar,Jose Cuervo,Tequila,0,2011,2011,0,7551
2026-05-10,Rooftop Bar,Kingfisher Premium,Beer,0,0,15857,15857,0
2026-05-10,Rooftop Bar,Smirnoff Vodka,Vodka,0,5568,5568,0,8566
2026-05-10,Sky Lounge,Bacardi White,Rum,11250,5970,5970,0,7603
2026-05-10,Sky Lounge,Baileys,Liqueur,0,1459,1459,0,6826
2026-05-10,Sky Lounge,Bombay Sapphire,Gin,0,3830,3861,31,2965
2026-05-10,Sky Lounge,Heineken,Beer,5850,5850,15496,9646,0
2026-05-10,Sky Lounge,Hennessy,Brandy,0,966,966,0,10231
2026-05-10,Sky Lounge,Jack Daniel's,Whisky,0,3569,3569,0,1152
2026-05-10,Sky Lounge,Johnnie Walker Red,Whisky,0,0,4410,4410,0
2026-05-10,Sky Lounge,Jose Cuervo,Tequila,0,2866,2866,0,13182
2026-05-10,Sky Lounge,Kingfisher Premium,Beer,0,0,11968,11968,0
2026-05-10,Sky Lounge,Smirnoff Vodka,Vodka,0,0,7551,7551,0
2026-05-11,Garden Bar,Bacardi White,Rum,0,1226,1226,0,3905
2026-05-11,Garden Bar,Baileys,Liqueur,0,554,554,0,5235
2026-05-11,Garden Bar,Bombay Sapphire,Gin,8250,1352,1352,0,6898
2026-05-11,Garden Bar,Heineken,Beer,5200,3636,3636,0,6555
2026-05-11,Garden Bar,Hennessy,Brandy,0,403,403,0,6213
2026-05-11,Garden Bar,Jack Daniel's,Whisky,0,1085,1085,0,978
2026-05-11,Garden Bar,Johnnie Walker Red,Whisky,0,1888,1888,0,11854
2026-05-11,Garden Bar,Jose Cuervo,Tequila,0,1069,1069,0,562
2026-05-11,Garden Bar,Kingfisher Premium,Beer,0,4238,7782,3544,2917
2026-05-11,Garden Bar,Smirnoff Vodka,Vodka,0,1860,2734,874,0
2026-05-11,Lobby Bar,Bacardi White,Rum,0,2086,2086,0,11466
2026-05-11,Lobby Bar,Baileys,Liqueur,0,496,496,0,7810
2026-05-11,Lobby Bar,Bombay Sapphire,Gin,0,1541,1541,0,5961
2026-05-11,Lobby Bar,Heineken,Beer,0,1241,5715,4474,0
2026-05-11,Lobby Bar,Hennessy,Brandy,0,415,415,0,12917
2026-05-11,Lobby Bar,Jack Daniel's,Whisky,0,223,1461,1238,0
2026-05-11,Lobby Bar,Johnnie Walker Red,Whisky,0,2215,2215,0,5442
2026-05-11,Lobby Bar,Jose Cuervo,Tequila,12750,928,928,0,11822
2026-05-11,Lobby Bar,Kingfisher Premium,Beer,8450,6194,6194,0,7217
2026-05-11,Lobby Bar,Smirnoff Vodka,Vodka,0,3069,3069,0,2018
2026-05-11,Pool Bar,Bacardi White,Rum,0,872,2498,1626,0
2026-05-11,Pool Bar,Baileys,Liqueur,0,616,616,0,10344
2026-05-11,Pool Bar,Bombay Sapphire,Gin,0,1928,1928,0,4423
2026-05-11,Pool Bar,Heineken,Beer,0,0,7679,7679,0
2026-05-11,Pool Bar,Hennessy,Brandy,0,574,574,0,6591
2026-05-11,Pool Bar,Jack Daniel's,Whisky,0,2152,2152,0,3397
2026-05-11,Pool Bar,Johnnie Walker Red,Whisky,0,3835,3835,0,8645
2026-05-11,Pool Bar,Jose Cuervo,Tequila,0,1152,1152,0,1700
2026-05-11,Pool Bar,Kingfisher Premium,Beer,10400,8876,8876,0,1524
2026-05-11,Pool Bar,Smirnoff Vodka,Vodka,9000,4028,4028,0,4972
2026-05-11,Rooftop Bar,Bacardi White,Rum,0,2955,2955,0,751
2026-05-11,Rooftop Bar,Baileys,Liqueur,0,1072,1072,0,4606
2026-05-11,Rooftop Bar,Bombay Sapphire,Gin,0,3032,3032,0,9721
2026-05-11,Rooftop Bar,Heineken,Beer,7150,7150,7750,600,3738
2026-05-11,Rooftop Bar,Hennessy,Brandy,0,789,789,0,1215
2026-05-11,Rooftop Bar,Jack Daniel's,Whisky,0,1145,2220,1075,0
2026-05-11,Rooftop Bar,Johnnie Walker Red,Whisky,0,0,3368,3368,0
2026-05-11,Rooftop Bar,Jose Cuervo,Tequila,0,1412,1412,0,5717
2026-05-11,Rooftop Bar,Kingfisher Premium,Beer,0,0,10463,10463,0
2026-05-11,Rooftop Bar,Smirnoff Vodka,Vodka,11250,4518,4518,0,12743
2026-05-11,Sky Lounge,Bacardi White,Rum,0,3879,3879,0,1401
2026-05-11,Sky Lounge,Baileys,Liqueur,0,0,0,0,6251
2026-05-11,Sky Lounge,Bombay Sapphire,Gin,0,0,2757,2757,0
2026-05-11,Sky Lounge,Heineken,Beer,0,0,9511,9511,0
2026-05-11,Sky Lounge,Hennessy,Brandy,0,846,846,0,9188
2026-05-11,Sky Lounge,Jack Daniel's,Whisky,10500,2188,2188,0,9464
2026-05-11,Sky Lounge,Johnnie Walker Red,Whisky,0,0,4344,4344,0
2026-05-11,Sky Lounge,Jose Cuervo,Tequila,0,1566,1566,0,11616
2026-05-11,Sky Lounge,Kingfisher Premium,Beer,0,0,10183,10183,0
2026-05-11,Sky Lounge,Smirnoff Vodka,Vodka,0,0,4144,4144,0
2026-05-12,Garden Bar,Bacardi White,Rum,0,1840,1840,0,1837
2026-05-12,Garden Bar,Baileys,Liqueur,0,663,663,0,4572
2026-05-12,Garden Bar,Bombay Sapphire,Gin,0,1384,1384,0,5514
2026-05-12,Garden Bar,Heineken,Beer,0,5359,5359,0,2467
2026-05-12,Garden Bar,Hennessy,Brandy,0,508,508,0,5766
2026-05-12,Garden Bar,Jack Daniel's,Whisky,0,747,983,236,0
2026-05-12,Garden Bar,Johnnie Walker Red,Whisky,0,1994,1994,0,8247
2026-05-12,Garden Bar,Jose Cuervo,Tequila,0,562,907,345,471
2026-05-12,Garden Bar,Kingfisher Premium,Beer,0,0,6061,6061,0
2026-05-12,Garden Bar,Smirnoff Vodka,Vodka,15000,2521,2521,0,12479
2026-05-12,Lobby Bar,Bacardi White,Rum,0,2655,2655,0,9509
2026-05-12,Lobby Bar,Baileys,Liqueur,0,540,540,0,6798
2026-05-12,Lobby Bar,Bombay Sapphire,Gin,0,1443,1443,0,4518
2026-05-12,Lobby Bar,Heineken,Beer,0,0,6329,6329,0
2026-05-12,Lobby Bar,Hennessy,Brandy,0,521,521,0,12895
2026-05-12,Lobby Bar,Jack Daniel's,Whisky,10500,1198,1198,0,9302
2026-05-12,Lobby Bar,Johnnie Walker Red,Whisky,0,1892,1892,0,3875
2026-05-12,Lobby Bar,Jose Cuervo,Tequila,0,1038,1038,0,10784
2026-05-12,Lobby Bar,Kingfisher Premium,Beer,0,2256,6952,4696,0
2026-05-12,Lobby Bar,Smirnoff Vodka,Vodka,0,2018,3022,1004,135
2026-05-12,Pool Bar,Bacardi White,Rum,9750,2741,2741,0,8478
2026-05-12,Pool Bar,Baileys,Liqueur,0,692,692,0,9652
2026-05-12,Pool Bar,Bombay Sapphire,Gin,0,2093,2093,0,1688
2026-05-12,Pool Bar,Heineken,Beer,0,0,6464,6464,0
2026-05-12,Pool Bar,Hennessy,Brandy,0,617,617,0,6172
2026-05-12,Pool Bar,Jack Daniel's,Whisky,0,1482,1482,0,1623
2026-05-12,Pool Bar,Johnnie Walker Red,Whisky,0,2554,2554,0,6091
2026-05-12,Pool Bar,Jose Cuervo,Tequila,0,1574,1574,0,126
2026-05-12,Pool Bar,Kingfisher Premium,Beer,0,1524,8014,6490,0
2026-05-12,Pool Bar,Smirnoff Vodka,Vodka,0,4179,4179,0,793
2026-05-12,Rooftop Bar,Bacardi White,Rum,8250,3097,3097,0,8432
2026-05-12,Rooftop Bar,Baileys,Liqueur,0,886,886,0,3720
2026-05-12,Rooftop Bar,Bombay Sapphire,Gin,0,3111,3111,0,5354
2026-05-12,Rooftop Bar,Heineken,Beer,0,0,7652,7652,0
2026-05-12,Rooftop Bar,Hennessy,Brandy,0,612,858,246,0
2026-05-12,Rooftop Bar,Jack Daniel's,Whisky,0,0,2551,2551,0
2026-05-12,Rooftop Bar,Johnnie Walker Red,Whisky,0,0,2869,2869,0
2026-05-12,Rooftop Bar,Jose Cuervo,Tequila,0,1296,1296,0,4666
2026-05-12,Rooftop Bar,Kingfisher Premium,Beer,11050,9259,9259,0,5077
2026-05-12,Rooftop Bar,Smirnoff Vodka,Vodka,0,4750,4750,0,11592
2026-05-12,Sky Lounge,Bacardi White,Rum,0,1401,3500,2099,776
2026-05-12,Sky Lounge,Baileys,Liqueur,0,1076,1076,0,5268
2026-05-12,Sky Lounge,Bombay Sapphire,Gin,0,0,3137,3137,0
2026-05-12,Sky Lounge,Heineken,Beer,0,0,8935,8935,0
2026-05-12,Sky Lounge,Hennessy,Brandy,0,0,0,0,9129
2026-05-12,Sky Lounge,Jack Daniel's,Whisky,0,1898,1898,0,7566
2026-05-12,Sky Lounge,Johnnie Walker Red,Whisky,0,0,3508,3508,0
2026-05-12,Sky Lounge,Jose Cuervo,Tequila,0,1763,1763,0,10405
2026-05-12,Sky Lounge,Kingfisher Premium,Beer,5850,5850,10877,5027,0
2026-05-12,Sky Lounge,Smirnoff Vodka,Vodka,0,0,4841,4841,0
2026-05-13,Garden Bar,Bacardi White,Rum,0,1837,1872,35,0
2026-05-13,Garden Bar,Baileys,Liqueur,0,646,646,0,3926
2026-05-13,Garden Bar,Bombay Sapphire,Gin,0,1571,1571,0,3943
2026-05-13,Garden Bar,Heineken,Beer,8450,5522,5522,0,4124
2026-05-13,Garden Bar,Hennessy,Brandy,0,484,484,0,5146
2026-05-13,Garden Bar,Jack Daniel's,Whisky,9000,1330,1330,0,7670
2026-05-13,Garden Bar,Johnnie Walker Red,Whisky,0,2747,2747,0,5500
2026-05-13,Garden Bar,Jose Cuervo,Tequila,0,0,766,766,0
2026-05-13,Garden Bar,Kingfisher Premium,Beer,0,0,6443,6443,0
2026-05-13,Garden Bar,Smirnoff Vodka,Vodka,0,2553,2553,0,9926
2026-05-13,Lobby Bar,Bacardi White,Rum,0,2690,2690,0,6121
2026-05-13,Lobby Bar,Baileys,Liqueur,0,764,764,0,6034
2026-05-13,Lobby Bar,Bombay Sapphire,Gin,0,1622,1622,0,2896
2026-05-13,Lobby Bar,Heineken,Beer,9750,6294,6294,0,7908
2026-05-13,Lobby Bar,Hennessy,Brandy,0,532,532,0,11864
2026-05-13,Lobby Bar,Jack Daniel's,Whisky,0,2268,2268,0,7034
2026-05-13,Lobby Bar,Johnnie Walker Red,Whisky,0,2382,2382,0,1997
2026-05-13,Lobby Bar,Jose Cuervo,Tequila,0,1283,1283,0,9501
2026-05-13,Lobby Bar,Kingfisher Premium,Beer,12350,6706,6706,0,5644
2026-05-13,Lobby Bar,Smirnoff Vodka,Vodka,15000,2714,2714,0,12286
2026-05-13,Pool Bar,Bacardi White,Rum,0,2179,2179,0,4830
2026-05-13,Pool Bar,Baileys,Liqueur,0,657,657,0,8995
2026-05-13,Pool Bar,Bombay Sapphire,Gin,0,517,2868,2351,0
2026-05-13,Pool Bar,Heineken,Beer,0,0,6441,6441,0
2026-05-13,Pool Bar,Hennessy,Brandy,0,731,731,0,5243
2026-05-13,Pool Bar,Jack Daniel's,Whisky,0,1200,1622,422,292
2026-05-13,Pool Bar,Johnnie Walker Red,Whisky,0,3345,3345,0,2746
2026-05-13,Pool Bar,Jose Cuervo,Tequila,0,126,1360,1234,0
2026-05-13,Pool Bar,Kingfisher Premium,Beer,9100,9100,12833,3733,407
2026-05-13,Pool Bar,Smirnoff Vodka,Vodka,0,793,3381,2588,0
2026-05-13,Rooftop Bar,Bacardi White,Rum,0,3565,3565,0,2617
2026-05-13,Rooftop Bar,Baileys,Liqueur,0,1114,1114,0,2606
2026-05-13,Rooftop Bar,Bombay Sapphire,Gin,0,2708,2708,0,3138
2026-05-13,Rooftop Bar,Heineken,Beer,10400,9654,9654,0,5708
2026-05-13,Rooftop Bar,Hennessy,Brandy,0,0,919,919,0
2026-05-13,Rooftop Bar,Jack Daniel's,Whisky,15750,2142,2142,0,13608
2026-05-13,Rooftop Bar,Johnnie Walker Red,Whisky,8250,4956,4956,0,3968
2026-05-13,Rooftop Bar,Jose Cuervo,Tequila,0,2205,2205,0,2216
2026-05-13,Rooftop Bar,Kingfisher Premium,Beer,5850,7641,10600,2959,6132
2026-05-13,Rooftop Bar,Smirnoff Vodka,Vodka,0,4750,4750,0,5972
2026-05-13,Sky Lounge,Bacardi White,Rum,0,0,3912,3912,0
2026-05-13,Sky Lounge,Baileys,Liqueur,0,1157,1157,0,4677
2026-05-13,Sky Lounge,Bombay Sapphire,Gin,0,0,3039,3039,0
2026-05-13,Sky Lounge,Heineken,Beer,0,0,12469,12469,0
2026-05-13,Sky Lounge,Hennessy,Brandy,0,706,706,0,8464
2026-05-13,Sky Lounge,Jack Daniel's,Whisky,0,2615,2615,0,4951
2026-05-13,Sky Lounge,Johnnie Walker Red,Whisky,10500,3786,3786,0,6714
2026-05-13,Sky Lounge,Jose Cuervo,Tequila,0,2207,2207,0,9487
2026-05-13,Sky Lounge,Kingfisher Premium,Beer,0,0,11321,11321,0
2026-05-13,Sky Lounge,Smirnoff Vodka,Vodka,0,0,6229,6229,0
2026-05-14,Garden Bar,Bacardi White,Rum,13500,2721,2721,0,12291
2026-05-14,Garden Bar,Baileys,Liqueur,0,681,681,0,3245
2026-05-14,Garden Bar,Bombay Sapphire,Gin,0,1831,1831,0,2308
2026-05-14,Garden Bar,Heineken,Beer,0,4124,5620,1496,0
2026-05-14,Garden Bar,Hennessy,Brandy,0,408,408,0,4776
2026-05-14,Garden Bar,Jack Daniel's,Whisky,0,1430,1430,0,6240
2026-05-14,Garden Bar,Johnnie Walker Red,Whisky,0,2404,2404,0,3804
2026-05-14,Garden Bar,Jose Cuervo,Tequila,0,0,1233,1233,0
2026-05-14,Garden Bar,Kingfisher Premium,Beer,8450,7120,7120,0,1330
2026-05-14,Garden Bar,Smirnoff Vodka,Vodka,0,2027,2027,0,7899
2026-05-14,Lobby Bar,Bacardi White,Rum,0,2413,2413,0,3708
2026-05-14,Lobby Bar,Baileys,Liqueur,0,677,677,0,5357
2026-05-14,Lobby Bar,Bombay Sapphire,Gin,13500,2138,2138,0,14258
2026-05-14,Lobby Bar,Heineken,Beer,0,3456,6881,3425,0
2026-05-14,Lobby Bar,Hennessy,Brandy,0,0,0,0,11864
2026-05-14,Lobby Bar,Jack Daniel's,Whisky,0,1429,1429,0,5605
2026-05-14,Lobby Bar,Johnnie Walker Red,Whisky,6000,3360,3360,0,6473
2026-05-14,Lobby Bar,Jose Cuervo,Tequila,0,1023,1023,0,8478
2026-05-14,Lobby Bar,Kingfisher Premium,Beer,0,5644,7819,2175,0
2026-05-14,Lobby Bar,Smirnoff Vodka,Vodka,0,3660,3660,0,8626
2026-05-14,Pool Bar,Bacardi White,Rum,0,2506,2506,0,2324
2026-05-14,Pool Bar,Baileys,Liqueur,0,943,943,0,8052
2026-05-14,Pool Bar,Bombay Sapphire,Gin,0,0,2546,2546,0
2026-05-14,Pool Bar,Heineken,Beer,0,0,7544,7544,0
2026-05-14,Pool Bar,Hennessy,Brandy,0,610,610,0,4947
2026-05-14,Pool Bar,Jack Daniel's,Whisky,0,0,2322,2322,0
2026-05-14,Pool Bar,Johnnie Walker Red,Whisky,13500,3267,3267,0,15949
2026-05-14,Pool Bar,Jose Cuervo,Tequila,9000,1380,1380,0,7620
2026-05-14,Pool Bar,Kingfisher Premium,Beer,11050,11050,11137,87,0
2026-05-14,Pool Bar,Smirnoff Vodka,Vodka,12000,4315,4315,0,10130
2026-05-14,Rooftop Bar,Bacardi White,Rum,0,2339,4104,1765,0
2026-05-14,Rooftop Bar,Baileys,Liqueur,0,982,982,0,2063
2026-05-14,Rooftop Bar,Bombay Sapphire,Gin,15750,4079,4079,0,17790
2026-05-14,Rooftop Bar,Heineken,Beer,0,746,9607,8861,0
2026-05-14,Rooftop Bar,Hennessy,Brandy,0,0,1045,1045,0
2026-05-14,Rooftop Bar,Jack Daniel's,Whisky,0,2390,2390,0,11218
2026-05-14,Rooftop Bar,Johnnie Walker Red,Whisky,9000,4314,4314,0,10427
2026-05-14,Rooftop Bar,Jose Cuervo,Tequila,0,2039,2039,0,177
2026-05-14,Rooftop Bar,Kingfisher Premium,Beer,0,0,11840,11840,0
2026-05-14,Rooftop Bar,Smirnoff Vodka,Vodka,0,3243,6516,3273,0
2026-05-14,Sky Lounge,Bacardi White,Rum,9750,3477,3477,0,9260
2026-05-14,Sky Lounge,Baileys,Liqueur,0,1191,1191,0,3227
2026-05-14,Sky Lounge,Bombay Sapphire,Gin,6000,3283,3283,0,2717
2026-05-14,Sky Lounge,Heineken,Beer,0,0,11099,11099,0
2026-05-14,Sky Lounge,Hennessy,Brandy,0,1052,1052,0,8110
2026-05-14,Sky Lounge,Jack Daniel's,Whisky,0,3340,3340,0,1611
2026-05-14,Sky Lounge,Johnnie Walker Red,Whisky,0,5253,5253,0,4647
2026-05-14,Sky Lounge,Jose Cuervo,Tequila,0,1257,1257,0,7367
2026-05-14,Sky Lounge,Kingfisher Premium,Beer,0,0,10910,10910,0
2026-05-14,Sky Lounge,Smirnoff Vodka,Vodka,15750,5930,5930,0,15438
2026-05-15,Garden Bar,Bacardi White,Rum,0,2598,2598,0,8181
2026-05-15,Garden Bar,Baileys,Liqueur,0,708,708,0,2537
2026-05-15,Garden Bar,Bombay Sapphire,Gin,0,2106,2106,0,845
2026-05-15,Garden Bar,Heineken,Beer,0,0,6393,6393,0
2026-05-15,Garden Bar,Hennessy,Brandy,0,687,687,0,3850
2026-05-15,Garden Bar,Jack Daniel's,Whisky,0,2161,2161,0,4079
2026-05-15,Garden Bar,Johnnie Walker Red,Whisky,0,3096,3113,17,2440
2026-05-15,Garden Bar,Jose Cuervo,Tequila,0,0,1538,1538,0
2026-05-15,Garden Bar,Kingfisher Premium,Beer,7800,9130,10554,1424,0
2026-05-15,Garden Bar,Smirnoff Vodka,Vodka,0,3672,3672,0,6822
2026-05-15,Lobby Bar,Bacardi White,Rum,0,3455,3455,0,2747
2026-05-15,Lobby Bar,Baileys,Liqueur,0,1149,1149,0,4743
2026-05-15,Lobby Bar,Bombay Sapphire,Gin,0,2175,2175,0,12083
2026-05-15,Lobby Bar,Heineken,Beer,0,0,8909,8909,0
2026-05-15,Lobby Bar,Hennessy,Brandy,0,966,966,0,11220
2026-05-15,Lobby Bar,Jack Daniel's,Whisky,0,2319,2319,0,3286
2026-05-15,Lobby Bar,Johnnie Walker Red,Whisky,0,3808,3812,4,1517
2026-05-15,Lobby Bar,Jose Cuervo,Tequila,0,1568,1568,0,6910
2026-05-15,Lobby Bar,Kingfisher Premium,Beer,0,0,12940,12940,0
2026-05-15,Lobby Bar,Smirnoff Vodka,Vodka,0,5606,5606,0,5555
2026-05-15,Pool Bar,Bacardi White,Rum,0,2324,3398,1074,0
2026-05-15,Pool Bar,Baileys,Liqueur,0,1090,1090,0,6962
2026-05-15,Pool Bar,Bombay Sapphire,Gin,0,0,2395,2395,0
2026-05-15,Pool Bar,Heineken,Beer,0,0,10634,10634,0
2026-05-15,Pool Bar,Hennessy,Brandy,0,739,739,0,4245
2026-05-15,Pool Bar,Jack Daniel's,Whisky,0,0,3214,3214,0
2026-05-15,Pool Bar,Johnnie Walker Red,Whisky,0,4739,4739,0,9829
2026-05-15,Pool Bar,Jose Cuervo,Tequila,0,1941,1941,0,6476
2026-05-15,Pool Bar,Kingfisher Premium,Beer,11050,11050,11901,851,5769
2026-05-15,Pool Bar,Smirnoff Vodka,Vodka,0,4823,4823,0,5113
2026-05-15,Rooftop Bar,Bacardi White,Rum,0,0,6252,6252,0
2026-05-15,Rooftop Bar,Baileys,Liqueur,0,1245,1245,0,778
2026-05-15,Rooftop Bar,Bombay Sapphire,Gin,0,3266,3266,0,12430
2026-05-15,Rooftop Bar,Heineken,Beer,0,0,11216,11216,0
2026-05-15,Rooftop Bar,Hennessy,Brandy,13300,1340,1340,0,11960
2026-05-15,Rooftop Bar,Jack Daniel's,Whisky,0,3555,3555,0,7663
2026-05-15,Rooftop Bar,Johnnie Walker Red,Whisky,0,7530,7530,0,450
2026-05-15,Rooftop Bar,Jose Cuervo,Tequila,13500,2626,2626,0,11818
2026-05-15,Rooftop Bar,Kingfisher Premium,Beer,0,0,19731,19731,0
2026-05-15,Rooftop Bar,Smirnoff Vodka,Vodka,0,0,6937,6937,0
2026-05-15,Sky Lounge,Bacardi White,Rum,0,6047,6047,0,3118
2026-05-15,Sky Lounge,Baileys,Liqueur,0,1724,1724,0,1796
2026-05-15,Sky Lounge,Bombay Sapphire,Gin,7500,4688,4688,0,6153
2026-05-15,Sky Lounge,Heineken,Beer,0,0,14529,14529,0
2026-05-15,Sky Lounge,Hennessy,Brandy,0,1326,1326,0,7224
2026-05-15,Sky Lounge,Jack Daniel's,Whisky,0,1611,3304,1693,0
2026-05-15,Sky Lounge,Johnnie Walker Red,Whisky,13500,7306,7306,0,7655
2026-05-15,Sky Lounge,Jose Cuervo,Tequila,0,3187,3187,0,3202
2026-05-15,Sky Lounge,Kingfisher Premium,Beer,0,0,14571,14571,0
2026-05-15,Sky Lounge,Smirnoff Vodka,Vodka,0,6562,6562,0,3258
2026-05-16,Garden Bar,Bacardi White,Rum,0,3867,3867,0,4314
2026-05-16,Garden Bar,Baileys,Liqueur,0,931,931,0,2300
2026-05-16,Garden Bar,Bombay Sapphire,Gin,8250,2627,2627,0,6039
2026-05-16,Garden Bar,Heineken,Beer,5850,5850,8957,3107,1937
2026-05-16,Garden Bar,Hennessy,Brandy,0,0,0,0,3850
2026-05-16,Garden Bar,Jack Daniel's,Whisky,0,2376,2376,0,1752
2026-05-16,Garden Bar,Johnnie Walker Red,Whisky,0,0,3580,3580,0
2026-05-16,Garden Bar,Jose Cuervo,Tequila,9750,1761,1761,0,7989
2026-05-16,Garden Bar,Kingfisher Premium,Beer,0,0,8063,8063,0
2026-05-16,Garden Bar,Smirnoff Vodka,Vodka,9000,5203,5203,0,8024
2026-05-16,Lobby Bar,Bacardi White,Rum,9750,4084,4084,0,5919
2026-05-16,Lobby Bar,Baileys,Liqueur,0,1101,1101,0,3712
2026-05-16,Lobby Bar,Bombay Sapphire,Gin,0,3381,3381,0,8702
2026-05-16,Lobby Bar,Heineken,Beer,7150,7150,10143,2993,0
2026-05-16,Lobby Bar,Hennessy,Brandy,0,991,991,0,9907
2026-05-16,Lobby Bar,Jack Daniel's,Whisky,0,2607,2607,0,679
2026-05-16,Lobby Bar,Johnnie Walker Red,Whisky,0,0,4742,4742,0
2026-05-16,Lobby Bar,Jose Cuervo,Tequila,0,1798,1798,0,6260
2026-05-16,Lobby Bar,Kingfisher Premium,Beer,0,0,11389,11389,0
2026-05-16,Lobby Bar,Smirnoff Vodka,Vodka,0,3020,5627,2607,225
2026-05-16,Pool Bar,Bacardi White,Rum,0,0,4654,4654,0
2026-05-16,Pool Bar,Baileys,Liqueur,0,1708,1708,0,6057
2026-05-16,Pool Bar,Bombay Sapphire,Gin,15000,3661,3661,0,11895
2026-05-16,Pool Bar,Heineken,Beer,6500,6500,13441,6941,0
2026-05-16,Pool Bar,Hennessy,Brandy,0,1080,1080,0,2814
2026-05-16,Pool Bar,Jack Daniel's,Whisky,14250,2777,2777,0,11473
2026-05-16,Pool Bar,Johnnie Walker Red,Whisky,0,6219,6219,0,3285
2026-05-16,Pool Bar,Jose Cuervo,Tequila,0,1900,1900,0,5364
2026-05-16,Pool Bar,Kingfisher Premium,Beer,0,0,15952,15952,0
2026-05-16,Pool Bar,Smirnoff Vodka,Vodka,0,2862,5135,2273,0
2026-05-16,Rooftop Bar,Bacardi White,Rum,0,0,6113,6113,0
2026-05-16,Rooftop Bar,Baileys,Liqueur,14250,2171,2171,0,12458
2026-05-16,Rooftop Bar,Bombay Sapphire,Gin,0,4203,4203,0,6848
2026-05-16,Rooftop Bar,Heineken,Beer,10400,10400,12728,2328,0
2026-05-16,Rooftop Bar,Hennessy,Brandy,0,1318,1318,0,10642
2026-05-16,Rooftop Bar,Jack Daniel's,Whisky,0,3650,3650,0,4013
2026-05-16,Rooftop Bar,Johnnie Walker Red,Whisky,0,450,7245,6795,0
2026-05-16,Rooftop Bar,Jose Cuervo,Tequila,0,2528,2528,0,8523
2026-05-16,Rooftop Bar,Kingfisher Premium,Beer,10400,10400,19934,9534,0
2026-05-16,Rooftop Bar,Smirnoff Vodka,Vodka,11250,7560,7560,0,8819
2026-05-16,Sky Lounge,Bacardi White,Rum,0,226,6656,6430,0
2026-05-16,Sky Lounge,Baileys,Liqueur,0,1103,1450,347,0
2026-05-16,Sky Lounge,Bombay Sapphire,Gin,0,5529,6367,838,2419
2026-05-16,Sky Lounge,Heineken,Beer,9750,9750,11717,1967,0
2026-05-16,Sky Lounge,Hennessy,Brandy,0,1773,1773,0,4272
2026-05-16,Sky Lounge,Jack Daniel's,Whisky,12750,4052,4052,0,12054
2026-05-16,Sky Lounge,Johnnie Walker Red,Whisky,0,7655,7818,163,4063
2026-05-16,Sky Lounge,Jose Cuervo,Tequila,0,3202,3867,665,0
2026-05-16,Sky Lounge,Kingfisher Premium,Beer,0,0,24128,24128,0
2026-05-16,Sky Lounge,Smirnoff Vodka,Vodka,12750,7335,7335,0,8673
2026-05-17,Garden Bar,Bacardi White,Rum,0,2217,2217,0,3880
2026-05-17,Garden Bar,Baileys,Liqueur,0,619,619,0,987
2026-05-17,Garden Bar,Bombay Sapphire,Gin,0,1393,1393,0,4392
2026-05-17,Garden Bar,Heineken,Beer,9750,5204,5204,0,9349
2026-05-17,Garden Bar,Hennessy,Brandy,0,719,719,0,3131
2026-05-17,Garden Bar,Jack Daniel's,Whisky,0,1521,1521,0,978
2026-05-17,Garden Bar,Johnnie Walker Red,Whisky,14250,2343,2343,0,11907
2026-05-17,Garden Bar,Jose Cuervo,Tequila,0,1003,1003,0,6986
2026-05-17,Garden Bar,Kingfisher Premium,Beer,10400,4843,4843,0,7540
2026-05-17,Garden Bar,Smirnoff Vodka,Vodka,0,3385,3385,0,4639
2026-05-17,Lobby Bar,Bacardi White,Rum,0,2850,2850,0,4566
2026-05-17,Lobby Bar,Baileys,Liqueur,0,734,734,0,3029
2026-05-17,Lobby Bar,Bombay Sapphire,Gin,0,1920,1920,0,7776
2026-05-17,Lobby Bar,Heineken,Beer,13650,8142,8142,0,10839
2026-05-17,Lobby Bar,Hennessy,Brandy,0,634,634,0,9273
2026-05-17,Lobby Bar,Jack Daniel's,Whisky,9000,1998,1998,0,7681
2026-05-17,Lobby Bar,Johnnie Walker Red,Whisky,0,0,2771,2771,0
2026-05-17,Lobby Bar,Jose Cuervo,Tequila,0,1533,1533,0,3579
2026-05-17,Lobby Bar,Kingfisher Premium,Beer,7150,7150,9441,2291,5367
2026-05-17,Lobby Bar,Smirnoff Vodka,Vodka,8250,3828,3828,0,5464
2026-05-17,Pool Bar,Bacardi White,Rum,0,0,3001,3001,0
2026-05-17,Pool Bar,Baileys,Liqueur,0,1055,1055,0,4199
2026-05-17,Pool Bar,Bombay Sapphire,Gin,0,2419,2419,0,9542
2026-05-17,Pool Bar,Heineken,Beer,12350,10952,10952,0,1398
2026-05-17,Pool Bar,Hennessy,Brandy,0,865,865,0,2407
2026-05-17,Pool Bar,Jack Daniel's,Whisky,0,1932,1932,0,9541
2026-05-17,Pool Bar,Johnnie Walker Red,Whisky,0,2021,4630,2609,0
2026-05-17,Pool Bar,Jose Cuervo,Tequila,0,1513,1513,0,2915
2026-05-17,Pool Bar,Kingfisher Premium,Beer,0,0,11016,11016,0
2026-05-17,Pool Bar,Smirnoff Vodka,Vodka,12750,5846,5846,0,6904
2026-05-17,Rooftop Bar,Bacardi White,Rum,12750,3685,3685,0,9065
2026-05-17,Rooftop Bar,Baileys,Liqueur,0,1378,1378,0,11080
2026-05-17,Rooftop Bar,Bombay Sapphire,Gin,0,3848,3848,0,6211
2026-05-17,Rooftop Bar,Heineken,Beer,0,0,12279,12279,0
2026-05-17,Rooftop Bar,Hennessy,Brandy,0,773,773,0,9869
2026-05-17,Rooftop Bar,Jack Daniel's,Whisky,0,2820,2820,0,1860
2026-05-17,Rooftop Bar,Johnnie Walker Red,Whisky,0,0,4504,4504,0
2026-05-17,Rooftop Bar,Jose Cuervo,Tequila,0,2093,2093,0,6936
2026-05-17,Rooftop Bar,Kingfisher Premium,Beer,0,0,16179,16179,0
2026-05-17,Rooftop Bar,Smirnoff Vodka,Vodka,0,3690,6058,2368,0
2026-05-17,Sky Lounge,Bacardi White,Rum,6000,5699,5699,0,2497
2026-05-17,Sky Lounge,Baileys,Liqueur,15750,0,0,0,15750
2026-05-17,Sky Lounge,Bombay Sapphire,Gin,0,0,3240,3240,0
2026-05-17,Sky Lounge,Heineken,Beer,0,0,12791,12791,0
2026-05-17,Sky Lounge,Hennessy,Brandy,0,920,920,0,3352
2026-05-17,Sky Lounge,Jack Daniel's,Whisky,0,2414,2414,0,6284
2026-05-17,Sky Lounge,Johnnie Walker Red,Whisky,8250,4829,4829,0,3421
2026-05-17,Sky Lounge,Jose Cuervo,Tequila,0,0,2312,2312,0
2026-05-17,Sky Lounge,Kingfisher Premium,Beer,0,0,17165,17165,0
2026-05-17,Sky Lounge,Smirnoff Vodka,Vodka,10500,6583,6583,0,12590
2026-05-18,Garden Bar,Bacardi White,Rum,0,1232,1232,0,865
2026-05-18,Garden Bar,Baileys,Liqueur,0,589,589,0,398
2026-05-18,Garden Bar,Bombay Sapphire,Gin,0,1213,1213,0,3023
2026-05-18,Garden Bar,Heineken,Beer,13650,3953,3953,0,14243
2026-05-18,Garden Bar,Hennessy,Brandy,0,0,0,0,3131
2026-05-18,Garden Bar,Jack Daniel's,Whisky,15000,1205,1205,0,14891
2026-05-18,Garden Bar,Johnnie Walker Red,Whisky,0,1961,1961,0,9946
2026-05-18,Garden Bar,Jose Cuervo,Tequila,0,903,903,0,6083
2026-05-18,Garden Bar,Kingfisher Premium,Beer,0,4213,4213,0,4224
2026-05-18,Garden Bar,Smirnoff Vodka,Vodka,0,2475,2475,0,3387
2026-05-18,Lobby Bar,Bacardi White,Rum,0,1661,1661,0,1408
2026-05-18,Lobby Bar,Baileys,Liqueur,0,569,569,0,2218
2026-05-18,Lobby Bar,Bombay Sapphire,Gin,0,1462,1462,0,5655
2026-05-18,Lobby Bar,Heineken,Beer,0,5508,6492,984,0
2026-05-18,Lobby Bar,Hennessy,Brandy,0,309,309,0,8964
2026-05-18,Lobby Bar,Jack Daniel's,Whisky,0,1603,1603,0,6078
2026-05-18,Lobby Bar,Johnnie Walker Red,Whisky,13500,2083,2083,0,11417
2026-05-18,Lobby Bar,Jose Cuervo,Tequila,0,1224,1224,0,2355
2026-05-18,Lobby Bar,Kingfisher Premium,Beer,0,0,7151,7151,0
2026-05-18,Lobby Bar,Smirnoff Vodka,Vodka,0,2522,2522,0,3091
2026-05-18,Pool Bar,Bacardi White,Rum,0,0,2457,2457,0
2026-05-18,Pool Bar,Baileys,Liqueur,0,732,732,0,3944
2026-05-18,Pool Bar,Bombay Sapphire,Gin,0,1885,1885,0,8533
2026-05-18,Pool Bar,Heineken,Beer,0,1398,5175,3777,0
2026-05-18,Pool Bar,Hennessy,Brandy,0,508,508,0,1633
2026-05-18,Pool Bar,Jack Daniel's,Whisky,0,746,746,0,8795
2026-05-18,Pool Bar,Johnnie Walker Red,Whisky,0,0,3058,3058,0
2026-05-18,Pool Bar,Jose Cuervo,Tequila,0,1416,1416,0,850
2026-05-18,Pool Bar,Kingfisher Premium,Beer,0,0,9345,9345,0
2026-05-18,Pool Bar,Smirnoff Vodka,Vodka,0,3394,3394,0,3510
2026-05-18,Rooftop Bar,Bacardi White,Rum,0,2737,2737,0,7277
2026-05-18,Rooftop Bar,Baileys,Liqueur,0,944,944,0,10136
2026-05-18,Rooftop Bar,Bombay Sapphire,Gin,0,2711,2711,0,289
2026-05-18,Rooftop Bar,Heineken,Beer,0,0,7959,7959,0
2026-05-18,Rooftop Bar,Hennessy,Brandy,0,637,637,0,9573
2026-05-18,Rooftop Bar,Jack Daniel's,Whisky,0,1193,2192,999,0
2026-05-18,Rooftop Bar,Johnnie Walker Red,Whisky,7500,3202,3202,0,4298
2026-05-18,Rooftop Bar,Jose Cuervo,Tequila,0,1352,1352,0,5078
2026-05-18,Rooftop Bar,Kingfisher Premium,Beer,0,0,13162,13162,0
2026-05-18,Rooftop Bar,Smirnoff Vodka,Vodka,0,0,4694,4694,0
2026-05-18,Sky Lounge,Bacardi White,Rum,0,301,2851,2550,0
2026-05-18,Sky Lounge,Baileys,Liqueur,0,1081,1081,0,14669
2026-05-18,Sky Lounge,Bombay Sapphire,Gin,13500,3066,3066,0,13221
2026-05-18,Sky Lounge,Heineken,Beer,0,0,8446,8446,0
2026-05-18,Sky Lounge,Hennessy,Brandy,0,556,556,0,2796
2026-05-18,Sky Lounge,Jack Daniel's,Whisky,0,2901,2901,0,5427
2026-05-18,Sky Lounge,Johnnie Walker Red,Whisky,0,3421,4765,1344,0
2026-05-18,Sky Lounge,Jose Cuervo,Tequila,0,0,1991,1991,0
2026-05-18,Sky Lounge,Kingfisher Premium,Beer,12350,12350,13138,788,0
2026-05-18,Sky Lounge,Smirnoff Vodka,Vodka,0,4855,4855,0,11612
2026-05-19,Garden Bar,Bacardi White,Rum,0,865,1852,987,0
2026-05-19,Garden Bar,Baileys,Liqueur,0,398,549,151,31
2026-05-19,Garden Bar,Bombay Sapphire,Gin,0,1366,1366,0,2294
2026-05-19,Garden Bar,Heineken,Beer,0,5552,5552,0,8691
2026-05-19,Garden Bar,Hennessy,Brandy,0,448,448,0,2683
2026-05-19,Garden Bar,Jack Daniel's,Whisky,0,1313,1313,0,13187
2026-05-19,Garden Bar,Johnnie Walker Red,Whisky,0,2015,2015,0,7931
2026-05-19,Garden Bar,Jose Cuervo,Tequila,0,791,791,0,5292
2026-05-19,Garden Bar,Kingfisher Premium,Beer,0,1344,7732,6388,0
2026-05-19,Garden Bar,Smirnoff Vodka,Vodka,8250,2318,2318,0,9672
2026-05-19,Lobby Bar,Bacardi White,Rum,0,1355,1355,0,53
2026-05-19,Lobby Bar,Baileys,Liqueur,0,620,620,0,1553
2026-05-19,Lobby Bar,Bombay Sapphire,Gin,0,1700,1700,0,3620
2026-05-19,Lobby Bar,Heineken,Beer,0,0,6211,6211,0
2026-05-19,Lobby Bar,Hennessy,Brandy,0,0,0,0,8964
2026-05-19,Lobby Bar,Jack Daniel's,Whisky,0,1592,1592,0,5327
2026-05-19,Lobby Bar,Johnnie Walker Red,Whisky,0,1952,1952,0,9465
2026-05-19,Lobby Bar,Jose Cuervo,Tequila,0,876,876,0,1716
2026-05-19,Lobby Bar,Kingfisher Premium,Beer,12350,7356,7356,0,7619
2026-05-19,Lobby Bar,Smirnoff Vodka,Vodka,0,1900,3844,1944,387
2026-05-19,Pool Bar,Bacardi White,Rum,0,0,2251,2251,0
2026-05-19,Pool Bar,Baileys,Liqueur,0,827,827,0,2640
2026-05-19,Pool Bar,Bombay Sapphire,Gin,0,1790,1790,0,5727
2026-05-19,Pool Bar,Heineken,Beer,0,0,5419,5419,0
2026-05-19,Pool Bar,Hennessy,Brandy,0,610,610,0,1099
2026-05-19,Pool Bar,Jack Daniel's,Whisky,0,1628,1628,0,7167
2026-05-19,Pool Bar,Johnnie Walker Red,Whisky,15750,3005,3005,0,12745
2026-05-19,Pool Bar,Jose Cuervo,Tequila,0,850,1356,506,0
2026-05-19,Pool Bar,Kingfisher Premium,Beer,12350,7419,7419,0,4931
2026-05-19,Pool Bar,Smirnoff Vodka,Vodka,9000,3348,3348,0,9162
2026-05-19,Rooftop Bar,Bacardi White,Rum,0,3137,3137,0,3191
2026-05-19,Rooftop Bar,Baileys,Liqueur,0,811,811,0,9796
2026-05-19,Rooftop Bar,Bombay Sapphire,Gin,14250,2841,2841,0,13324
2026-05-19,Rooftop Bar,Heineken,Beer,0,0,9324,9324,0
2026-05-19,Rooftop Bar,Hennessy,Brandy,0,858,858,0,8374
2026-05-19,Rooftop Bar,Jack Daniel's,Whisky,0,0,1658,1658,0
2026-05-19,Rooftop Bar,Johnnie Walker Red,Whisky,0,3930,3930,0,368
2026-05-19,Rooftop Bar,Jose Cuervo,Tequila,0,979,979,0,4444
2026-05-19,Rooftop Bar,Kingfisher Premium,Beer,9750,9750,11166,1416,1056
2026-05-19,Rooftop Bar,Smirnoff Vodka,Vodka,0,0,4642,4642,0
2026-05-19,Sky Lounge,Bacardi White,Rum,0,0,4296,4296,0
2026-05-19,Sky Lounge,Baileys,Liqueur,0,1102,1102,0,13624
2026-05-19,Sky Lounge,Bombay Sapphire,Gin,0,3228,3228,0,8726
2026-05-19,Sky Lounge,Heineken,Beer,0,0,8611,8611,0
2026-05-19,Sky Lounge,Hennessy,Brandy,0,910,910,0,2405
2026-05-19,Sky Lounge,Jack Daniel's,Whisky,0,2864,2864,0,931
2026-05-19,Sky Lounge,Johnnie Walker Red,Whisky,9750,4066,4066,0,5684
2026-05-19,Sky Lounge,Jose Cuervo,Tequila,0,0,1722,1722,0
2026-05-19,Sky Lounge,Kingfisher Premium,Beer,0,0,13503,13503,0
2026-05-19,Sky Lounge,Smirnoff Vodka,Vodka,0,5580,5580,0,2155
2026-05-20,Garden Bar,Bacardi White,Rum,0,0,1592,1592,0
2026-05-20,Garden Bar,Baileys,Liqueur,0,0,571,571,0
2026-05-20,Garden Bar,Bombay Sapphire,Gin,0,1657,1821,164,1371
2026-05-20,Garden Bar,Heineken,Beer,0,4948,4948,0,3743
2026-05-20,Garden Bar,Hennessy,Brandy,0,532,532,0,2324
2026-05-20,Garden Bar,Jack Daniel's,Whisky,0,1388,1388,0,12434
2026-05-20,Garden Bar,Johnnie Walker Red,Whisky,0,1936,1936,0,6589
2026-05-20,Garden Bar,Jose Cuervo,Tequila,0,897,897,0,4395
2026-05-20,Garden Bar,Kingfisher Premium,Beer,0,0,7581,7581,0
2026-05-20,Garden Bar,Smirnoff Vodka,Vodka,0,2888,2888,0,5208
2026-05-20,Lobby Bar,Bacardi White,Rum,0,53,2365,2312,0
2026-05-20,Lobby Bar,Baileys,Liqueur,0,711,711,0,742
2026-05-20,Lobby Bar,Bombay Sapphire,Gin,0,1510,1510,0,2110
2026-05-20,Lobby Bar,Heineken,Beer,0,0,6221,6221,0
2026-05-20,Lobby Bar,Hennessy,Brandy,0,442,442,0,8522
2026-05-20,Lobby Bar,Jack Daniel's,Whisky,0,1808,1808,0,2678
2026-05-20,Lobby Bar,Johnnie Walker Red,Whisky,0,2333,2333,0,7132
2026-05-20,Lobby Bar,Jose Cuervo,Tequila,11250,956,956,0,11773
2026-05-20,Lobby Bar,Kingfisher Premium,Beer,5200,8256,8256,0,1938
2026-05-20,Lobby Bar,Smirnoff Vodka,Vodka,8250,2515,2515,0,5735
2026-05-20,Pool Bar,Bacardi White,Rum,0,0,3047,3047,0
2026-05-20,Pool Bar,Baileys,Liqueur,0,0,0,0,2640
2026-05-20,Pool Bar,Bombay Sapphire,Gin,0,1758,1758,0,3487
2026-05-20,Pool Bar,Heineken,Beer,0,0,5597,5597,0
2026-05-20,Pool Bar,Hennessy,Brandy,12600,714,714,0,13235
2026-05-20,Pool Bar,Jack Daniel's,Whisky,0,2276,2276,0,5459
2026-05-20,Pool Bar,Johnnie Walker Red,Whisky,0,2153,2153,0,11560
2026-05-20,Pool Bar,Jose Cuervo,Tequila,6000,1299,1299,0,4701
2026-05-20,Pool Bar,Kingfisher Premium,Beer,0,4931,11799,6868,0
2026-05-20,Pool Bar,Smirnoff Vodka,Vodka,0,4508,4508,0,4654
2026-05-20,Rooftop Bar,Bacardi White,Rum,0,3191,4360,1169,0
2026-05-20,Rooftop Bar,Baileys,Liqueur,0,1162,1162,0,8163
2026-05-20,Rooftop Bar,Bombay Sapphire,Gin,0,3206,3206,0,10915
2026-05-20,Rooftop Bar,Heineken,Beer,0,0,9486,9486,0
2026-05-20,Rooftop Bar,Hennessy,Brandy,0,859,859,0,7515
2026-05-20,Rooftop Bar,Jack Daniel's,Whisky,11250,2772,2772,0,8958
2026-05-20,Rooftop Bar,Johnnie Walker Red,Whisky,0,368,3846,3478,0
2026-05-20,Rooftop Bar,Jose Cuervo,Tequila,0,1851,1851,0,2248
2026-05-20,Rooftop Bar,Kingfisher Premium,Beer,0,0,11194,11194,0
2026-05-20,Rooftop Bar,Smirnoff Vodka,Vodka,0,0,4544,4544,0
2026-05-20,Sky Lounge,Bacardi White,Rum,0,0,2588,2588,0
2026-05-20,Sky Lounge,Baileys,Liqueur,0,1230,1230,0,12337
2026-05-20,Sky Lounge,Bombay Sapphire,Gin,0,3418,3418,0,6844
2026-05-20,Sky Lounge,Heineken,Beer,0,0,9161,9161,0
2026-05-20,Sky Lounge,Hennessy,Brandy,0,0,0,0,1886
2026-05-20,Sky Lounge,Jack Daniel's,Whisky,0,519,2488,1969,0
2026-05-20,Sky Lounge,Johnnie Walker Red,Whisky,0,5242,5242,0,442
2026-05-20,Sky Lounge,Jose Cuervo,Tequila,9750,2085,2085,0,9173
2026-05-20,Sky Lounge,Kingfisher Premium,Beer,8450,8450,10575,2125,0
2026-05-20,Sky Lounge,Smirnoff Vodka,Vodka,0,2155,4543,2388,0
2026-05-21,Garden Bar,Bacardi White,Rum,0,0,2245,2245,0
2026-05-21,Garden Bar,Baileys,Liqueur,9000,526,526,0,8968
2026-05-21,Garden Bar,Bombay Sapphire,Gin,15000,1666,1666,0,14821
2026-05-21,Garden Bar,Heineken,Beer,9750,6647,6647,0,7404
2026-05-21,Garden Bar,Hennessy,Brandy,0,0,0,0,2151
2026-05-21,Garden Bar,Jack Daniel's,Whisky,0,1714,1714,0,9816
2026-05-21,Garden Bar,Johnnie Walker Red,Whisky,0,2483,2483,0,3512
2026-05-21,Garden Bar,Jose Cuervo,Tequila,0,964,964,0,4297
2026-05-21,Garden Bar,Kingfisher Premium,Beer,0,0,8110,8110,0
2026-05-21,Garden Bar,Smirnoff Vodka,Vodka,0,3594,3594,0,1614
2026-05-21,Lobby Bar,Bacardi White,Rum,0,0,2591,2591,0
2026-05-21,Lobby Bar,Baileys,Liqueur,15750,591,591,0,15828
2026-05-21,Lobby Bar,Bombay Sapphire,Gin,15750,2245,2245,0,15615
2026-05-21,Lobby Bar,Heineken,Beer,0,0,4447,4447,0
2026-05-21,Lobby Bar,Hennessy,Brandy,0,488,488,0,8034
2026-05-21,Lobby Bar,Jack Daniel's,Whisky,0,1463,1463,0,1215
2026-05-21,Lobby Bar,Johnnie Walker Red,Whisky,0,3286,3286,0,5206
2026-05-21,Lobby Bar,Jose Cuervo,Tequila,0,1140,1140,0,10633
2026-05-21,Lobby Bar,Kingfisher Premium,Beer,7150,8760,8760,0,328
2026-05-21,Lobby Bar,Smirnoff Vodka,Vodka,0,3380,3380,0,3380
2026-05-21,Pool Bar,Bacardi White,Rum,8250,2873,2873,0,6560
2026-05-21,Pool Bar,Baileys,Liqueur,0,0,0,0,2640
2026-05-21,Pool Bar,Bombay Sapphire,Gin,0,2427,2427,0,1060
2026-05-21,Pool Bar,Heineken,Beer,0,0,7475,7475,0
2026-05-21,Pool Bar,Hennessy,Brandy,0,716,716,0,12001
2026-05-21,Pool Bar,Jack Daniel's,Whisky,0,2218,2218,0,3217
2026-05-21,Pool Bar,Johnnie Walker Red,Whisky,0,4087,4087,0,7954
2026-05-21,Pool Bar,Jose Cuervo,Tequila,0,1638,1638,0,3063
2026-05-21,Pool Bar,Kingfisher Premium,Beer,11050,10390,10390,0,5807
2026-05-21,Pool Bar,Smirnoff Vodka,Vodka,0,3971,3971,0,3762
2026-05-21,Rooftop Bar,Bacardi White,Rum,0,0,4326,4326,0
2026-05-21,Rooftop Bar,Baileys,Liqueur,0,1155,1155,0,7637
2026-05-21,Rooftop Bar,Bombay Sapphire,Gin,0,3443,3443,0,5049
2026-05-21,Rooftop Bar,Heineken,Beer,0,0,11782,11782,0
2026-05-21,Rooftop Bar,Hennessy,Brandy,0,1100,1100,0,7037
2026-05-21,Rooftop Bar,Jack Daniel's,Whisky,0,2770,2770,0,5708
2026-05-21,Rooftop Bar,Johnnie Walker Red,Whisky,15750,5304,5304,0,13075
2026-05-21,Rooftop Bar,Jose Cuervo,Tequila,0,1752,1752,0,496
2026-05-21,Rooftop Bar,Kingfisher Premium,Beer,0,0,15179,15179,0
2026-05-21,Rooftop Bar,Smirnoff Vodka,Vodka,15000,5152,5152,0,14181
2026-05-21,Sky Lounge,Bacardi White,Rum,6750,3244,3244,0,3506
2026-05-21,Sky Lounge,Baileys,Liqueur,0,1104,1104,0,11233
2026-05-21,Sky Lounge,Bombay Sapphire,Gin,14250,4598,4598,0,13440
2026-05-21,Sky Lounge,Heineken,Beer,0,0,10339,10339,0
2026-05-21,Sky Lounge,Hennessy,Brandy,0,1023,1023,0,1121
2026-05-21,Sky Lounge,Jack Daniel's,Whisky,10500,3158,3158,0,7342
2026-05-21,Sky Lounge,Johnnie Walker Red,Whisky,0,442,4234,3792,0
2026-05-21,Sky Lounge,Jose Cuervo,Tequila,0,1852,1852,0,6899
2026-05-21,Sky Lounge,Kingfisher Premium,Beer,5200,5200,17589,12389,0
2026-05-21,Sky Lounge,Smirnoff Vodka,Vodka,0,0,6721,6721,0
2026-05-22,Garden Bar,Bacardi White,Rum,0,0,2630,2630,0
2026-05-22,Garden Bar,Baileys,Liqueur,0,1022,1022,0,7452
2026-05-22,Garden Bar,Bombay Sapphire,Gin,0,1954,1954,0,12831
2026-05-22,Garden Bar,Heineken,Beer,0,6846,6995,149,0
2026-05-22,Garden Bar,Hennessy,Brandy,0,785,785,0,1366
2026-05-22,Garden Bar,Jack Daniel's,Whisky,0,1690,1690,0,7872
2026-05-22,Garden Bar,Johnnie Walker Red,Whisky,0,3411,3411,0,3077
2026-05-22,Garden Bar,Jose Cuervo,Tequila,0,1584,1584,0,1847
2026-05-22,Garden Bar,Kingfisher Premium,Beer,0,0,10410,10410,0
2026-05-22,Garden Bar,Smirnoff Vodka,Vodka,0,1614,4267,2653,0
2026-05-22,Lobby Bar,Bacardi White,Rum,9000,2903,2903,0,6097
2026-05-22,Lobby Bar,Baileys,Liqueur,0,898,898,0,14734
2026-05-22,Lobby Bar,Bombay Sapphire,Gin,0,3387,3387,0,12228
2026-05-22,Lobby Bar,Heineken,Beer,13650,10144,10144,0,6228
2026-05-22,Lobby Bar,Hennessy,Brandy,0,0,0,0,8034
2026-05-22,Lobby Bar,Jack Daniel's,Whisky,11250,2805,2805,0,9660
2026-05-22,Lobby Bar,Johnnie Walker Red,Whisky,0,3846,4614,768,0
2026-05-22,Lobby Bar,Jose Cuervo,Tequila,0,1869,1869,0,8764
2026-05-22,Lobby Bar,Kingfisher Premium,Beer,0,328,11930,11602,0
2026-05-22,Lobby Bar,Smirnoff Vodka,Vodka,0,2355,3418,1063,0
2026-05-22,Pool Bar,Bacardi White,Rum,0,3950,3950,0,1427
2026-05-22,Pool Bar,Baileys,Liqueur,0,0,0,0,2640
2026-05-22,Pool Bar,Bombay Sapphire,Gin,0,1060,2504,1444,0
2026-05-22,Pool Bar,Heineken,Beer,0,0,10855,10855,0
2026-05-22,Pool Bar,Hennessy,Brandy,0,1077,1077,0,10924
2026-05-22,Pool Bar,Jack Daniel's,Whisky,0,2463,2463,0,1555
2026-05-22,Pool Bar,Johnnie Walker Red,Whisky,13500,5479,5479,0,19299
2026-05-22,Pool Bar,Jose Cuervo,Tequila,0,1436,1436,0,1834
2026-05-22,Pool Bar,Kingfisher Premium,Beer,12350,13010,13504,494,4145
2026-05-22,Pool Bar,Smirnoff Vodka,Vodka,0,683,6618,5935,0
2026-05-22,Rooftop Bar,Bacardi White,Rum,0,0,4921,4921,0
2026-05-22,Rooftop Bar,Baileys,Liqueur,0,1220,1220,0,5788
2026-05-22,Rooftop Bar,Bombay Sapphire,Gin,0,4033,4033,0,1016
2026-05-22,Rooftop Bar,Heineken,Beer,0,0,10525,10525,0
2026-05-22,Rooftop Bar,Hennessy,Brandy,0,1855,1855,0,4955
2026-05-22,Rooftop Bar,Jack Daniel's,Whisky,0,2561,2561,0,4110
2026-05-22,Rooftop Bar,Johnnie Walker Red,Whisky,0,4664,4664,0,9387
2026-05-22,Rooftop Bar,Jose Cuervo,Tequila,0,496,2421,1925,0
2026-05-22,Rooftop Bar,Kingfisher Premium,Beer,7150,7150,20731,13581,0
2026-05-22,Rooftop Bar,Smirnoff Vodka,Vodka,14250,6857,6857,0,22856
2026-05-22,Sky Lounge,Bacardi White,Rum,15750,3079,3079,0,16884
2026-05-22,Sky Lounge,Baileys,Liqueur,0,1889,1889,0,9344
2026-05-22,Sky Lounge,Bombay Sapphire,Gin,0,2856,2856,0,10584
2026-05-22,Sky Lounge,Heineken,Beer,0,0,13608,13608,0
2026-05-22,Sky Lounge,Hennessy,Brandy,0,863,1306,443,0
2026-05-22,Sky Lounge,Jack Daniel's,Whisky,0,3286,3286,0,4056
2026-05-22,Sky Lounge,Johnnie Walker Red,Whisky,13500,7650,7650,0,9262
2026-05-22,Sky Lounge,Jose Cuervo,Tequila,0,2841,2841,0,3666
2026-05-22,Sky Lounge,Kingfisher Premium,Beer,0,0,19748,19748,0
2026-05-22,Sky Lounge,Smirnoff Vodka,Vodka,6750,6750,7203,453,0
2026-05-23,Garden Bar,Bacardi White,Rum,0,0,3242,3242,0
2026-05-23,Garden Bar,Baileys,Liqueur,0,1098,1098,0,6354
2026-05-23,Garden Bar,Bombay Sapphire,Gin,0,2494,2494,0,8886
2026-05-23,Garden Bar,Heineken,Beer,0,0,10096,10096,0
2026-05-23,Garden Bar,Hennessy,Brandy,0,769,769,0,597
2026-05-23,Garden Bar,Jack Daniel's,Whisky,0,1839,1839,0,6033
2026-05-23,Garden Bar,Johnnie Walker Red,Whisky,0,101,3899,3798,0
2026-05-23,Garden Bar,Jose Cuervo,Tequila,0,1541,1541,0,306
2026-05-23,Garden Bar,Kingfisher Premium,Beer,13000,11760,11760,0,1240
2026-05-23,Garden Bar,Smirnoff Vodka,Vodka,0,0,4359,4359,0
2026-05-23,Lobby Bar,Bacardi White,Rum,0,3957,3957,0,2140
2026-05-23,Lobby Bar,Baileys,Liqueur,0,906,906,0,13828
2026-05-23,Lobby Bar,Bombay Sapphire,Gin,0,3130,3130,0,9098
2026-05-23,Lobby Bar,Heineken,Beer,13000,13278,13278,0,3228
2026-05-23,Lobby Bar,Hennessy,Brandy,0,0,0,0,8034
2026-05-23,Lobby Bar,Jack Daniel's,Whisky,0,2299,2299,0,7361
2026-05-23,Lobby Bar,Johnnie Walker Red,Whisky,0,0,3158,3158,0
2026-05-23,Lobby Bar,Jose Cuervo,Tequila,0,1461,1461,0,7303
2026-05-23,Lobby Bar,Kingfisher Premium,Beer,0,0,17429,17429,0
2026-05-23,Lobby Bar,Smirnoff Vodka,Vodka,0,0,7555,7555,0
2026-05-23,Pool Bar,Bacardi White,Rum,0,1427,4236,2809,0
2026-05-23,Pool Bar,Baileys,Liqueur,0,1521,1521,0,1119
2026-05-23,Pool Bar,Bombay Sapphire,Gin,15750,3443,3443,0,15020
2026-05-23,Pool Bar,Heineken,Beer,9100,9100,12543,3443,0
2026-05-23,Pool Bar,Hennessy,Brandy,0,954,954,0,9970
2026-05-23,Pool Bar,Jack Daniel's,Whisky,0,210,3136,2926,0
2026-05-23,Pool Bar,Johnnie Walker Red,Whisky,0,4872,4872,0,9654
2026-05-23,Pool Bar,Jose Cuervo,Tequila,0,1627,2810,1183,0
2026-05-23,Pool Bar,Kingfisher Premium,Beer,0,0,17554,17554,0
2026-05-23,Pool Bar,Smirnoff Vodka,Vodka,0,0,6341,6341,0
2026-05-23,Rooftop Bar,Bacardi White,Rum,0,0,5821,5821,0
2026-05-23,Rooftop Bar,Baileys,Liqueur,0,1829,1829,0,3959
2026-05-23,Rooftop Bar,Bombay Sapphire,Gin,0,1016,3894,2878,0
2026-05-23,Rooftop Bar,Heineken,Beer,13000,13000,20019,7019,0
2026-05-23,Rooftop Bar,Hennessy,Brandy,0,1709,1709,0,4391
2026-05-23,Rooftop Bar,Jack Daniel's,Whisky,8250,4101,4101,0,7296
2026-05-23,Rooftop Bar,Johnnie Walker Red,Whisky,0,5782,7094,1312,0
2026-05-23,Rooftop Bar,Jose Cuervo,Tequila,0,0,2537,2537,0
2026-05-23,Rooftop Bar,Kingfisher Premium,Beer,9100,9100,19312,10212,0
2026-05-23,Rooftop Bar,Smirnoff Vodka,Vodka,0,8307,8307,0,8934
2026-05-23,Sky Lounge,Bacardi White,Rum,0,5334,5334,0,14431
2026-05-23,Sky Lounge,Baileys,Liqueur,0,2107,2107,0,8327
2026-05-23,Sky Lounge,Bombay Sapphire,Gin,0,5097,5097,0,5487
2026-05-23,Sky Lounge,Heineken,Beer,0,0,15133,15133,0
2026-05-23,Sky Lounge,Hennessy,Brandy,13300,0,0,0,13300
2026-05-23,Sky Lounge,Jack Daniel's,Whisky,0,4056,4634,578,0
2026-05-23,Sky Lounge,Johnnie Walker Red,Whisky,0,5850,7134,1284,0
2026-05-23,Sky Lounge,Jose Cuervo,Tequila,9750,3492,3492,0,12305
2026-05-23,Sky Lounge,Kingfisher Premium,Beer,0,0,26303,26303,0
2026-05-23,Sky Lounge,Smirnoff Vodka,Vodka,15750,9993,9993,0,11720
2026-05-24,Garden Bar,Bacardi White,Rum,0,0,2509,2509,0
2026-05-24,Garden Bar,Baileys,Liqueur,0,732,732,0,5622
2026-05-24,Garden Bar,Bombay Sapphire,Gin,0,2091,2091,0,7186
2026-05-24,Garden Bar,Heineken,Beer,0,0,6454,6454,0
2026-05-24,Garden Bar,Hennessy,Brandy,0,458,458,0,139
2026-05-24,Garden Bar,Jack Daniel's,Whisky,0,1696,1696,0,4337
2026-05-24,Garden Bar,Johnnie Walker Red,Whisky,0,0,4137,4137,0
2026-05-24,Garden Bar,Jose Cuervo,Tequila,0,306,1171,865,0
2026-05-24,Garden Bar,Kingfisher Premium,Beer,5850,7090,10112,3022,0
2026-05-24,Garden Bar,Smirnoff Vodka,Vodka,0,0,3778,3778,0
2026-05-24,Lobby Bar,Bacardi White,Rum,0,2140,2871,731,835
2026-05-24,Lobby Bar,Baileys,Liqueur,0,852,852,0,13428
2026-05-24,Lobby Bar,Bombay Sapphire,Gin,0,1754,1754,0,7344
2026-05-24,Lobby Bar,Heineken,Beer,0,3228,8234,5006,0
2026-05-24,Lobby Bar,Hennessy,Brandy,0,539,539,0,7495
2026-05-24,Lobby Bar,Jack Daniel's,Whisky,0,1760,1760,0,5601
2026-05-24,Lobby Bar,Johnnie Walker Red,Whisky,0,0,2830,2830,0
2026-05-24,Lobby Bar,Jose Cuervo,Tequila,0,1721,1721,0,7059
2026-05-24,Lobby Bar,Kingfisher Premium,Beer,0,0,11673,11673,0
2026-05-24,Lobby Bar,Smirnoff Vodka,Vodka,0,0,3813,3813,0
2026-05-24,Pool Bar,Bacardi White,Rum,6000,3074,3074,0,3334
2026-05-24,Pool Bar,Baileys,Liqueur,0,1119,1242,123,294
2026-05-24,Pool Bar,Bombay Sapphire,Gin,0,2214,2214,0,11609
2026-05-24,Pool Bar,Heineken,Beer,0,0,8770,8770,0
2026-05-24,Pool Bar,Hennessy,Brandy,0,735,735,0,9235
2026-05-24,Pool Bar,Jack Daniel's,Whisky,0,0,2558,2558,0
2026-05-24,Pool Bar,Johnnie Walker Red,Whisky,0,3877,3877,0,5777
2026-05-24,Pool Bar,Jose Cuervo,Tequila,12000,1774,1774,0,10226
2026-05-24,Pool Bar,Kingfisher Premium,Beer,0,0,9414,9414,0
2026-05-24,Pool Bar,Smirnoff Vodka,Vodka,7500,4155,4155,0,5387
2026-05-24,Rooftop Bar,Bacardi White,Rum,0,0,4045,4045,0
2026-05-24,Rooftop Bar,Baileys,Liqueur,0,1424,1424,0,2535
2026-05-24,Rooftop Bar,Bombay Sapphire,Gin,15000,3218,3218,0,11782
2026-05-24,Rooftop Bar,Heineken,Beer,0,0,9446,9446,0
2026-05-24,Rooftop Bar,Hennessy,Brandy,0,840,840,0,2011
2026-05-24,Rooftop Bar,Jack Daniel's,Whisky,0,1901,1901,0,5395
2026-05-24,Rooftop Bar,Johnnie Walker Red,Whisky,6750,6140,6140,0,610
2026-05-24,Rooftop Bar,Jose Cuervo,Tequila,0,0,1938,1938,0
2026-05-24,Rooftop Bar,Kingfisher Premium,Beer,0,0,11132,11132,0
2026-05-24,Rooftop Bar,Smirnoff Vodka,Vodka,0,5723,5723,0,3211
2026-05-24,Sky Lounge,Bacardi White,Rum,0,4767,4767,0,6076
2026-05-24,Sky Lounge,Baileys,Liqueur,0,1211,1211,0,6026
2026-05-24,Sky Lounge,Bombay Sapphire,Gin,0,3335,3335,0,2152
2026-05-24,Sky Lounge,Heineken,Beer,0,0,13793,13793,0
2026-05-24,Sky Lounge,Hennessy,Brandy,0,1229,1229,0,12071
2026-05-24,Sky Lounge,Jack Daniel's,Whisky,0,0,3722,3722,0
2026-05-24,Sky Lounge,Johnnie Walker Red,Whisky,9000,5393,5393,0,8532
2026-05-24,Sky Lounge,Jose Cuervo,Tequila,0,2443,2443,0,6787
2026-05-24,Sky Lounge,Kingfisher Premium,Beer,0,0,16403,16403,0
2026-05-24,Sky Lounge,Smirnoff Vodka,Vodka,0,5757,7352,1595,5378
2026-05-25,Garden Bar,Bacardi White,Rum,0,0,1332,1332,0
2026-05-25,Garden Bar,Baileys,Liqueur,0,438,438,0,5450
2026-05-25,Garden Bar,Bombay Sapphire,Gin,0,1156,1156,0,5639
2026-05-25,Garden Bar,Heineken,Beer,0,0,5458,5458,0
2026-05-25,Garden Bar,Hennessy,Brandy,8400,0,0,0,8539
2026-05-25,Garden Bar,Jack Daniel's,Whisky,0,1389,1389,0,3893
2026-05-25,Garden Bar,Johnnie Walker Red,Whisky,0,0,1804,1804,0
2026-05-25,Garden Bar,Jose Cuervo,Tequila,0,0,897,897,0
2026-05-25,Garden Bar,Kingfisher Premium,Beer,0,0,6273,6273,0
2026-05-25,Garden Bar,Smirnoff Vodka,Vodka,0,0,2034,2034,0
2026-05-25,Lobby Bar,Bacardi White,Rum,0,0,2195,2195,0
2026-05-25,Lobby Bar,Baileys,Liqueur,0,766,766,0,12210
2026-05-25,Lobby Bar,Bombay Sapphire,Gin,0,1589,1589,0,6544
2026-05-25,Lobby Bar,Heineken,Beer,0,0,5204,5204,0
2026-05-25,Lobby Bar,Hennessy,Brandy,0,434,434,0,7343
2026-05-25,Lobby Bar,Jack Daniel's,Whisky,0,1565,1565,0,4036
2026-05-25,Lobby Bar,Johnnie Walker Red,Whisky,12750,2420,2420,0,11360
2026-05-25,Lobby Bar,Jose Cuervo,Tequila,0,784,784,0,4798
2026-05-25,Lobby Bar,Kingfisher Premium,Beer,0,0,7380,7380,0
2026-05-25,Lobby Bar,Smirnoff Vodka,Vodka,0,0,3615,3615,0
2026-05-25,Pool Bar,Bacardi White,Rum,13500,2192,2192,0,14234
2026-05-25,Pool Bar,Baileys,Liqueur,12000,638,638,0,11831
2026-05-25,Pool Bar,Bombay Sapphire,Gin,0,1409,1409,0,8684
2026-05-25,Pool Bar,Heineken,Beer,12350,5541,5541,0,10379
2026-05-25,Pool Bar,Hennessy,Brandy,0,451,451,0,8784
2026-05-25,Pool Bar,Jack Daniel's,Whisky,0,0,1616,1616,0
2026-05-25,Pool Bar,Johnnie Walker Red,Whisky,0,3452,3452,0,5412
2026-05-25,Pool Bar,Jose Cuervo,Tequila,0,1242,1242,0,9460
2026-05-25,Pool Bar,Kingfisher Premium,Beer,0,0,7805,7805,0
2026-05-25,Pool Bar,Smirnoff Vodka,Vodka,9000,3902,3902,0,8443
2026-05-25,Rooftop Bar,Bacardi White,Rum,0,0,3030,3030,0
2026-05-25,Rooftop Bar,Baileys,Liqueur,0,651,651,0,2317
2026-05-25,Rooftop Bar,Bombay Sapphire,Gin,0,2281,2281,0,9501
2026-05-25,Rooftop Bar,Heineken,Beer,0,0,7024,7024,0
2026-05-25,Rooftop Bar,Hennessy,Brandy,0,735,735,0,1276
2026-05-25,Rooftop Bar,Jack Daniel's,Whisky,0,2082,2082,0,3313
2026-05-25,Rooftop Bar,Johnnie Walker Red,Whisky,0,610,4209,3599,0
2026-05-25,Rooftop Bar,Jose Cuervo,Tequila,0,0,1190,1190,0
2026-05-25,Rooftop Bar,Kingfisher Premium,Beer,0,0,12182,12182,0
2026-05-25,Rooftop Bar,Smirnoff Vodka,Vodka,0,3211,3791,580,1223
2026-05-25,Sky Lounge,Bacardi White,Rum,0,2794,2794,0,3282
2026-05-25,Sky Lounge,Baileys,Liqueur,0,801,801,0,5505
2026-05-25,Sky Lounge,Bombay Sapphire,Gin,0,2152,2908,756,0
2026-05-25,Sky Lounge,Heineken,Beer,0,0,9799,9799,0
2026-05-25,Sky Lounge,Hennessy,Brandy,0,0,0,0,12071
2026-05-25,Sky Lounge,Jack Daniel's,Whisky,0,0,1848,1848,0
2026-05-25,Sky Lounge,Johnnie Walker Red,Whisky,8250,3890,3890,0,7967
2026-05-25,Sky Lounge,Jose Cuervo,Tequila,0,1533,1533,0,5254
2026-05-25,Sky Lounge,Kingfisher Premium,Beer,0,0,11336,11336,0
2026-05-25,Sky Lounge,Smirnoff Vodka,Vodka,13500,5182,5182,0,10385
2026-05-26,Garden Bar,Bacardi White,Rum,12000,1700,1700,0,11421
2026-05-26,Garden Bar,Baileys,Liqueur,0,623,623,0,4603
2026-05-26,Garden Bar,Bombay Sapphire,Gin,0,1575,1575,0,4064
2026-05-26,Garden Bar,Heineken,Beer,0,0,4704,4704,0
2026-05-26,Garden Bar,Hennessy,Brandy,0,0,0,0,8539
2026-05-26,Garden Bar,Jack Daniel's,Whisky,0,1264,1264,0,1684
2026-05-26,Garden Bar,Johnnie Walker Red,Whisky,0,0,1719,1719,0
2026-05-26,Garden Bar,Jose Cuervo,Tequila,9750,745,745,0,9005
2026-05-26,Garden Bar,Kingfisher Premium,Beer,12350,6491,6491,0,5859
2026-05-26,Garden Bar,Smirnoff Vodka,Vodka,0,0,2210,2210,0
2026-05-26,Lobby Bar,Bacardi White,Rum,0,0,2420,2420,0
2026-05-26,Lobby Bar,Baileys,Liqueur,0,816,816,0,11866
2026-05-26,Lobby Bar,Bombay Sapphire,Gin,0,1364,1364,0,5283
2026-05-26,Lobby Bar,Heineken,Beer,0,0,5260,5260,0
2026-05-26,Lobby Bar,Hennessy,Brandy,0,491,491,0,6862
2026-05-26,Lobby Bar,Jack Daniel's,Whisky,0,1010,1010,0,3026
2026-05-26,Lobby Bar,Johnnie Walker Red,Whisky,0,1997,1997,0,8333
2026-05-26,Lobby Bar,Jose Cuervo,Tequila,0,1412,1412,0,3386
2026-05-26,Lobby Bar,Kingfisher Premium,Beer,0,0,6990,6990,0
2026-05-26,Lobby Bar,Smirnoff Vodka,Vodka,0,0,2889,2889,0
2026-05-26,Pool Bar,Bacardi White,Rum,0,2634,2634,0,11600
2026-05-26,Pool Bar,Baileys,Liqueur,0,767,767,0,10595
2026-05-26,Pool Bar,Bombay Sapphire,Gin,0,2062,2062,0,6622
2026-05-26,Pool Bar,Heineken,Beer,0,5833,5833,0,976
2026-05-26,Pool Bar,Hennessy,Brandy,0,586,586,0,8198
2026-05-26,Pool Bar,Jack Daniel's,Whisky,12750,2118,2118,0,10632
2026-05-26,Pool Bar,Johnnie Walker Red,Whisky,0,2325,3511,1186,933
2026-05-26,Pool Bar,Jose Cuervo,Tequila,0,1218,1218,0,7766
2026-05-26,Pool Bar,Kingfisher Premium,Beer,5850,5850,8360,2510,2995
2026-05-26,Pool Bar,Smirnoff Vodka,Vodka,0,4244,4244,0,7433
2026-05-26,Rooftop Bar,Bacardi White,Rum,0,0,3214,3214,0
2026-05-26,Rooftop Bar,Baileys,Liqueur,0,928,928,0,1593
2026-05-26,Rooftop Bar,Bombay Sapphire,Gin,0,2942,2942,0,7200
2026-05-26,Rooftop Bar,Heineken,Beer,8450,8450,8675,225,0
2026-05-26,Rooftop Bar,Hennessy,Brandy,0,0,0,0,1276
2026-05-26,Rooftop Bar,Jack Daniel's,Whisky,0,2505,2505,0,808
2026-05-26,Rooftop Bar,Johnnie Walker Red,Whisky,10500,3535,3535,0,7591
2026-05-26,Rooftop Bar,Jose Cuervo,Tequila,15750,1550,1550,0,14200
2026-05-26,Rooftop Bar,Kingfisher Premium,Beer,0,0,12626,12626,0
2026-05-26,Rooftop Bar,Smirnoff Vodka,Vodka,0,0,5842,5842,0
2026-05-26,Sky Lounge,Bacardi White,Rum,15000,2915,2915,0,17363
2026-05-26,Sky Lounge,Baileys,Liqueur,0,996,996,0,5078
2026-05-26,Sky Lounge,Bombay Sapphire,Gin,6000,2967,2967,0,3033
2026-05-26,Sky Lounge,Heineken,Beer,0,0,7662,7662,0
2026-05-26,Sky Lounge,Hennessy,Brandy,0,980,980,0,11091
2026-05-26,Sky Lounge,Jack Daniel's,Whisky,0,0,3183,3183,0
2026-05-26,Sky Lounge,Johnnie Walker Red,Whisky,0,5516,5516,0,2451
2026-05-26,Sky Lounge,Jose Cuervo,Tequila,0,1426,1426,0,3828
2026-05-26,Sky Lounge,Kingfisher Premium,Beer,11050,11050,15196,4146,2444
2026-05-26,Sky Lounge,Smirnoff Vodka,Vodka,0,5330,5330,0,7994
2026-05-27,Garden Bar,Bacardi White,Rum,0,2340,2340,0,7960
2026-05-27,Garden Bar,Baileys,Liqueur,0,0,0,0,4561
2026-05-27,Garden Bar,Bombay Sapphire,Gin,0,1157,1157,0,2907
2026-05-27,Garden Bar,Heineken,Beer,0,0,5464,5464,0
2026-05-27,Garden Bar,Hennessy,Brandy,0,479,479,0,8060
2026-05-27,Garden Bar,Jack Daniel's,Whisky,0,1460,1460,0,647
2026-05-27,Garden Bar,Johnnie Walker Red,Whisky,0,0,2208,2208,0
2026-05-27,Garden Bar,Jose Cuervo,Tequila,0,1140,1140,0,7865
2026-05-27,Garden Bar,Kingfisher Premium,Beer,0,5859,6874,1015,0
2026-05-27,Garden Bar,Smirnoff Vodka,Vodka,0,0,2474,2474,0
2026-05-27,Lobby Bar,Bacardi White,Rum,7500,1936,1936,0,7126
2026-05-27,Lobby Bar,Baileys,Liqueur,0,912,912,0,10635
2026-05-27,Lobby Bar,Bombay Sapphire,Gin,0,1861,1861,0,2530
2026-05-27,Lobby Bar,Heineken,Beer,0,0,6731,6731,0
2026-05-27,Lobby Bar,Hennessy,Brandy,0,620,620,0,6140
2026-05-27,Lobby Bar,Jack Daniel's,Whisky,0,1591,1591,0,2773
2026-05-27,Lobby Bar,Johnnie Walker Red,Whisky,0,2826,2826,0,5507
2026-05-27,Lobby Bar,Jose Cuervo,Tequila,0,1012,1012,0,2510
2026-05-27,Lobby Bar,Kingfisher Premium,Beer,0,0,5557,5557,0
2026-05-27,Lobby Bar,Smirnoff Vodka,Vodka,0,0,3339,3339,0
2026-05-27,Pool Bar,Bacardi White,Rum,0,3146,3146,0,8454
2026-05-27,Pool Bar,Baileys,Liqueur,0,823,823,0,9938
2026-05-27,Pool Bar,Bombay Sapphire,Gin,0,1983,1983,0,5048
2026-05-27,Pool Bar,Heineken,Beer,11050,6443,6443,0,8968
2026-05-27,Pool Bar,Hennessy,Brandy,0,682,682,0,7516
2026-05-27,Pool Bar,Jack Daniel's,Whisky,0,1590,1590,0,9042
2026-05-27,Pool Bar,Johnnie Walker Red,Whisky,0,0,3849,3849,0
2026-05-27,Pool Bar,Jose Cuervo,Tequila,0,1319,1319,0,6772
2026-05-27,Pool Bar,Kingfisher Premium,Beer,0,0,8557,8557,0
2026-05-27,Pool Bar,Smirnoff Vodka,Vodka,0,3671,3671,0,2774
2026-05-27,Rooftop Bar,Bacardi White,Rum,0,0,2584,2584,0
2026-05-27,Rooftop Bar,Baileys,Liqueur,0,956,1003,47,698
2026-05-27,Rooftop Bar,Bombay Sapphire,Gin,0,2969,2969,0,6356
2026-05-27,Rooftop Bar,Heineken,Beer,0,0,5382,5382,0
2026-05-27,Rooftop Bar,Hennessy,Brandy,0,772,772,0,504
2026-05-27,Rooftop Bar,Jack Daniel's,Whisky,0,808,2818,2010,0
2026-05-27,Rooftop Bar,Johnnie Walker Red,Whisky,0,4489,4489,0,2476
2026-05-27,Rooftop Bar,Jose Cuervo,Tequila,0,1691,1691,0,12509
2026-05-27,Rooftop Bar,Kingfisher Premium,Beer,13000,11980,11980,0,1020
2026-05-27,Rooftop Bar,Smirnoff Vodka,Vodka,13500,4933,4933,0,8567
2026-05-27,Sky Lounge,Bacardi White,Rum,0,4112,4112,0,13626
2026-05-27,Sky Lounge,Baileys,Liqueur,0,1045,1045,0,3184
2026-05-27,Sky Lounge,Bombay Sapphire,Gin,0,2604,2604,0,2197
2026-05-27,Sky Lounge,Heineken,Beer,0,0,6965,6965,0
2026-05-27,Sky Lounge,Hennessy,Brandy,0,670,670,0,10421
2026-05-27,Sky Lounge,Jack Daniel's,Whisky,0,0,2244,2244,0
2026-05-27,Sky Lounge,Johnnie Walker Red,Whisky,0,2451,3948,1497,0
2026-05-27,Sky Lounge,Jose Cuervo,Tequila,0,1463,1463,0,2521
2026-05-27,Sky Lounge,Kingfisher Premium,Beer,0,0,14461,14461,0
2026-05-27,Sky Lounge,Smirnoff Vodka,Vodka,0,2988,4727,1739,0
2026-05-28,Garden Bar,Bacardi White,Rum,0,2114,2114,0,5846
2026-05-28,Garden Bar,Baileys,Liqueur,0,498,498,0,4063
2026-05-28,Garden Bar,Bombay Sapphire,Gin,0,1947,1947,0,960
2026-05-28,Garden Bar,Heineken,Beer,13650,5111,5111,0,11148
2026-05-28,Garden Bar,Hennessy,Brandy,0,0,0,0,8060
2026-05-28,Garden Bar,Jack Daniel's,Whisky,13500,1556,1556,0,12168
2026-05-28,Garden Bar,Johnnie Walker Red,Whisky,15000,2243,2243,0,12757
2026-05-28,Garden Bar,Jose Cuervo,Tequila,0,1381,1381,0,7348
2026-05-28,Garden Bar,Kingfisher Premium,Beer,0,0,7053,7053,0
2026-05-28,Garden Bar,Smirnoff Vodka,Vodka,0,0,3338,3338,0
2026-05-28,Lobby Bar,Bacardi White,Rum,0,2487,2487,0,5350
2026-05-28,Lobby Bar,Baileys,Liqueur,0,784,784,0,10087
2026-05-28,Lobby Bar,Bombay Sapphire,Gin,0,2186,2186,0,893
2026-05-28,Lobby Bar,Heineken,Beer,0,0,5799,5799,0
2026-05-28,Lobby Bar,Hennessy,Brandy,0,529,529,0,5421
2026-05-28,Lobby Bar,Jack Daniel's,Whisky,11250,1772,1772,0,11653
2026-05-28,Lobby Bar,Johnnie Walker Red,Whisky,0,3530,3530,0,1977
2026-05-28,Lobby Bar,Jose Cuervo,Tequila,0,1337,1337,0,1037
2026-05-28,Lobby Bar,Kingfisher Premium,Beer,0,0,11184,11184,0
2026-05-28,Lobby Bar,Smirnoff Vodka,Vodka,0,0,3624,3624,0
2026-05-28,Pool Bar,Bacardi White,Rum,0,3507,3507,0,6400
2026-05-28,Pool Bar,Baileys,Liqueur,0,640,640,0,9567
2026-05-28,Pool Bar,Bombay Sapphire,Gin,0,2186,2186,0,2453
2026-05-28,Pool Bar,Heineken,Beer,0,5583,8321,2738,0
2026-05-28,Pool Bar,Hennessy,Brandy,0,799,799,0,7356
2026-05-28,Pool Bar,Jack Daniel's,Whisky,0,2190,2190,0,6852
2026-05-28,Pool Bar,Johnnie Walker Red,Whisky,0,0,4497,4497,0
2026-05-28,Pool Bar,Jose Cuervo,Tequila,0,1231,1231,0,5216
2026-05-28,Pool Bar,Kingfisher Premium,Beer,0,0,9842,9842,0
2026-05-28,Pool Bar,Smirnoff Vodka,Vodka,0,528,3671,3143,0
2026-05-28,Rooftop Bar,Bacardi White,Rum,0,0,3848,3848,0
2026-05-28,Rooftop Bar,Baileys,Liqueur,6750,1157,1157,0,5593
2026-05-28,Rooftop Bar,Bombay Sapphire,Gin,0,3229,3229,0,361
2026-05-28,Rooftop Bar,Heineken,Beer,0,0,7539,7539,0
2026-05-28,Rooftop Bar,Hennessy,Brandy,0,504,1122,618,195
2026-05-28,Rooftop Bar,Jack Daniel's,Whisky,0,0,2628,2628,0
2026-05-28,Rooftop Bar,Johnnie Walker Red,Whisky,0,2476,4565,2089,911
2026-05-28,Rooftop Bar,Jose Cuervo,Tequila,0,1658,1658,0,10851
2026-05-28,Rooftop Bar,Kingfisher Premium,Beer,0,1020,10814,9794,0
2026-05-28,Rooftop Bar,Smirnoff Vodka,Vodka,0,5997,5997,0,2570
2026-05-28,Sky Lounge,Bacardi White,Rum,0,3828,3828,0,9350
2026-05-28,Sky Lounge,Baileys,Liqueur,0,1099,1099,0,2085
2026-05-28,Sky Lounge,Bombay Sapphire,Gin,0,429,3042,2613,0
2026-05-28,Sky Lounge,Heineken,Beer,0,0,9206,9206,0
2026-05-28,Sky Lounge,Hennessy,Brandy,0,910,910,0,10230
2026-05-28,Sky Lounge,Jack Daniel's,Whisky,15000,3097,3097,0,12583
2026-05-28,Sky Lounge,Johnnie Walker Red,Whisky,11250,3576,3576,0,8194
2026-05-28,Sky Lounge,Jose Cuervo,Tequila,0,1926,1926,0,1141
2026-05-28,Sky Lounge,Kingfisher Premium,Beer,9100,9100,15690,6590,0
2026-05-28,Sky Lounge,Smirnoff Vodka,Vodka,0,0,3962,3962,0
2026-05-29,Garden Bar,Bacardi White,Rum,0,2514,2514,0,3332
2026-05-29,Garden Bar,Baileys,Liqueur,0,0,0,0,4063
2026-05-29,Garden Bar,Bombay Sapphire,Gin,0,960,2511,1551,0
2026-05-29,Garden Bar,Heineken,Beer,12350,8266,8266,0,12623
2026-05-29,Garden Bar,Hennessy,Brandy,0,527,527,0,7804
2026-05-29,Garden Bar,Jack Daniel's,Whisky,0,1788,1788,0,10380
2026-05-29,Garden Bar,Johnnie Walker Red,Whisky,0,2752,2752,0,10005
2026-05-29,Garden Bar,Jose Cuervo,Tequila,0,1406,1406,0,5078
2026-05-29,Garden Bar,Kingfisher Premium,Beer,0,0,9109,9109,0
2026-05-29,Garden Bar,Smirnoff Vodka,Vodka,8250,5026,5026,0,6388
2026-05-29,Lobby Bar,Bacardi White,Rum,0,3077,3344,267,0
2026-05-29,Lobby Bar,Baileys,Liqueur,0,1206,1206,0,9176
2026-05-29,Lobby Bar,Bombay Sapphire,Gin,0,344,1927,1583,0
2026-05-29,Lobby Bar,Heineken,Beer,5200,5200,9318,4118,0
2026-05-29,Lobby Bar,Hennessy,Brandy,0,573,573,0,4848
2026-05-29,Lobby Bar,Jack Daniel's,Whisky,0,2111,2111,0,8802
2026-05-29,Lobby Bar,Johnnie Walker Red,Whisky,6750,4347,4347,0,4380
2026-05-29,Lobby Bar,Jose Cuervo,Tequila,9000,1290,1290,0,8747
2026-05-29,Lobby Bar,Kingfisher Premium,Beer,5850,5850,11498,5648,0
2026-05-29,Lobby Bar,Smirnoff Vodka,Vodka,6750,5495,5495,0,4924
2026-05-29,Pool Bar,Bacardi White,Rum,8250,4245,4245,0,8952
2026-05-29,Pool Bar,Baileys,Liqueur,0,1209,1209,0,8318
2026-05-29,Pool Bar,Bombay Sapphire,Gin,0,2453,3249,796,0
2026-05-29,Pool Bar,Heineken,Beer,0,0,10282,10282,0
2026-05-29,Pool Bar,Hennessy,Brandy,0,956,956,0,6533
2026-05-29,Pool Bar,Jack Daniel's,Whisky,0,3065,3065,0,5320
2026-05-29,Pool Bar,Johnnie Walker Red,Whisky,0,0,3659,3659,0
2026-05-29,Pool Bar,Jose Cuervo,Tequila,0,1827,1827,0,3389
2026-05-29,Pool Bar,Kingfisher Premium,Beer,0,0,13987,13987,0
2026-05-29,Pool Bar,Smirnoff Vodka,Vodka,12000,5800,5800,0,7154
2026-05-29,Rooftop Bar,Bacardi White,Rum,11250,6300,6300,0,4950
2026-05-29,Rooftop Bar,Baileys,Liqueur,0,1530,1530,0,4063
2026-05-29,Rooftop Bar,Bombay Sapphire,Gin,0,361,3783,3422,0
2026-05-29,Rooftop Bar,Heineken,Beer,9100,9100,10860,1760,3395
2026-05-29,Rooftop Bar,Hennessy,Brandy,10500,1267,1267,0,9757
2026-05-29,Rooftop Bar,Jack Daniel's,Whisky,0,0,3457,3457,0
2026-05-29,Rooftop Bar,Johnnie Walker Red,Whisky,0,0,6087,6087,0
2026-05-29,Rooftop Bar,Jose Cuervo,Tequila,0,2450,2450,0,9289
2026-05-29,Rooftop Bar,Kingfisher Premium,Beer,11050,11050,15064,4014,7446
2026-05-29,Rooftop Bar,Smirnoff Vodka,Vodka,12750,6296,6296,0,9024
2026-05-29,Sky Lounge,Bacardi White,Rum,0,5289,5289,0,5492
2026-05-29,Sky Lounge,Baileys,Liqueur,0,0,0,0,2085
2026-05-29,Sky Lounge,Bombay Sapphire,Gin,6000,5011,5011,0,3421
2026-05-29,Sky Lounge,Heineken,Beer,0,0,10722,10722,0
2026-05-29,Sky Lounge,Hennessy,Brandy,0,954,954,0,9281
2026-05-29,Sky Lounge,Jack Daniel's,Whisky,0,3223,3223,0,8680
2026-05-29,Sky Lounge,Johnnie Walker Red,Whisky,14250,4974,4974,0,17236
2026-05-29,Sky Lounge,Jose Cuervo,Tequila,15750,2765,2765,0,13664
2026-05-29,Sky Lounge,Kingfisher Premium,Beer,9750,9750,15711,5961,2197
2026-05-29,Sky Lounge,Smirnoff Vodka,Vodka,8250,8221,8221,0,29
2026-05-30,Garden Bar,Bacardi White,Rum,12000,2799,2799,0,12533
2026-05-30,Garden Bar,Baileys,Liqueur,0,0,0,0,4063
2026-05-30,Garden Bar,Bombay Sapphire,Gin,0,0,2483,2483,0
2026-05-30,Garden Bar,Heineken,Beer,0,8979,8979,0,6646
2026-05-30,Garden Bar,Hennessy,Brandy,0,565,565,0,6968
2026-05-30,Garden Bar,Jack Daniel's,Whisky,0,2748,2748,0,7632
2026-05-30,Garden Bar,Johnnie Walker Red,Whisky,0,3098,3098,0,6907
2026-05-30,Garden Bar,Jose Cuervo,Tequila,0,1945,1945,0,3133
2026-05-30,Garden Bar,Kingfisher Premium,Beer,0,0,10967,10967,0
2026-05-30,Garden Bar,Smirnoff Vodka,Vodka,0,3224,4754,1530,1904
2026-05-30,Lobby Bar,Bacardi White,Rum,9750,4300,4300,0,5450
2026-05-30,Lobby Bar,Baileys,Liqueur,0,0,0,0,8492
2026-05-30,Lobby Bar,Bombay Sapphire,Gin,0,0,2706,2706,0
2026-05-30,Lobby Bar,Heineken,Beer,5850,5850,9656,3806,3934
2026-05-30,Lobby Bar,Hennessy,Brandy,0,778,778,0,4070
2026-05-30,Lobby Bar,Jack Daniel's,Whisky,0,2815,2815,0,5987
2026-05-30,Lobby Bar,Johnnie Walker Red,Whisky,0,4380,4519,139,0
2026-05-30,Lobby Bar,Jose Cuervo,Tequila,0,2120,2120,0,6627
2026-05-30,Lobby Bar,Kingfisher Premium,Beer,0,0,12152,12152,0
2026-05-30,Lobby Bar,Smirnoff Vodka,Vodka,9000,4257,4257,0,5998
2026-05-30,Pool Bar,Bacardi White,Rum,0,3826,3826,0,5126
2026-05-30,Pool Bar,Baileys,Liqueur,0,1491,1491,0,6432
2026-05-30,Pool Bar,Bombay Sapphire,Gin,0,0,3102,3102,0
2026-05-30,Pool Bar,Heineken,Beer,0,0,10422,10422,0
2026-05-30,Pool Bar,Hennessy,Brandy,0,1085,1085,0,5176
2026-05-30,Pool Bar,Jack Daniel's,Whisky,13500,2966,2966,0,15736
2026-05-30,Pool Bar,Johnnie Walker Red,Whisky,15000,4327,4327,0,12634
2026-05-30,Pool Bar,Jose Cuervo,Tequila,0,1767,1767,0,2175
2026-05-30,Pool Bar,Kingfisher Premium,Beer,0,0,15233,15233,0
2026-05-30,Pool Bar,Smirnoff Vodka,Vodka,0,6200,7432,1232,3411
2026-05-30,Rooftop Bar,Bacardi White,Rum,15000,5540,5540,0,18141
2026-05-30,Rooftop Bar,Baileys,Liqueur,0,1782,1782,0,2281
2026-05-30,Rooftop Bar,Bombay Sapphire,Gin,0,0,4695,4695,0
2026-05-30,Rooftop Bar,Heineken,Beer,0,0,17304,17304,0
2026-05-30,Rooftop Bar,Hennessy,Brandy,0,0,0,0,9233
2026-05-30,Rooftop Bar,Jack Daniel's,Whisky,0,0,4606,4606,0
2026-05-30,Rooftop Bar,Johnnie Walker Red,Whisky,8250,8040,8040,0,210
2026-05-30,Rooftop Bar,Jose Cuervo,Tequila,0,2541,2541,0,7648
2026-05-30,Rooftop Bar,Kingfisher Premium,Beer,11700,11700,18809,7109,0
2026-05-30,Rooftop Bar,Smirnoff Vodka,Vodka,7500,7032,7032,0,15753
2026-05-30,Sky Lounge,Bacardi White,Rum,8250,5254,5254,0,5134
2026-05-30,Sky Lounge,Baileys,Liqueur,9000,1455,1455,0,9630
2026-05-30,Sky Lounge,Bombay Sapphire,Gin,9000,5811,5811,0,4178
2026-05-30,Sky Lounge,Heineken,Beer,0,0,14945,14945,0
2026-05-30,Sky Lounge,Hennessy,Brandy,0,1408,1408,0,7232
2026-05-30,Sky Lounge,Jack Daniel's,Whisky,0,4103,4103,0,4577
2026-05-30,Sky Lounge,Johnnie Walker Red,Whisky,0,7784,7784,0,9166
2026-05-30,Sky Lounge,Jose Cuervo,Tequila,0,2364,2364,0,11060
2026-05-30,Sky Lounge,Kingfisher Premium,Beer,0,0,16178,16178,0
2026-05-30,Sky Lounge,Smirnoff Vodka,Vodka,0,29,10014,9985,0
2026-05-31,Garden Bar,Bacardi White,Rum,0,2678,2678,0,10949
2026-05-31,Garden Bar,Baileys,Liqueur,0,663,663,0,3400
2026-05-31,Garden Bar,Bombay Sapphire,Gin,9000,2035,2035,0,6965
2026-05-31,Garden Bar,Heineken,Beer,0,3644,6499,2855,2626
2026-05-31,Garden Bar,Hennessy,Brandy,0,446,446,0,6954
2026-05-31,Garden Bar,Jack Daniel's,Whisky,0,1576,1576,0,6056
2026-05-31,Garden Bar,Johnnie Walker Red,Whisky,0,3244,3244,0,4290
2026-05-31,Garden Bar,Jose Cuervo,Tequila,0,1532,1532,0,1601
2026-05-31,Garden Bar,Kingfisher Premium,Beer,12350,7325,7325,0,5025
2026-05-31,Garden Bar,Smirnoff Vodka,Vodka,0,0,3446,3446,0
2026-05-31,Lobby Bar,Bacardi White,Rum,0,2525,2525,0,4586
2026-05-31,Lobby Bar,Baileys,Liqueur,0,801,801,0,7691
2026-05-31,Lobby Bar,Bombay Sapphire,Gin,0,0,2224,2224,0
2026-05-31,Lobby Bar,Heineken,Beer,13000,5410,5410,0,7590
2026-05-31,Lobby Bar,Hennessy,Brandy,0,0,0,0,4070
2026-05-31,Lobby Bar,Jack Daniel's,Whisky,0,1597,1597,0,4390
2026-05-31,Lobby Bar,Johnnie Walker Red,Whisky,11250,3204,3204,0,9827
2026-05-31,Lobby Bar,Jose Cuervo,Tequila,0,1367,1367,0,5260
2026-05-31,Lobby Bar,Kingfisher Premium,Beer,0,0,8162,8162,0
2026-05-31,Lobby Bar,Smirnoff Vodka,Vodka,0,4097,4097,0,5841
2026-05-31,Pool Bar,Bacardi White,Rum,0,2532,2532,0,3387
2026-05-31,Pool Bar,Baileys,Liqueur,0,1070,1070,0,5362
2026-05-31,Pool Bar,Bombay Sapphire,Gin,0,0,2714,2714,0
2026-05-31,Pool Bar,Heineken,Beer,13000,7280,7280,0,5720
2026-05-31,Pool Bar,Hennessy,Brandy,0,983,983,0,3693
2026-05-31,Pool Bar,Jack Daniel's,Whisky,0,2489,2489,0,11832
2026-05-31,Pool Bar,Johnnie Walker Red,Whisky,0,3678,3678,0,8435
2026-05-31,Pool Bar,Jose Cuervo,Tequila,0,1622,1695,73,0
2026-05-31,Pool Bar,Kingfisher Premium,Beer,0,0,11429,11429,0
2026-05-31,Pool Bar,Smirnoff Vodka,Vodka,7500,4544,4544,0,2956
2026-05-31,Rooftop Bar,Bacardi White,Rum,0,3500,3500,0,10910
2026-05-31,Rooftop Bar,Baileys,Liqueur,0,1544,1544,0,737
2026-05-31,Rooftop Bar,Bombay Sapphire,Gin,0,0,2453,2453,0
2026-05-31,Rooftop Bar,Heineken,Beer,0,0,11052,11052,0
2026-05-31,Rooftop Bar,Hennessy,Brandy,0,0,0,0,9233
2026-05-31,Rooftop Bar,Jack Daniel's,Whisky,7500,3487,3487,0,4013
2026-05-31,Rooftop Bar,Johnnie Walker Red,Whisky,0,210,4173,3963,0
2026-05-31,Rooftop Bar,Jose Cuervo,Tequila,0,1885,1885,0,5694
2026-05-31,Rooftop Bar,Kingfisher Premium,Beer,0,0,15740,15740,0
2026-05-31,Rooftop Bar,Smirnoff Vodka,Vodka,0,3724,3724,0,6226
2026-05-31,Sky Lounge,Bacardi White,Rum,6750,3881,3881,0,8003
2026-05-31,Sky Lounge,Baileys,Liqueur,0,1393,1393,0,8555
2026-05-31,Sky Lounge,Bombay Sapphire,Gin,0,4058,4058,0,120
2026-05-31,Sky Lounge,Heineken,Beer,0,0,8527,8527,0
2026-05-31,Sky Lounge,Hennessy,Brandy,0,0,0,0,7149
2026-05-31,Sky Lounge,Jack Daniel's,Whisky,0,3566,3566,0,1011
2026-05-31,Sky Lounge,Johnnie Walker Red,Whisky,0,4112,4112,0,8274
2026-05-31,Sky Lounge,Jose Cuervo,Tequila,0,1848,1848,0,9212
2026-05-31,Sky Lounge,Kingfisher Premium,Beer,0,0,14732,14732,0
2026-05-31,Sky Lounge,Smirnoff Vodka,Vodka,12000,6964,6964,0,5036
2026-06-01,Garden Bar,Bacardi White,Rum,0,2238,2238,0,7617
2026-06-01,Garden Bar,Baileys,Liqueur,0,532,532,0,2868
2026-06-01,Garden Bar,Bombay Sapphire,Gin,0,1244,1244,0,5721
2026-06-01,Garden Bar,Heineken,Beer,0,0,4382,4382,0
2026-06-01,Garden Bar,Hennessy,Brandy,0,495,495,0,6027
2026-06-01,Garden Bar,Jack Daniel's,Whisky,0,1243,1243,0,4813
2026-06-01,Garden Bar,Johnnie Walker Red,Whisky,0,2332,2332,0,1331
2026-06-01,Garden Bar,Jose Cuervo,Tequila,0,625,625,0,976
2026-06-01,Garden Bar,Kingfisher Premium,Beer,9100,5950,5950,0,8616
2026-06-01,Garden Bar,Smirnoff Vodka,Vodka,0,0,1828,1828,0
2026-06-01,Lobby Bar,Bacardi White,Rum,12750,2162,2162,0,13513
2026-06-01,Lobby Bar,Baileys,Liqueur,0,0,0,0,7691
2026-06-01,Lobby Bar,Bombay Sapphire,Gin,15000,1573,1573,0,14483
2026-06-01,Lobby Bar,Heineken,Beer,9750,6045,6045,0,11295
2026-06-01,Lobby Bar,Hennessy,Brandy,0,497,497,0,3993
2026-06-01,Lobby Bar,Jack Daniel's,Whisky,0,1636,1636,0,2754
2026-06-01,Lobby Bar,Johnnie Walker Red,Whisky,0,2738,2738,0,7241
2026-06-01,Lobby Bar,Jose Cuervo,Tequila,0,654,654,0,4606
2026-06-01,Lobby Bar,Kingfisher Premium,Beer,10400,5469,5469,0,4931
2026-06-01,Lobby Bar,Smirnoff Vodka,Vodka,13500,2889,2889,0,12692
2026-06-01,Pool Bar,Bacardi White,Rum,11250,3035,3035,0,10809
2026-06-01,Pool Bar,Baileys,Liqueur,0,596,596,0,5030
2026-06-01,Pool Bar,Bombay Sapphire,Gin,0,0,1681,1681,0
2026-06-01,Pool Bar,Heineken,Beer,0,5720,5947,227,0
2026-06-01,Pool Bar,Hennessy,Brandy,0,302,302,0,3591
2026-06-01,Pool Bar,Jack Daniel's,Whisky,0,1420,1420,0,10412
2026-06-01,Pool Bar,Johnnie Walker Red,Whisky,0,2586,2586,0,4409
2026-06-01,Pool Bar,Jose Cuervo,Tequila,7500,1164,1164,0,6336
2026-06-01,Pool Bar,Kingfisher Premium,Beer,0,0,7609,7609,0
2026-06-01,Pool Bar,Smirnoff Vodka,Vodka,0,2956,3866,910,0
2026-06-01,Rooftop Bar,Bacardi White,Rum,0,2015,2015,0,8895
2026-06-01,Rooftop Bar,Baileys,Liqueur,0,737,1047,310,354
2026-06-01,Rooftop Bar,Bombay Sapphire,Gin,0,0,2478,2478,0
2026-06-01,Rooftop Bar,Heineken,Beer,13650,7099,7099,0,8470
2026-06-01,Rooftop Bar,Hennessy,Brandy,0,782,782,0,8451
2026-06-01,Rooftop Bar,Jack Daniel's,Whisky,0,2385,2385,0,1628
2026-06-01,Rooftop Bar,Johnnie Walker Red,Whisky,0,0,3014,3014,0
2026-06-01,Rooftop Bar,Jose Cuervo,Tequila,0,1567,1567,0,2565
2026-06-01,Rooftop Bar,Kingfisher Premium,Beer,0,0,11746,11746,0
2026-06-01,Rooftop Bar,Smirnoff Vodka,Vodka,7500,3062,3062,0,10206
2026-06-01,Sky Lounge,Bacardi White,Rum,0,3435,3435,0,4568
2026-06-01,Sky Lounge,Baileys,Liqueur,0,949,949,0,7521
2026-06-01,Sky Lounge,Bombay Sapphire,Gin,13500,2785,2785,0,10835
2026-06-01,Sky Lounge,Heineken,Beer,8450,8450,9847,1397,0
2026-06-01,Sky Lounge,Hennessy,Brandy,0,0,0,0,7149
2026-06-01,Sky Lounge,Jack Daniel's,Whisky,0,1011,2179,1168,0
2026-06-01,Sky Lounge,Johnnie Walker Red,Whisky,0,3285,3285,0,3130
2026-06-01,Sky Lounge,Jose Cuervo,Tequila,0,1420,1420,0,7792
2026-06-01,Sky Lounge,Kingfisher Premium,Beer,0,0,10829,10829,0
2026-06-01,Sky Lounge,Smirnoff Vodka,Vodka,15000,4653,4653,0,16209
2026-06-02,Garden Bar,Bacardi White,Rum,0,1599,1599,0,7350
2026-06-02,Garden Bar,Baileys,Liqueur,0,691,691,0,2623
2026-06-02,Garden Bar,Bombay Sapphire,Gin,0,1687,1687,0,4034
2026-06-02,Garden Bar,Heineken,Beer,0,0,4681,4681,0
2026-06-02,Garden Bar,Hennessy,Brandy,0,511,511,0,5873
2026-06-02,Garden Bar,Jack Daniel's,Whisky,0,986,986,0,4342
2026-06-02,Garden Bar,Johnnie Walker Red,Whisky,13500,1646,1646,0,13185
2026-06-02,Garden Bar,Jose Cuervo,Tequila,0,976,1080,104,0
2026-06-02,Garden Bar,Kingfisher Premium,Beer,0,6254,6254,0,1921
2026-06-02,Garden Bar,Smirnoff Vodka,Vodka,0,0,3425,3425,0
2026-06-02,Lobby Bar,Bacardi White,Rum,0,1879,1879,0,11634
2026-06-02,Lobby Bar,Baileys,Liqueur,0,563,563,0,7392
2026-06-02,Lobby Bar,Bombay Sapphire,Gin,0,1402,1402,0,12465
2026-06-02,Lobby Bar,Heineken,Beer,0,5202,5202,0,6093
2026-06-02,Lobby Bar,Hennessy,Brandy,0,0,0,0,3573
2026-06-02,Lobby Bar,Jack Daniel's,Whisky,0,1176,1176,0,1578
2026-06-02,Lobby Bar,Johnnie Walker Red,Whisky,0,2451,2451,0,2857
2026-06-02,Lobby Bar,Jose Cuervo,Tequila,0,1166,1166,0,3440
2026-06-02,Lobby Bar,Kingfisher Premium,Beer,0,4931,8703,3772,0
2026-06-02,Lobby Bar,Smirnoff Vodka,Vodka,0,3058,3058,0,9454
2026-06-02,Pool Bar,Bacardi White,Rum,0,2102,2102,0,9793
2026-06-02,Pool Bar,Baileys,Liqueur,0,818,818,0,3948
2026-06-02,Pool Bar,Bombay Sapphire,Gin,0,0,1722,1722,0
2026-06-02,Pool Bar,Heineken,Beer,0,0,5663,5663,0
2026-06-02,Pool Bar,Hennessy,Brandy,0,440,440,0,3182
2026-06-02,Pool Bar,Jack Daniel's,Whisky,0,1775,1775,0,9449
2026-06-02,Pool Bar,Johnnie Walker Red,Whisky,9750,3608,3608,0,10551
2026-06-02,Pool Bar,Jose Cuervo,Tequila,0,1036,1036,0,5300
2026-06-02,Pool Bar,Kingfisher Premium,Beer,5200,5200,9166,3966,0
2026-06-02,Pool Bar,Smirnoff Vodka,Vodka,0,0,3843,3843,0
2026-06-02,Rooftop Bar,Bacardi White,Rum,0,3566,3566,0,5887
2026-06-02,Rooftop Bar,Baileys,Liqueur,0,0,832,832,0
2026-06-02,Rooftop Bar,Bombay Sapphire,Gin,0,0,2270,2270,0
2026-06-02,Rooftop Bar,Heineken,Beer,0,6551,7361,810,3587
2026-06-02,Rooftop Bar,Hennessy,Brandy,0,766,766,0,7685
2026-06-02,Rooftop Bar,Jack Daniel's,Whisky,10500,2805,2805,0,9323
2026-06-02,Rooftop Bar,Johnnie Walker Red,Whisky,0,0,4056,4056,0
2026-06-02,Rooftop Bar,Jose Cuervo,Tequila,15000,1401,1401,0,16360
2026-06-02,Rooftop Bar,Kingfisher Premium,Beer,0,0,12285,12285,0
2026-06-02,Rooftop Bar,Smirnoff Vodka,Vodka,0,4722,4722,0,5484
2026-06-02,Sky Lounge,Bacardi White,Rum,9750,3318,3318,0,11000
2026-06-02,Sky Lounge,Baileys,Liqueur,0,967,967,0,6321
2026-06-02,Sky Lounge,Bombay Sapphire,Gin,0,2818,2818,0,8614
2026-06-02,Sky Lounge,Heineken,Beer,12350,11430,11430,0,920
2026-06-02,Sky Lounge,Hennessy,Brandy,0,671,671,0,6478
2026-06-02,Sky Lounge,Jack Daniel's,Whisky,0,0,2273,2273,0
2026-06-02,Sky Lounge,Johnnie Walker Red,Whisky,0,1769,4097,2328,0
2026-06-02,Sky Lounge,Jose Cuervo,Tequila,0,1557,1557,0,6531
2026-06-02,Sky Lounge,Kingfisher Premium,Beer,9750,9750,12424,2674,0
2026-06-02,Sky Lounge,Smirnoff Vodka,Vodka,0,3931,3931,0,12791
2026-06-03,Garden Bar,Bacardi White,Rum,0,1810,1810,0,4208
2026-06-03,Garden Bar,Baileys,Liqueur,0,531,531,0,2038
2026-06-03,Garden Bar,Bombay Sapphire,Gin,0,1087,1087,0,2947
2026-06-03,Garden Bar,Heineken,Beer,0,0,4355,4355,0
2026-06-03,Garden Bar,Hennessy,Brandy,0,511,511,0,5005
2026-06-03,Garden Bar,Jack Daniel's,Whisky,0,1305,1305,0,2522
2026-06-03,Garden Bar,Johnnie Walker Red,Whisky,0,2689,2689,0,10496
2026-06-03,Garden Bar,Jose Cuervo,Tequila,0,0,921,921,0
2026-06-03,Garden Bar,Kingfisher Premium,Beer,7150,7968,7968,0,4210
2026-06-03,Garden Bar,Smirnoff Vodka,Vodka,0,0,2307,2307,0
2026-06-03,Lobby Bar,Bacardi White,Rum,0,2023,2023,0,11022
2026-06-03,Lobby Bar,Baileys,Liqueur,0,581,581,0,7020
2026-06-03,Lobby Bar,Bombay Sapphire,Gin,0,1658,1658,0,11845
2026-06-03,Lobby Bar,Heineken,Beer,11700,5218,5218,0,12575
2026-06-03,Lobby Bar,Hennessy,Brandy,0,545,545,0,3028
2026-06-03,Lobby Bar,Jack Daniel's,Whisky,6000,1406,1406,0,6450
2026-06-03,Lobby Bar,Johnnie Walker Red,Whisky,12750,3116,3116,0,12491
2026-06-03,Lobby Bar,Jose Cuervo,Tequila,0,1187,1187,0,2911
2026-06-03,Lobby Bar,Kingfisher Premium,Beer,0,0,7536,7536,0
2026-06-03,Lobby Bar,Smirnoff Vodka,Vodka,0,3297,3297,0,6157
2026-06-03,Pool Bar,Bacardi White,Rum,0,2107,2107,0,6600
2026-06-03,Pool Bar,Baileys,Liqueur,0,951,951,0,3530
2026-06-03,Pool Bar,Bombay Sapphire,Gin,0,0,2304,2304,0
2026-06-03,Pool Bar,Heineken,Beer,7800,7800,8719,919,0
2026-06-03,Pool Bar,Hennessy,Brandy,0,693,693,0,2258
2026-06-03,Pool Bar,Jack Daniel's,Whisky,0,2154,2154,0,6483
2026-06-03,Pool Bar,Johnnie Walker Red,Whisky,0,2789,2789,0,9503
2026-06-03,Pool Bar,Jose Cuervo,Tequila,0,934,934,0,4436
2026-06-03,Pool Bar,Kingfisher Premium,Beer,0,0,11456,11456,0
2026-06-03,Pool Bar,Smirnoff Vodka,Vodka,6750,2372,2372,0,5779
2026-06-03,Rooftop Bar,Bacardi White,Rum,0,3688,3688,0,3633
2026-06-03,Rooftop Bar,Baileys,Liqueur,0,0,1052,1052,0
2026-06-03,Rooftop Bar,Bombay Sapphire,Gin,10500,2492,2492,0,8008
2026-06-03,Rooftop Bar,Heineken,Beer,0,0,8689,8689,0
2026-06-03,Rooftop Bar,Hennessy,Brandy,0,685,685,0,7000
2026-06-03,Rooftop Bar,Jack Daniel's,Whisky,0,2165,2165,0,7158
2026-06-03,Rooftop Bar,Johnnie Walker Red,Whisky,8250,4413,4413,0,7777
2026-06-03,Rooftop Bar,Jose Cuervo,Tequila,0,1843,1843,0,14164
2026-06-03,Rooftop Bar,Kingfisher Premium,Beer,0,0,10768,10768,0
2026-06-03,Rooftop Bar,Smirnoff Vodka,Vodka,0,5475,5475,0,9
2026-06-03,Sky Lounge,Bacardi White,Rum,0,3372,3372,0,7988
2026-06-03,Sky Lounge,Baileys,Liqueur,0,895,895,0,5426
2026-06-03,Sky Lounge,Bombay Sapphire,Gin,0,3426,3426,0,4591
2026-06-03,Sky Lounge,Heineken,Beer,0,920,7232,6312,0
2026-06-03,Sky Lounge,Hennessy,Brandy,0,875,875,0,6348
2026-06-03,Sky Lounge,Jack Daniel's,Whisky,0,0,1862,1862,0
2026-06-03,Sky Lounge,Johnnie Walker Red,Whisky,13500,5294,5294,0,11881
2026-06-03,Sky Lounge,Jose Cuervo,Tequila,0,1703,1703,0,5719
2026-06-03,Sky Lounge,Kingfisher Premium,Beer,5200,5200,11208,6008,180
2026-06-03,Sky Lounge,Smirnoff Vodka,Vodka,0,5249,5249,0,6203
2026-06-04,Garden Bar,Bacardi White,Rum,0,1711,1711,0,2845
2026-06-04,Garden Bar,Baileys,Liqueur,0,581,581,0,1523
2026-06-04,Garden Bar,Bombay Sapphire,Gin,0,1754,1754,0,1609
2026-06-04,Garden Bar,Heineken,Beer,0,0,6341,6341,0
2026-06-04,Garden Bar,Hennessy,Brandy,0,585,585,0,4420
2026-06-04,Garden Bar,Jack Daniel's,Whisky,0,1197,1197,0,1325
2026-06-04,Garden Bar,Johnnie Walker Red,Whisky,0,2482,2482,0,9591
2026-06-04,Garden Bar,Jose Cuervo,Tequila,0,0,1256,1256,0
2026-06-04,Garden Bar,Kingfisher Premium,Beer,0,1103,7048,5945,0
2026-06-04,Garden Bar,Smirnoff Vodka,Vodka,0,0,2758,2758,0
2026-06-04,Lobby Bar,Bacardi White,Rum,0,2672,2672,0,6939
2026-06-04,Lobby Bar,Baileys,Liqueur,0,0,0,0,6547
2026-06-04,Lobby Bar,Bombay Sapphire,Gin,0,1155,1155,0,10069
2026-06-04,Lobby Bar,Heineken,Beer,0,5085,5085,0,8478
2026-06-04,Lobby Bar,Hennessy,Brandy,0,620,620,0,2408
2026-06-04,Lobby Bar,Jack Daniel's,Whisky,0,1589,1589,0,4583
2026-06-04,Lobby Bar,Johnnie Walker Red,Whisky,0,2523,2523,0,10215
2026-06-04,Lobby Bar,Jose Cuervo,Tequila,0,1357,1357,0,1170
2026-06-04,Lobby Bar,Kingfisher Premium,Beer,0,0,7987,7987,0
2026-06-04,Lobby Bar,Smirnoff Vodka,Vodka,0,3588,3588,0,3044
2026-06-04,Pool Bar,Bacardi White,Rum,0,2869,2869,0,5785
2026-06-04,Pool Bar,Baileys,Liqueur,0,952,952,0,2087
2026-06-04,Pool Bar,Bombay Sapphire,Gin,6750,2229,2229,0,4521
2026-06-04,Pool Bar,Heineken,Beer,5850,5850,8245,2395,0
2026-06-04,Pool Bar,Hennessy,Brandy,0,558,558,0,1700
2026-06-04,Pool Bar,Jack Daniel's,Whisky,0,1707,1707,0,4898
2026-06-04,Pool Bar,Johnnie Walker Red,Whisky,0,3703,3703,0,4059
2026-06-04,Pool Bar,Jose Cuervo,Tequila,0,1460,1460,0,4076
2026-06-04,Pool Bar,Kingfisher Premium,Beer,11050,10977,10977,0,6349
2026-06-04,Pool Bar,Smirnoff Vodka,Vodka,0,4378,4612,234,0
2026-06-04,Rooftop Bar,Bacardi White,Rum,15750,3590,3590,0,13801
2026-06-04,Rooftop Bar,Baileys,Liqueur,6750,967,967,0,5783
2026-06-04,Rooftop Bar,Bombay Sapphire,Gin,0,2954,2954,0,6346
2026-06-04,Rooftop Bar,Heineken,Beer,7800,7800,9673,1873,4389
2026-06-04,Rooftop Bar,Hennessy,Brandy,0,642,642,0,6358
2026-06-04,Rooftop Bar,Jack Daniel's,Whisky,0,2859,2859,0,4299
2026-06-04,Rooftop Bar,Johnnie Walker Red,Whisky,15750,3518,3518,0,16069
2026-06-04,Rooftop Bar,Jose Cuervo,Tequila,0,1973,1973,0,12191
2026-06-04,Rooftop Bar,Kingfisher Premium,Beer,7800,7800,13895,6095,3707
2026-06-04,Rooftop Bar,Smirnoff Vodka,Vodka,0,9,3780,3771,0
2026-06-04,Sky Lounge,Bacardi White,Rum,0,3595,3595,0,6530
2026-06-04,Sky Lounge,Baileys,Liqueur,0,985,985,0,4441
2026-06-04,Sky Lounge,Bombay Sapphire,Gin,15000,3154,3154,0,17143
2026-06-04,Sky Lounge,Heineken,Beer,0,0,10435,10435,0
2026-06-04,Sky Lounge,Hennessy,Brandy,0,0,0,0,5603
2026-06-04,Sky Lounge,Jack Daniel's,Whisky,6000,3149,3149,0,2851
2026-06-04,Sky Lounge,Johnnie Walker Red,Whisky,0,5821,5821,0,4315
2026-06-04,Sky Lounge,Jose Cuervo,Tequila,0,1723,1723,0,2809
2026-06-04,Sky Lounge,Kingfisher Premium,Beer,0,0,15326,15326,0
2026-06-04,Sky Lounge,Smirnoff Vodka,Vodka,0,4732,4732,0,5010
2026-06-05,Garden Bar,Bacardi White,Rum,0,2497,2725,228,0
2026-06-05,Garden Bar,Baileys,Liqueur,0,820,820,0,245
2026-06-05,Garden Bar,Bombay Sapphire,Gin,8250,3127,3127,0,6316
2026-06-05,Garden Bar,Heineken,Beer,9100,9100,9498,398,0
2026-06-05,Garden Bar,Hennessy,Brandy,0,618,618,0,4340
2026-06-05,Garden Bar,Jack Daniel's,Whisky,14250,1711,1711,0,13864
2026-06-05,Garden Bar,Johnnie Walker Red,Whisky,0,3925,3925,0,4287
2026-06-05,Garden Bar,Jose Cuervo,Tequila,10500,1311,1311,0,9189
2026-06-05,Garden Bar,Kingfisher Premium,Beer,0,0,10900,10900,0
2026-06-05,Garden Bar,Smirnoff Vodka,Vodka,0,0,4442,4442,0
2026-06-05,Lobby Bar,Bacardi White,Rum,0,3003,3003,0,3936
2026-06-05,Lobby Bar,Baileys,Liqueur,0,906,906,0,5641
2026-06-05,Lobby Bar,Bombay Sapphire,Gin,0,2600,2600,0,6612
2026-06-05,Lobby Bar,Heineken,Beer,0,7490,8972,1482,0
2026-06-05,Lobby Bar,Hennessy,Brandy,0,829,829,0,1579
2026-06-05,Lobby Bar,Jack Daniel's,Whisky,0,2026,2026,0,3205
2026-06-05,Lobby Bar,Johnnie Walker Red,Whisky,0,3333,3333,0,9084
2026-06-05,Lobby Bar,Jose Cuervo,Tequila,0,896,1703,807,401
2026-06-05,Lobby Bar,Kingfisher Premium,Beer,5200,5200,13536,8336,0
2026-06-05,Lobby Bar,Smirnoff Vodka,Vodka,6000,4716,4716,0,3853
2026-06-05,Pool Bar,Bacardi White,Rum,7500,3477,3477,0,10152
2026-06-05,Pool Bar,Baileys,Liqueur,0,1077,1077,0,968
2026-06-05,Pool Bar,Bombay Sapphire,Gin,12000,2980,2980,0,13541
2026-06-05,Pool Bar,Heineken,Beer,0,0,10757,10757,0
2026-06-05,Pool Bar,Hennessy,Brandy,0,739,739,0,1575
2026-06-05,Pool Bar,Jack Daniel's,Whisky,0,2951,2951,0,1825
2026-06-05,Pool Bar,Johnnie Walker Red,Whisky,0,4059,5327,1268,0
2026-06-05,Pool Bar,Jose Cuervo,Tequila,0,2159,2159,0,1063
2026-06-05,Pool Bar,Kingfisher Premium,Beer,0,73,12956,12883,0
2026-06-05,Pool Bar,Smirnoff Vodka,Vodka,0,0,4745,4745,0
2026-06-05,Rooftop Bar,Bacardi White,Rum,0,5236,5236,0,8565
2026-06-05,Rooftop Bar,Baileys,Liqueur,0,0,0,0,5783
2026-06-05,Rooftop Bar,Bombay Sapphire,Gin,14250,3910,3910,0,15394
2026-06-05,Rooftop Bar,Heineken,Beer,0,0,13239,13239,0
2026-06-05,Rooftop Bar,Hennessy,Brandy,0,1091,1091,0,5267
2026-06-05,Rooftop Bar,Jack Daniel's,Whisky,0,3070,3070,0,1229
2026-06-05,Rooftop Bar,Johnnie Walker Red,Whisky,0,5378,5378,0,10691
2026-06-05,Rooftop Bar,Jose Cuervo,Tequila,0,2330,2330,0,10347
2026-06-05,Rooftop Bar,Kingfisher Premium,Beer,9750,9750,21083,11333,0
2026-06-05,Rooftop Bar,Smirnoff Vodka,Vodka,0,0,7306,7306,0
2026-06-05,Sky Lounge,Bacardi White,Rum,0,4033,6653,2620,0
2026-06-05,Sky Lounge,Baileys,Liqueur,0,1837,1837,0,2604
2026-06-05,Sky Lounge,Bombay Sapphire,Gin,0,3834,3834,0,12603
2026-06-05,Sky Lounge,Heineken,Beer,0,0,17097,17097,0
2026-06-05,Sky Lounge,Hennessy,Brandy,0,764,764,0,4936
2026-06-05,Sky Lounge,Jack Daniel's,Whisky,6750,3140,3140,0,6461
2026-06-05,Sky Lounge,Johnnie Walker Red,Whisky,6750,4193,4193,0,4942
2026-06-05,Sky Lounge,Jose Cuervo,Tequila,15000,2548,2548,0,15261
2026-06-05,Sky Lounge,Kingfisher Premium,Beer,0,0,16466,16466,0
2026-06-05,Sky Lounge,Smirnoff Vodka,Vodka,10500,7126,7126,0,4845
2026-06-06,Garden Bar,Bacardi White,Rum,6750,3025,3025,0,3725
2026-06-06,Garden Bar,Baileys,Liqueur,10500,870,870,0,10632
2026-06-06,Garden Bar,Bombay Sapphire,Gin,0,3043,3043,0,3273
2026-06-06,Garden Bar,Heineken,Beer,0,0,7582,7582,0
2026-06-06,Garden Bar,Hennessy,Brandy,0,0,0,0,3802
2026-06-06,Garden Bar,Jack Daniel's,Whisky,0,2560,2560,0,11304
2026-06-06,Garden Bar,Johnnie Walker Red,Whisky,0,3540,3540,0,1705
2026-06-06,Garden Bar,Jose Cuervo,Tequila,0,1314,1314,0,8707
2026-06-06,Garden Bar,Kingfisher Premium,Beer,5850,5850,10446,4596,0
2026-06-06,Garden Bar,Smirnoff Vodka,Vodka,0,0,4342,4342,0
2026-06-06,Lobby Bar,Bacardi White,Rum,0,3753,3753,0,183
2026-06-06,Lobby Bar,Baileys,Liqueur,0,1168,1168,0,4473
2026-06-06,Lobby Bar,Bombay Sapphire,Gin,0,2851,2851,0,3990
2026-06-06,Lobby Bar,Heineken,Beer,13000,7841,7841,0,5159
2026-06-06,Lobby Bar,Hennessy,Brandy,0,874,874,0,705
2026-06-06,Lobby Bar,Jack Daniel's,Whisky,0,2243,2243,0,1256
2026-06-06,Lobby Bar,Johnnie Walker Red,Whisky,0,3272,3272,0,3363
2026-06-06,Lobby Bar,Jose Cuervo,Tequila,10500,1912,1912,0,9346
2026-06-06,Lobby Bar,Kingfisher Premium,Beer,13000,13000,14652,1652,1665
2026-06-06,Lobby Bar,Smirnoff Vodka,Vodka,0,3853,6895,3042,0
2026-06-06,Pool Bar,Bacardi White,Rum,0,4727,4727,0,4884
2026-06-06,Pool Bar,Baileys,Liqueur,15000,0,0,0,15968
2026-06-06,Pool Bar,Bombay Sapphire,Gin,0,2929,2929,0,11438
2026-06-06,Pool Bar,Heineken,Beer,7150,7150,14328,7178,5274
2026-06-06,Pool Bar,Hennessy,Brandy,0,917,917,0,559
2026-06-06,Pool Bar,Jack Daniel's,Whisky,6750,2562,2562,0,6013
2026-06-06,Pool Bar,Johnnie Walker Red,Whisky,12000,4212,4212,0,7788
2026-06-06,Pool Bar,Jose Cuervo,Tequila,0,747,1908,1161,0
2026-06-06,Pool Bar,Kingfisher Premium,Beer,0,0,16425,16425,0
2026-06-06,Pool Bar,Smirnoff Vodka,Vodka,0,0,6029,6029,0
2026-06-06,Rooftop Bar,Bacardi White,Rum,0,5160,5160,0,7345
2026-06-06,Rooftop Bar,Baileys,Liqueur,0,1480,1480,0,5439
2026-06-06,Rooftop Bar,Bombay Sapphire,Gin,0,3915,3915,0,11479
2026-06-06,Rooftop Bar,Heineken,Beer,10400,10400,13484,3084,0
2026-06-06,Rooftop Bar,Hennessy,Brandy,0,986,986,0,5072
2026-06-06,Rooftop Bar,Jack Daniel's,Whisky,0,1229,5178,3949,0
2026-06-06,Rooftop Bar,Johnnie Walker Red,Whisky,0,6450,6450,0,4241
2026-06-06,Rooftop Bar,Jose Cuervo,Tequila,0,3620,3620,0,6241
2026-06-06,Rooftop Bar,Kingfisher Premium,Beer,0,0,19587,19587,0
2026-06-06,Rooftop Bar,Smirnoff Vodka,Vodka,0,0,8081,8081,0
2026-06-06,Sky Lounge,Bacardi White,Rum,0,0,6537,6537,0
2026-06-06,Sky Lounge,Baileys,Liqueur,12750,0,0,0,15354
2026-06-06,Sky Lounge,Bombay Sapphire,Gin,0,4841,4841,0,7762
2026-06-06,Sky Lounge,Heineken,Beer,0,0,15653,15653,0
2026-06-06,Sky Lounge,Hennessy,Brandy,0,1520,1520,0,3784
2026-06-06,Sky Lounge,Jack Daniel's,Whisky,0,4800,4800,0,2396
2026-06-06,Sky Lounge,Johnnie Walker Red,Whisky,0,4942,7909,2967,0
2026-06-06,Sky Lounge,Jose Cuervo,Tequila,0,2977,2977,0,12284
2026-06-06,Sky Lounge,Kingfisher Premium,Beer,0,0,22333,22333,0
2026-06-06,Sky Lounge,Smirnoff Vodka,Vodka,15750,8238,8238,0,12470
2026-06-07,Garden Bar,Bacardi White,Rum,0,2220,2220,0,1505
2026-06-07,Garden Bar,Baileys,Liqueur,0,673,673,0,9202
2026-06-07,Garden Bar,Bombay Sapphire,Gin,0,1351,1351,0,1922
2026-06-07,Garden Bar,Heineken,Beer,7150,5476,5476,0,1674
2026-06-07,Garden Bar,Hennessy,Brandy,0,523,523,0,3279
2026-06-07,Garden Bar,Jack Daniel's,Whisky,0,1361,1361,0,9943
2026-06-07,Garden Bar,Johnnie Walker Red,Whisky,9000,2909,2909,0,6640
2026-06-07,Garden Bar,Jose Cuervo,Tequila,0,947,947,0,6928
2026-06-07,Garden Bar,Kingfisher Premium,Beer,0,0,6264,6264,0
2026-06-07,Garden Bar,Smirnoff Vodka,Vodka,0,0,3344,3344,0
2026-06-07,Lobby Bar,Bacardi White,Rum,15750,2022,2022,0,15204
2026-06-07,Lobby Bar,Baileys,Liqueur,0,684,684,0,4256
2026-06-07,Lobby Bar,Bombay Sapphire,Gin,0,2148,2148,0,1613
2026-06-07,Lobby Bar,Heineken,Beer,0,5159,7601,2442,306
2026-06-07,Lobby Bar,Hennessy,Brandy,0,629,629,0,76
2026-06-07,Lobby Bar,Jack Daniel's,Whisky,12750,1752,1752,0,12765
2026-06-07,Lobby Bar,Johnnie Walker Red,Whisky,8250,3331,3331,0,8282
2026-06-07,Lobby Bar,Jose Cuervo,Tequila,0,1408,1408,0,7803
2026-06-07,Lobby Bar,Kingfisher Premium,Beer,0,0,10773,10773,0
2026-06-07,Lobby Bar,Smirnoff Vodka,Vodka,12000,3548,3548,0,8452
2026-06-07,Pool Bar,Bacardi White,Rum,0,3027,3485,458,0
2026-06-07,Pool Bar,Baileys,Liqueur,0,0,0,0,15968
2026-06-07,Pool Bar,Bombay Sapphire,Gin,0,2550,2550,0,8062
2026-06-07,Pool Bar,Heineken,Beer,0,0,7788,7788,0
2026-06-07,Pool Bar,Hennessy,Brandy,5600,624,624,0,5020
2026-06-07,Pool Bar,Jack Daniel's,Whisky,0,1593,1593,0,4420
2026-06-07,Pool Bar,Johnnie Walker Red,Whisky,0,4523,4523,0,3265
2026-06-07,Pool Bar,Jose Cuervo,Tequila,14250,1516,1516,0,12734
2026-06-07,Pool Bar,Kingfisher Premium,Beer,0,0,11721,11721,0
2026-06-07,Pool Bar,Smirnoff Vodka,Vodka,9750,4978,4978,0,4772
2026-06-07,Rooftop Bar,Bacardi White,Rum,0,3405,3956,551,0
2026-06-07,Rooftop Bar,Baileys,Liqueur,0,1024,1024,0,3946
2026-06-07,Rooftop Bar,Bombay Sapphire,Gin,0,3316,3316,0,8163
2026-06-07,Rooftop Bar,Heineken,Beer,5850,5850,10291,4441,0
2026-06-07,Rooftop Bar,Hennessy,Brandy,0,1001,1001,0,3280
2026-06-07,Rooftop Bar,Jack Daniel's,Whisky,0,0,3381,3381,0
2026-06-07,Rooftop Bar,Johnnie Walker Red,Whisky,0,4241,6154,1913,0
2026-06-07,Rooftop Bar,Jose Cuervo,Tequila,0,1916,1916,0,5586
2026-06-07,Rooftop Bar,Kingfisher Premium,Beer,0,0,13262,13262,0
2026-06-07,Rooftop Bar,Smirnoff Vodka,Vodka,0,0,4963,4963,0
2026-06-07,Sky Lounge,Bacardi White,Rum,0,0,3755,3755,0
2026-06-07,Sky Lounge,Baileys,Liqueur,0,1621,1621,0,14335
2026-06-07,Sky Lounge,Bombay Sapphire,Gin,0,2418,2418,0,5344
2026-06-07,Sky Lounge,Heineken,Beer,13000,12209,12209,0,2463
2026-06-07,Sky Lounge,Hennessy,Brandy,0,1022,1022,0,2454
2026-06-07,Sky Lounge,Jack Daniel's,Whisky,11250,3272,3272,0,9639
2026-06-07,Sky Lounge,Johnnie Walker Red,Whisky,9750,4938,4938,0,4812
2026-06-07,Sky Lounge,Jose Cuervo,Tequila,0,1769,1769,0,10515
2026-06-07,Sky Lounge,Kingfisher Premium,Beer,5850,5850,15989,10139,0
2026-06-07,Sky Lounge,Smirnoff Vodka,Vodka,0,6084,6084,0,6273
2026-06-08,Garden Bar,Bacardi White,Rum,11250,1528,1528,0,11227
2026-06-08,Garden Bar,Baileys,Liqueur,0,459,459,0,8743
2026-06-08,Garden Bar,Bombay Sapphire,Gin,0,1330,1330,0,592
2026-06-08,Garden Bar,Heineken,Beer,9100,2514,2514,0,10207
2026-06-08,Garden Bar,Hennessy,Brandy,0,459,459,0,2820
2026-06-08,Garden Bar,Jack Daniel's,Whisky,0,1241,1241,0,8702
2026-06-08,Garden Bar,Johnnie Walker Red,Whisky,0,1981,1981,0,4659
2026-06-08,Garden Bar,Jose Cuervo,Tequila,0,873,873,0,6055
2026-06-08,Garden Bar,Kingfisher Premium,Beer,0,0,4796,4796,0
2026-06-08,Garden Bar,Smirnoff Vodka,Vodka,0,0,1660,1660,0
2026-06-08,Lobby Bar,Bacardi White,Rum,0,1922,1922,0,11989
2026-06-08,Lobby Bar,Baileys,Liqueur,0,607,607,0,3182
2026-06-08,Lobby Bar,Bombay Sapphire,Gin,0,1405,1405,0,320
2026-06-08,Lobby Bar,Heineken,Beer,0,0,4702,4702,0
2026-06-08,Lobby Bar,Hennessy,Brandy,0,76,373,297,0
2026-06-08,Lobby Bar,Jack Daniel's,Whisky,0,1410,1410,0,9902
2026-06-08,Lobby Bar,Johnnie Walker Red,Whisky,0,2554,2554,0,5728
2026-06-08,Lobby Bar,Jose Cuervo,Tequila,0,852,852,0,6328
2026-06-08,Lobby Bar,Kingfisher Premium,Beer,0,0,4651,4651,0
2026-06-08,Lobby Bar,Smirnoff Vodka,Vodka,0,3002,3002,0,7766
2026-06-08,Pool Bar,Bacardi White,Rum,0,0,2482,2482,0
2026-06-08,Pool Bar,Baileys,Liqueur,0,699,699,0,15598
2026-06-08,Pool Bar,Bombay Sapphire,Gin,0,1810,1810,0,6252
2026-06-08,Pool Bar,Heineken,Beer,0,0,7150,7150,0
2026-06-08,Pool Bar,Hennessy,Brandy,0,548,548,0,4472
2026-06-08,Pool Bar,Jack Daniel's,Whisky,0,1639,1639,0,2781
2026-06-08,Pool Bar,Johnnie Walker Red,Whisky,0,2968,2968,0,297
2026-06-08,Pool Bar,Jose Cuervo,Tequila,0,1352,1352,0,11382
2026-06-08,Pool Bar,Kingfisher Premium,Beer,0,0,9353,9353,0
2026-06-08,Pool Bar,Smirnoff Vodka,Vodka,0,3292,3292,0,1480
2026-06-08,Rooftop Bar,Bacardi White,Rum,15750,2938,2938,0,15316
2026-06-08,Rooftop Bar,Baileys,Liqueur,0,774,774,0,2505
2026-06-08,Rooftop Bar,Bombay Sapphire,Gin,0,1490,1490,0,7930
2026-06-08,Rooftop Bar,Heineken,Beer,8450,7138,7138,0,1312
2026-06-08,Rooftop Bar,Hennessy,Brandy,0,823,823,0,3233
2026-06-08,Rooftop Bar,Jack Daniel's,Whisky,12750,1657,1657,0,12493
2026-06-08,Rooftop Bar,Johnnie Walker Red,Whisky,9750,4502,4502,0,9125
2026-06-08,Rooftop Bar,Jose Cuervo,Tequila,0,1453,1453,0,2872
2026-06-08,Rooftop Bar,Kingfisher Premium,Beer,0,0,8617,8617,0
2026-06-08,Rooftop Bar,Smirnoff Vodka,Vodka,15000,4536,4536,0,12947
2026-06-08,Sky Lounge,Bacardi White,Rum,0,0,3253,3253,0
2026-06-08,Sky Lounge,Baileys,Liqueur,0,1060,1060,0,12673
2026-06-08,Sky Lounge,Bombay Sapphire,Gin,0,2347,2347,0,2997
2026-06-08,Sky Lounge,Heineken,Beer,0,791,11503,10712,0
2026-06-08,Sky Lounge,Hennessy,Brandy,0,750,750,0,1547
2026-06-08,Sky Lounge,Jack Daniel's,Whisky,0,2414,2414,0,7225
2026-06-08,Sky Lounge,Johnnie Walker Red,Whisky,0,3974,3974,0,1225
2026-06-08,Sky Lounge,Jose Cuervo,Tequila,0,1561,1561,0,8954
2026-06-08,Sky Lounge,Kingfisher Premium,Beer,13650,10129,10129,0,12814
2026-06-08,Sky Lounge,Smirnoff Vodka,Vodka,12750,4817,4817,0,14206
2026-06-09,Garden Bar,Bacardi White,Rum,0,1750,1750,0,9477
2026-06-09,Garden Bar,Baileys,Liqueur,0,522,522,0,8408
2026-06-09,Garden Bar,Bombay Sapphire,Gin,0,592,1715,1123,0
2026-06-09,Garden Bar,Heineken,Beer,0,4516,4516,0,6410
2026-06-09,Garden Bar,Hennessy,Brandy,0,0,0,0,2820
2026-06-09,Garden Bar,Jack Daniel's,Whisky,0,981,981,0,7721
2026-06-09,Garden Bar,Johnnie Walker Red,Whisky,0,1927,1927,0,2732
2026-06-09,Garden Bar,Jose Cuervo,Tequila,0,972,972,0,5083
2026-06-09,Garden Bar,Kingfisher Premium,Beer,5200,5200,7206,2006,0
2026-06-09,Garden Bar,Smirnoff Vodka,Vodka,7500,2241,2241,0,5259
2026-06-09,Lobby Bar,Bacardi White,Rum,0,2230,2230,0,11699
2026-06-09,Lobby Bar,Baileys,Liqueur,0,716,716,0,2466
2026-06-09,Lobby Bar,Bombay Sapphire,Gin,11250,2053,2053,0,9405
2026-06-09,Lobby Bar,Heineken,Beer,0,0,6127,6127,0
2026-06-09,Lobby Bar,Hennessy,Brandy,0,0,462,462,0
2026-06-09,Lobby Bar,Jack Daniel's,Whisky,0,1417,1417,0,9448
2026-06-09,Lobby Bar,Johnnie Walker Red,Whisky,0,2881,2881,0,3804
2026-06-09,Lobby Bar,Jose Cuervo,Tequila,0,1325,1325,0,5003
2026-06-09,Lobby Bar,Kingfisher Premium,Beer,0,0,7660,7660,0
2026-06-09,Lobby Bar,Smirnoff Vodka,Vodka,0,3668,3668,0,1782
2026-06-09,Pool Bar,Bacardi White,Rum,15000,2393,2393,0,14158
2026-06-09,Pool Bar,Baileys,Liqueur,0,785,785,0,14751
2026-06-09,Pool Bar,Bombay Sapphire,Gin,0,2348,2348,0,3904
2026-06-09,Pool Bar,Heineken,Beer,0,0,6420,6420,0
2026-06-09,Pool Bar,Hennessy,Brandy,0,742,742,0,3730
2026-06-09,Pool Bar,Jack Daniel's,Whisky,0,1746,1746,0,1035
2026-06-09,Pool Bar,Johnnie Walker Red,Whisky,8250,2685,2685,0,5862
2026-06-09,Pool Bar,Jose Cuervo,Tequila,0,1257,1257,0,10125
2026-06-09,Pool Bar,Kingfisher Premium,Beer,0,0,10188,10188,0
2026-06-09,Pool Bar,Smirnoff Vodka,Vodka,0,1480,2973,1493,42
2026-06-09,Rooftop Bar,Bacardi White,Rum,0,2719,2719,0,10093
2026-06-09,Rooftop Bar,Baileys,Liqueur,0,737,737,0,2218
2026-06-09,Rooftop Bar,Bombay Sapphire,Gin,0,2552,2552,0,4121
2026-06-09,Rooftop Bar,Heineken,Beer,0,1312,8875,7563,1186
2026-06-09,Rooftop Bar,Hennessy,Brandy,0,881,881,0,2133
2026-06-09,Rooftop Bar,Jack Daniel's,Whisky,0,2552,2552,0,8541
2026-06-09,Rooftop Bar,Johnnie Walker Red,Whisky,8250,2726,2726,0,12586
2026-06-09,Rooftop Bar,Jose Cuervo,Tequila,0,1362,1362,0,2004
2026-06-09,Rooftop Bar,Kingfisher Premium,Beer,0,0,10249,10249,0
2026-06-09,Rooftop Bar,Smirnoff Vodka,Vodka,0,4944,4944,0,5520
2026-06-09,Sky Lounge,Bacardi White,Rum,0,0,3138,3138,0
2026-06-09,Sky Lounge,Baileys,Liqueur,0,1089,1089,0,11584
2026-06-09,Sky Lounge,Bombay Sapphire,Gin,15000,3564,3564,0,14433
2026-06-09,Sky Lounge,Heineken,Beer,0,0,10239,10239,0
2026-06-09,Sky Lounge,Hennessy,Brandy,0,0,0,0,1547
2026-06-09,Sky Lounge,Jack Daniel's,Whisky,0,2339,2339,0,7112
2026-06-09,Sky Lounge,Johnnie Walker Red,Whisky,0,838,4414,3576,0
2026-06-09,Sky Lounge,Jose Cuervo,Tequila,0,1544,1544,0,7410
2026-06-09,Sky Lounge,Kingfisher Premium,Beer,0,3521,14895,11374,0
2026-06-09,Sky Lounge,Smirnoff Vodka,Vodka,0,4550,4550,0,9656
2026-06-10,Garden Bar,Bacardi White,Rum,0,2123,2123,0,9249
2026-06-10,Garden Bar,Baileys,Liqueur,0,740,740,0,7481
2026-06-10,Garden Bar,Bombay Sapphire,Gin,15750,1410,1410,0,14340
2026-06-10,Garden Bar,Heineken,Beer,0,3744,4379,635,1538
2026-06-10,Garden Bar,Hennessy,Brandy,0,511,511,0,2506
2026-06-10,Garden Bar,Jack Daniel's,Whisky,0,1499,1499,0,6222
2026-06-10,Garden Bar,Johnnie Walker Red,Whisky,15000,2036,2036,0,16355
2026-06-10,Garden Bar,Jose Cuervo,Tequila,0,928,928,0,4155
2026-06-10,Garden Bar,Kingfisher Premium,Beer,8450,7474,7474,0,976
2026-06-10,Garden Bar,Smirnoff Vodka,Vodka,0,2862,2862,0,2397
2026-06-10,Lobby Bar,Bacardi White,Rum,0,2232,2232,0,7527
2026-06-10,Lobby Bar,Baileys,Liqueur,0,736,736,0,2274
2026-06-10,Lobby Bar,Bombay Sapphire,Gin,0,1817,1817,0,7937
2026-06-10,Lobby Bar,Heineken,Beer,0,0,7386,7386,0
2026-06-10,Lobby Bar,Hennessy,Brandy,0,0,595,595,0
2026-06-10,Lobby Bar,Jack Daniel's,Whisky,0,1433,1433,0,7052
2026-06-10,Lobby Bar,Johnnie Walker Red,Whisky,10500,2518,2518,0,11877
2026-06-10,Lobby Bar,Jose Cuervo,Tequila,0,1032,1032,0,3971
2026-06-10,Lobby Bar,Kingfisher Premium,Beer,0,0,8036,8036,0
2026-06-10,Lobby Bar,Smirnoff Vodka,Vodka,0,1782,2164,382,0
2026-06-10,Pool Bar,Bacardi White,Rum,0,2472,2472,0,11804
2026-06-10,Pool Bar,Baileys,Liqueur,0,870,870,0,14309
2026-06-10,Pool Bar,Bombay Sapphire,Gin,0,2080,2080,0,1824
2026-06-10,Pool Bar,Heineken,Beer,0,0,7175,7175,0
2026-06-10,Pool Bar,Hennessy,Brandy,0,651,651,0,3079
2026-06-10,Pool Bar,Jack Daniel's,Whisky,0,1035,1094,59,627
2026-06-10,Pool Bar,Johnnie Walker Red,Whisky,0,2755,2755,0,4288
2026-06-10,Pool Bar,Jose Cuervo,Tequila,0,1271,1271,0,9371
2026-06-10,Pool Bar,Kingfisher Premium,Beer,5850,5850,6686,836,0
2026-06-10,Pool Bar,Smirnoff Vodka,Vodka,0,0,4480,4480,0
2026-06-10,Rooftop Bar,Bacardi White,Rum,0,2361,2361,0,9837
2026-06-10,Rooftop Bar,Baileys,Liqueur,0,1135,1135,0,669
2026-06-10,Rooftop Bar,Bombay Sapphire,Gin,0,2713,2713,0,3514
2026-06-10,Rooftop Bar,Heineken,Beer,7800,7800,10122,2322,0
2026-06-10,Rooftop Bar,Hennessy,Brandy,0,0,0,0,1576
2026-06-10,Rooftop Bar,Jack Daniel's,Whisky,0,1879,1879,0,8276
2026-06-10,Rooftop Bar,Johnnie Walker Red,Whisky,0,5032,5032,0,5740
2026-06-10,Rooftop Bar,Jose Cuervo,Tequila,0,1510,2230,720,0
2026-06-10,Rooftop Bar,Kingfisher Premium,Beer,5200,5200,9509,4309,0
2026-06-10,Rooftop Bar,Smirnoff Vodka,Vodka,0,5132,5132,0,1504
2026-06-10,Sky Lounge,Bacardi White,Rum,0,0,3214,3214,0
2026-06-10,Sky Lounge,Baileys,Liqueur,0,0,0,0,11584
2026-06-10,Sky Lounge,Bombay Sapphire,Gin,0,2416,2416,0,13775
2026-06-10,Sky Lounge,Heineken,Beer,9750,8957,8957,0,793
2026-06-10,Sky Lounge,Hennessy,Brandy,0,844,844,0,1003
2026-06-10,Sky Lounge,Jack Daniel's,Whisky,0,2669,2669,0,2217
2026-06-10,Sky Lounge,Johnnie Walker Red,Whisky,0,0,4521,4521,0
2026-06-10,Sky Lounge,Jose Cuervo,Tequila,0,1847,1847,0,7109
2026-06-10,Sky Lounge,Kingfisher Premium,Beer,11050,11050,11787,737,0
2026-06-10,Sky Lounge,Smirnoff Vodka,Vodka,0,5565,5565,0,8012
2026-06-11,Garden Bar,Bacardi White,Rum,0,2764,2764,0,4590
2026-06-11,Garden Bar,Baileys,Liqueur,0,0,0,0,7481
2026-06-11,Garden Bar,Bombay Sapphire,Gin,0,2109,2109,0,12231
2026-06-11,Garden Bar,Heineken,Beer,0,0,5180,5180,0
2026-06-11,Garden Bar,Hennessy,Brandy,0,512,512,0,1955
2026-06-11,Garden Bar,Jack Daniel's,Whisky,0,1106,1106,0,5116
2026-06-11,Garden Bar,Johnnie Walker Red,Whisky,0,2337,2337,0,13359
2026-06-11,Garden Bar,Jose Cuervo,Tequila,0,809,809,0,4036
2026-06-11,Garden Bar,Kingfisher Premium,Beer,9100,7587,7587,0,3248
2026-06-11,Garden Bar,Smirnoff Vodka,Vodka,0,2397,3025,628,0
2026-06-11,Lobby Bar,Bacardi White,Rum,0,1673,1673,0,5854
2026-06-11,Lobby Bar,Baileys,Liqueur,0,714,714,0,1016
2026-06-11,Lobby Bar,Bombay Sapphire,Gin,0,1871,1871,0,5717
2026-06-11,Lobby Bar,Heineken,Beer,11050,6495,6495,0,4555
2026-06-11,Lobby Bar,Hennessy,Brandy,8400,504,504,0,8108
2026-06-11,Lobby Bar,Jack Daniel's,Whisky,0,1794,1794,0,6110
2026-06-11,Lobby Bar,Johnnie Walker Red,Whisky,0,2659,2659,0,8170
2026-06-11,Lobby Bar,Jose Cuervo,Tequila,0,1324,1324,0,2647
2026-06-11,Lobby Bar,Kingfisher Premium,Beer,9100,7270,7270,0,7463
2026-06-11,Lobby Bar,Smirnoff Vodka,Vodka,0,0,2930,2930,0
2026-06-11,Pool Bar,Bacardi White,Rum,0,2717,2717,0,9897
2026-06-11,Pool Bar,Baileys,Liqueur,0,830,830,0,13491
2026-06-11,Pool Bar,Bombay Sapphire,Gin,0,1824,2162,338,722
2026-06-11,Pool Bar,Heineken,Beer,10400,7619,7619,0,2781
2026-06-11,Pool Bar,Hennessy,Brandy,0,0,0,0,3079
2026-06-11,Pool Bar,Jack Daniel's,Whisky,0,0,1697,1697,0
2026-06-11,Pool Bar,Johnnie Walker Red,Whisky,0,3107,3720,613,0
2026-06-11,Pool Bar,Jose Cuervo,Tequila,0,1448,1448,0,7566
2026-06-11,Pool Bar,Kingfisher Premium,Beer,0,0,8487,8487,0
2026-06-11,Pool Bar,Smirnoff Vodka,Vodka,0,0,3722,3722,0
2026-06-11,Rooftop Bar,Bacardi White,Rum,0,2817,2817,0,4915
2026-06-11,Rooftop Bar,Baileys,Liqueur,0,633,1172,539,0
2026-06-11,Rooftop Bar,Bombay Sapphire,Gin,0,1408,3210,1802,0
2026-06-11,Rooftop Bar,Heineken,Beer,0,0,6972,6972,0
2026-06-11,Rooftop Bar,Hennessy,Brandy,0,1043,1043,0,737
2026-06-11,Rooftop Bar,Jack Daniel's,Whisky,0,2685,2685,0,3977
2026-06-11,Rooftop Bar,Johnnie Walker Red,Whisky,9000,4158,4158,0,10582
2026-06-11,Rooftop Bar,Jose Cuervo,Tequila,14250,1824,1824,0,12614
2026-06-11,Rooftop Bar,Kingfisher Premium,Beer,0,0,14424,14424,0
2026-06-11,Rooftop Bar,Smirnoff Vodka,Vodka,0,388,3730,3342,0
2026-06-11,Sky Lounge,Bacardi White,Rum,0,0,3078,3078,0
2026-06-11,Sky Lounge,Baileys,Liqueur,0,1043,1043,0,11256
2026-06-11,Sky Lounge,Bombay Sapphire,Gin,0,3289,3289,0,8728
2026-06-11,Sky Lounge,Heineken,Beer,0,793,11171,10378,0
2026-06-11,Sky Lounge,Hennessy,Brandy,0,703,738,35,0
2026-06-11,Sky Lounge,Jack Daniel's,Whisky,0,2217,3300,1083,0
2026-06-11,Sky Lounge,Johnnie Walker Red,Whisky,0,0,3655,3655,0
2026-06-11,Sky Lounge,Jose Cuervo,Tequila,0,1935,1935,0,4555
2026-06-11,Sky Lounge,Kingfisher Premium,Beer,12350,12350,12622,272,0
2026-06-11,Sky Lounge,Smirnoff Vodka,Vodka,7500,6126,6126,0,5465
2026-06-12,Garden Bar,Bacardi White,Rum,0,2626,2626,0,2330
2026-06-12,Garden Bar,Baileys,Liqueur,0,625,625,0,7257
2026-06-12,Garden Bar,Bombay Sapphire,Gin,0,2296,2296,0,9935
2026-06-12,Garden Bar,Heineken,Beer,0,0,8791,8791,0
2026-06-12,Garden Bar,Hennessy,Brandy,0,814,814,0,983
2026-06-12,Garden Bar,Jack Daniel's,Whisky,0,2222,2222,0,4283
2026-06-12,Garden Bar,Johnnie Walker Red,Whisky,0,3430,3430,0,11858
2026-06-12,Garden Bar,Jose Cuervo,Tequila,0,1494,1494,0,1852
2026-06-12,Garden Bar,Kingfisher Premium,Beer,7800,10289,12435,2146,0
2026-06-12,Garden Bar,Smirnoff Vodka,Vodka,0,0,4593,4593,0
2026-06-12,Lobby Bar,Bacardi White,Rum,0,3126,3126,0,2728
2026-06-12,Lobby Bar,Baileys,Liqueur,0,1016,1076,60,0
2026-06-12,Lobby Bar,Bombay Sapphire,Gin,0,2039,2039,0,5200
2026-06-12,Lobby Bar,Heineken,Beer,0,4555,11244,6689,0
2026-06-12,Lobby Bar,Hennessy,Brandy,0,580,580,0,7316
2026-06-12,Lobby Bar,Jack Daniel's,Whisky,0,2108,2108,0,4209
2026-06-12,Lobby Bar,Johnnie Walker Red,Whisky,0,3443,3443,0,6931
2026-06-12,Lobby Bar,Jose Cuervo,Tequila,0,1699,1699,0,948
2026-06-12,Lobby Bar,Kingfisher Premium,Beer,0,1830,10581,8751,0
2026-06-12,Lobby Bar,Smirnoff Vodka,Vodka,0,0,3723,3723,0
2026-06-12,Pool Bar,Bacardi White,Rum,0,3431,3431,0,3987
2026-06-12,Pool Bar,Baileys,Liqueur,0,1516,1516,0,11268
2026-06-12,Pool Bar,Bombay Sapphire,Gin,0,0,2786,2786,0
2026-06-12,Pool Bar,Heineken,Beer,0,2781,8743,5962,0
2026-06-12,Pool Bar,Hennessy,Brandy,0,827,827,0,2330
2026-06-12,Pool Bar,Jack Daniel's,Whisky,0,0,2629,2629,0
2026-06-12,Pool Bar,Johnnie Walker Red,Whisky,0,0,4004,4004,0
2026-06-12,Pool Bar,Jose Cuervo,Tequila,0,1855,1855,0,5551
2026-06-12,Pool Bar,Kingfisher Premium,Beer,10400,10400,14361,3961,6143
2026-06-12,Pool Bar,Smirnoff Vodka,Vodka,0,0,5539,5539,0
2026-06-12,Rooftop Bar,Bacardi White,Rum,0,4915,5144,229,1537
2026-06-12,Rooftop Bar,Baileys,Liqueur,0,0,1319,1319,0
2026-06-12,Rooftop Bar,Bombay Sapphire,Gin,13500,3511,3511,0,11770
2026-06-12,Rooftop Bar,Heineken,Beer,9100,9100,11793,2693,0
2026-06-12,Rooftop Bar,Hennessy,Brandy,0,533,1096,563,0
2026-06-12,Rooftop Bar,Jack Daniel's,Whisky,0,3150,3150,0,827
2026-06-12,Rooftop Bar,Johnnie Walker Red,Whisky,0,6106,6106,0,4476
2026-06-12,Rooftop Bar,Jose Cuervo,Tequila,0,2314,2314,0,10112
2026-06-12,Rooftop Bar,Kingfisher Premium,Beer,0,0,19989,19989,0
2026-06-12,Rooftop Bar,Smirnoff Vodka,Vodka,0,0,7711,7711,0
2026-06-12,Sky Lounge,Bacardi White,Rum,8250,5144,5144,0,3106
2026-06-12,Sky Lounge,Baileys,Liqueur,0,0,0,0,10541
2026-06-12,Sky Lounge,Bombay Sapphire,Gin,0,4293,4293,0,4435
2026-06-12,Sky Lounge,Heineken,Beer,0,0,15275,15275,0
2026-06-12,Sky Lounge,Hennessy,Brandy,13300,1352,1352,0,11948
2026-06-12,Sky Lounge,Jack Daniel's,Whisky,0,0,3035,3035,0
2026-06-12,Sky Lounge,Johnnie Walker Red,Whisky,9000,5514,5514,0,5063
2026-06-12,Sky Lounge,Jose Cuervo,Tequila,0,2451,2451,0,3469
2026-06-12,Sky Lounge,Kingfisher Premium,Beer,0,0,21717,21717,0
2026-06-12,Sky Lounge,Smirnoff Vodka,Vodka,0,5465,6208,743,2543
2026-06-13,Garden Bar,Bacardi White,Rum,12750,2989,2989,0,12997
2026-06-13,Garden Bar,Baileys,Liqueur,0,944,944,0,6284
2026-06-13,Garden Bar,Bombay Sapphire,Gin,0,1570,1570,0,9146
2026-06-13,Garden Bar,Heineken,Beer,0,0,10022,10022,0
2026-06-13,Garden Bar,Hennessy,Brandy,0,724,724,0,259
2026-06-13,Garden Bar,Jack Daniel's,Whisky,8250,1975,1975,0,9169
2026-06-13,Garden Bar,Johnnie Walker Red,Whisky,0,3240,3240,0,6689
2026-06-13,Garden Bar,Jose Cuervo,Tequila,0,1700,1700,0,833
2026-06-13,Garden Bar,Kingfisher Premium,Beer,7150,7150,11459,4309,888
2026-06-13,Garden Bar,Smirnoff Vodka,Vodka,0,0,5139,5139,0
2026-06-13,Lobby Bar,Bacardi White,Rum,0,2728,3794,1066,0
2026-06-13,Lobby Bar,Baileys,Liqueur,0,0,1040,1040,0
2026-06-13,Lobby Bar,Bombay Sapphire,Gin,0,3433,3433,0,245
2026-06-13,Lobby Bar,Heineken,Beer,11050,8549,8549,0,7830
2026-06-13,Lobby Bar,Hennessy,Brandy,0,899,899,0,7302
2026-06-13,Lobby Bar,Jack Daniel's,Whisky,0,2234,2234,0,1788
2026-06-13,Lobby Bar,Johnnie Walker Red,Whisky,15750,3474,3474,0,17003
2026-06-13,Lobby Bar,Jose Cuervo,Tequila,0,948,1918,970,0
2026-06-13,Lobby Bar,Kingfisher Premium,Beer,5200,5200,14847,9647,0
2026-06-13,Lobby Bar,Smirnoff Vodka,Vodka,0,0,4860,4860,0
2026-06-13,Pool Bar,Bacardi White,Rum,0,3771,3771,0,216
2026-06-13,Pool Bar,Baileys,Liqueur,0,1182,1182,0,10086
2026-06-13,Pool Bar,Bombay Sapphire,Gin,14250,3778,3778,0,10472
2026-06-13,Pool Bar,Heineken,Beer,0,0,11225,11225,0
2026-06-13,Pool Bar,Hennessy,Brandy,0,0,0,0,2252
2026-06-13,Pool Bar,Jack Daniel's,Whisky,9750,3122,3122,0,6628
2026-06-13,Pool Bar,Johnnie Walker Red,Whisky,0,0,6037,6037,0
2026-06-13,Pool Bar,Jose Cuervo,Tequila,0,2326,2326,0,3225
2026-06-13,Pool Bar,Kingfisher Premium,Beer,13650,13650,15012,1362,9417
2026-06-13,Pool Bar,Smirnoff Vodka,Vodka,0,0,6111,6111,0
2026-06-13,Rooftop Bar,Bacardi White,Rum,0,0,5226,5226,0
2026-06-13,Rooftop Bar,Baileys,Liqueur,0,0,1462,1462,0
2026-06-13,Rooftop Bar,Bombay Sapphire,Gin,0,4291,4291,0,5698
2026-06-13,Rooftop Bar,Heineken,Beer,0,0,17361,17361,0
2026-06-13,Rooftop Bar,Hennessy,Brandy,8400,1113,1113,0,7287
2026-06-13,Rooftop Bar,Jack Daniel's,Whisky,0,827,4274,3447,0
2026-06-13,Rooftop Bar,Johnnie Walker Red,Whisky,0,4476,5467,991,0
2026-06-13,Rooftop Bar,Jose Cuervo,Tequila,0,2638,2638,0,7474
2026-06-13,Rooftop Bar,Kingfisher Premium,Beer,0,0,19243,19243,0
2026-06-13,Rooftop Bar,Smirnoff Vodka,Vodka,8250,6516,6516,0,1734
2026-06-13,Sky Lounge,Bacardi White,Rum,0,3106,5750,2644,0
2026-06-13,Sky Lounge,Baileys,Liqueur,0,1890,1890,0,8651
2026-06-13,Sky Lounge,Bombay Sapphire,Gin,0,4435,4850,415,0
2026-06-13,Sky Lounge,Heineken,Beer,0,0,15867,15867,0
2026-06-13,Sky Lounge,Hennessy,Brandy,0,1234,1234,0,11239
2026-06-13,Sky Lounge,Jack Daniel's,Whisky,0,0,3769,3769,0
2026-06-13,Sky Lounge,Johnnie Walker Red,Whisky,0,3486,7674,4188,0
2026-06-13,Sky Lounge,Jose Cuervo,Tequila,0,1177,2727,1550,0
2026-06-13,Sky Lounge,Kingfisher Premium,Beer,0,0,22130,22130,0
2026-06-13,Sky Lounge,Smirnoff Vodka,Vodka,0,0,8128,8128,0
2026-06-14,Garden Bar,Bacardi White,Rum,0,1944,1944,0,9781
2026-06-14,Garden Bar,Baileys,Liqueur,0,0,0,0,5912
2026-06-14,Garden Bar,Bombay Sapphire,Gin,0,2052,2052,0,8052
2026-06-14,Garden Bar,Heineken,Beer,0,0,7166,7166,0
2026-06-14,Garden Bar,Hennessy,Brandy,0,259,545,286,0
2026-06-14,Garden Bar,Jack Daniel's,Whisky,0,1487,1487,0,7904
2026-06-14,Garden Bar,Johnnie Walker Red,Whisky,0,2361,2361,0,4328
2026-06-14,Garden Bar,Jose Cuervo,Tequila,15750,960,960,0,14942
2026-06-14,Garden Bar,Kingfisher Premium,Beer,11050,9871,9871,0,6135
2026-06-14,Garden Bar,Smirnoff Vodka,Vodka,0,0,2682,2682,0
2026-06-14,Lobby Bar,Bacardi White,Rum,0,0,2435,2435,0
2026-06-14,Lobby Bar,Baileys,Liqueur,0,0,0,0,0
2026-06-14,Lobby Bar,Bombay Sapphire,Gin,0,245,2416,2171,0
2026-06-14,Lobby Bar,Heineken,Beer,7150,6450,6450,0,9572
2026-06-14,Lobby Bar,Hennessy,Brandy,0,591,591,0,6213
2026-06-14,Lobby Bar,Jack Daniel's,Whisky,0,916,1917,1001,0
2026-06-14,Lobby Bar,Johnnie Walker Red,Whisky,0,2986,2986,0,16256
2026-06-14,Lobby Bar,Jose Cuervo,Tequila,0,0,1499,1499,0
2026-06-14,Lobby Bar,Kingfisher Premium,Beer,5850,5850,9759,3909,833
2026-06-14,Lobby Bar,Smirnoff Vodka,Vodka,0,0,3810,3810,0
2026-06-14,Pool Bar,Bacardi White,Rum,0,216,3633,3417,0
2026-06-14,Pool Bar,Baileys,Liqueur,0,857,857,0,9229
2026-06-14,Pool Bar,Bombay Sapphire,Gin,0,2086,2086,0,9476
2026-06-14,Pool Bar,Heineken,Beer,0,0,8111,8111,0
2026-06-14,Pool Bar,Hennessy,Brandy,0,664,664,0,1588
2026-06-14,Pool Bar,Jack Daniel's,Whisky,0,2186,2186,0,5126
2026-06-14,Pool Bar,Johnnie Walker Red,Whisky,0,0,4163,4163,0
2026-06-14,Pool Bar,Jose Cuervo,Tequila,0,1366,1366,0,1859
2026-06-14,Pool Bar,Kingfisher Premium,Beer,0,0,10592,10592,0
2026-06-14,Pool Bar,Smirnoff Vodka,Vodka,0,0,3749,3749,0
2026-06-14,Rooftop Bar,Bacardi White,Rum,9750,3855,3855,0,8949
2026-06-14,Rooftop Bar,Baileys,Liqueur,8250,1143,1143,0,7107
2026-06-14,Rooftop Bar,Bombay Sapphire,Gin,0,3896,3896,0,4379
2026-06-14,Rooftop Bar,Heineken,Beer,0,0,11183,11183,0
2026-06-14,Rooftop Bar,Hennessy,Brandy,0,815,815,0,6755
2026-06-14,Rooftop Bar,Jack Daniel's,Whisky,0,0,2844,2844,0
2026-06-14,Rooftop Bar,Johnnie Walker Red,Whisky,11250,3953,3953,0,8233
2026-06-14,Rooftop Bar,Jose Cuervo,Tequila,0,2128,2128,0,5346
2026-06-14,Rooftop Bar,Kingfisher Premium,Beer,0,0,11659,11659,0
2026-06-14,Rooftop Bar,Smirnoff Vodka,Vodka,0,1734,3822,2088,0
2026-06-14,Sky Lounge,Bacardi White,Rum,8250,3136,3136,0,5114
2026-06-14,Sky Lounge,Baileys,Liqueur,0,1683,1683,0,6968
2026-06-14,Sky Lounge,Bombay Sapphire,Gin,0,0,3604,3604,0
2026-06-14,Sky Lounge,Heineken,Beer,0,0,12690,12690,0
2026-06-14,Sky Lounge,Hennessy,Brandy,0,1054,1054,0,9660
2026-06-14,Sky Lounge,Jack Daniel's,Whisky,0,0,2677,2677,0
2026-06-14,Sky Lounge,Johnnie Walker Red,Whisky,9000,5714,5714,0,3286
2026-06-14,Sky Lounge,Jose Cuervo,Tequila,0,0,1901,1901,0
2026-06-14,Sky Lounge,Kingfisher Premium,Beer,0,0,13024,13024,0
2026-06-14,Sky Lounge,Smirnoff Vodka,Vodka,12750,6310,6310,0,6440
2026-06-15,Garden Bar,Bacardi White,Rum,0,1764,1764,0,8017
2026-06-15,Garden Bar,Baileys,Liqueur,0,507,507,0,5484
2026-06-15,Garden Bar,Bombay Sapphire,Gin,0,1486,1486,0,5869
2026-06-15,Garden Bar,Heineken,Beer,0,0,4593,4593,0
2026-06-15,Garden Bar,Hennessy,Brandy,0,0,0,0,0
2026-06-15,Garden Bar,Jack Daniel's,Whisky,0,1044,1044,0,6638
2026-06-15,Garden Bar,Johnnie Walker Red,Whisky,0,1664,1664,0,2664
2026-06-15,Garden Bar,Jose Cuervo,Tequila,0,1021,1021,0,14500
2026-06-15,Garden Bar,Kingfisher Premium,Beer,7800,6585,6585,0,2394
2026-06-15,Garden Bar,Smirnoff Vodka,Vodka,0,0,2764,2764,0
2026-06-15,Lobby Bar,Bacardi White,Rum,0,0,2017,2017,0
2026-06-15,Lobby Bar,Baileys,Liqueur,7500,545,545,0,6955
2026-06-15,Lobby Bar,Bombay Sapphire,Gin,0,0,1236,1236,0
2026-06-15,Lobby Bar,Heineken,Beer,0,3201,4735,1534,0
2026-06-15,Lobby Bar,Hennessy,Brandy,0,410,410,0,5416
2026-06-15,Lobby Bar,Jack Daniel's,Whisky,0,0,1612,1612,0
2026-06-15,Lobby Bar,Johnnie Walker Red,Whisky,0,2607,2607,0,12631
2026-06-15,Lobby Bar,Jose Cuervo,Tequila,0,0,985,985,0
2026-06-15,Lobby Bar,Kingfisher Premium,Beer,0,0,6990,6990,0
2026-06-15,Lobby Bar,Smirnoff Vodka,Vodka,7500,2393,2393,0,5107
2026-06-15,Pool Bar,Bacardi White,Rum,0,0,2137,2137,0
2026-06-15,Pool Bar,Baileys,Liqueur,0,540,540,0,8689
2026-06-15,Pool Bar,Bombay Sapphire,Gin,0,1674,1674,0,7347
2026-06-15,Pool Bar,Heineken,Beer,7800,6886,6886,0,4238
2026-06-15,Pool Bar,Hennessy,Brandy,0,593,593,0,1058
2026-06-15,Pool Bar,Jack Daniel's,Whisky,0,1522,1522,0,3403
2026-06-15,Pool Bar,Johnnie Walker Red,Whisky,15750,3109,3109,0,12641
2026-06-15,Pool Bar,Jose Cuervo,Tequila,0,1273,1273,0,1040
2026-06-15,Pool Bar,Kingfisher Premium,Beer,0,0,5659,5659,0
2026-06-15,Pool Bar,Smirnoff Vodka,Vodka,6000,3326,3326,0,2674
2026-06-15,Rooftop Bar,Bacardi White,Rum,0,2592,2592,0,3303
2026-06-15,Rooftop Bar,Baileys,Liqueur,0,734,734,0,6637
2026-06-15,Rooftop Bar,Bombay Sapphire,Gin,0,1802,2516,714,0
2026-06-15,Rooftop Bar,Heineken,Beer,13000,7132,7132,0,5868
2026-06-15,Rooftop Bar,Hennessy,Brandy,0,512,512,0,5960
2026-06-15,Rooftop Bar,Jack Daniel's,Whisky,12750,1943,1943,0,11238
2026-06-15,Rooftop Bar,Johnnie Walker Red,Whisky,0,4377,4377,0,2920
2026-06-15,Rooftop Bar,Jose Cuervo,Tequila,0,1555,1555,0,3791
2026-06-15,Rooftop Bar,Kingfisher Premium,Beer,5850,5850,9707,3857,0
2026-06-15,Rooftop Bar,Smirnoff Vodka,Vodka,0,0,4116,4116,0
2026-06-15,Sky Lounge,Bacardi White,Rum,0,3085,3085,0,2789
2026-06-15,Sky Lounge,Baileys,Liqueur,0,718,718,0,6250
2026-06-15,Sky Lounge,Bombay Sapphire,Gin,0,0,2342,2342,0
2026-06-15,Sky Lounge,Heineken,Beer,0,0,9330,9330,0
2026-06-15,Sky Lounge,Hennessy,Brandy,0,650,650,0,9010
2026-06-15,Sky Lounge,Jack Daniel's,Whisky,11250,1965,1965,0,9285
2026-06-15,Sky Lounge,Johnnie Walker Red,Whisky,0,3286,4200,914,0
2026-06-15,Sky Lounge,Jose Cuervo,Tequila,0,0,1783,1783,0
2026-06-15,Sky Lounge,Kingfisher Premium,Beer,0,0,9716,9716,0
2026-06-15,Sky Lounge,Smirnoff Vodka,Vodka,0,5756,5756,0,684
2026-06-16,Garden Bar,Bacardi White,Rum,0,2087,2087,0,6352
2026-06-16,Garden Bar,Baileys,Liqueur,0,400,400,0,5304
2026-06-16,Garden Bar,Bombay Sapphire,Gin,0,1765,1765,0,3397
2026-06-16,Garden Bar,Heineken,Beer,13650,4424,4424,0,9226
2026-06-16,Garden Bar,Hennessy,Brandy,0,0,311,311,0
2026-06-16,Garden Bar,Jack Daniel's,Whisky,0,984,984,0,5654
2026-06-16,Garden Bar,Johnnie Walker Red,Whisky,0,2217,2217,0,447
2026-06-16,Garden Bar,Jose Cuervo,Tequila,0,916,916,0,13226
2026-06-16,Garden Bar,Kingfisher Premium,Beer,9100,6710,6710,0,4784
2026-06-16,Garden Bar,Smirnoff Vodka,Vodka,6750,2731,2731,0,5810
2026-06-16,Lobby Bar,Bacardi White,Rum,13500,2259,2259,0,11241
2026-06-16,Lobby Bar,Baileys,Liqueur,0,603,603,0,6697
2026-06-16,Lobby Bar,Bombay Sapphire,Gin,0,0,1185,1185,0
2026-06-16,Lobby Bar,Heineken,Beer,0,0,5375,5375,0
2026-06-16,Lobby Bar,Hennessy,Brandy,0,465,465,0,5086
2026-06-16,Lobby Bar,Jack Daniel's,Whisky,0,0,1501,1501,0
2026-06-16,Lobby Bar,Johnnie Walker Red,Whisky,0,2427,2427,0,9675
2026-06-16,Lobby Bar,Jose Cuervo,Tequila,0,0,937,937,0
2026-06-16,Lobby Bar,Kingfisher Premium,Beer,0,0,7020,7020,0
2026-06-16,Lobby Bar,Smirnoff Vodka,Vodka,0,2994,2994,0,2113
2026-06-16,Pool Bar,Bacardi White,Rum,7500,1949,1949,0,5551
2026-06-16,Pool Bar,Baileys,Liqueur,0,692,692,0,7997
2026-06-16,Pool Bar,Bombay Sapphire,Gin,0,1802,1802,0,4910
2026-06-16,Pool Bar,Heineken,Beer,7150,6280,6280,0,1784
2026-06-16,Pool Bar,Hennessy,Brandy,0,602,602,0,393
2026-06-16,Pool Bar,Jack Daniel's,Whisky,0,1679,1679,0,1241
2026-06-16,Pool Bar,Johnnie Walker Red,Whisky,0,3732,3732,0,12296
2026-06-16,Pool Bar,Jose Cuervo,Tequila,0,586,1129,543,0
2026-06-16,Pool Bar,Kingfisher Premium,Beer,0,0,8789,8789,0
2026-06-16,Pool Bar,Smirnoff Vodka,Vodka,0,2674,3122,448,0
2026-06-16,Rooftop Bar,Bacardi White,Rum,7500,3246,3246,0,7557
2026-06-16,Rooftop Bar,Baileys,Liqueur,0,0,0,0,6373
2026-06-16,Rooftop Bar,Bombay Sapphire,Gin,0,0,2902,2902,0
2026-06-16,Rooftop Bar,Heineken,Beer,11050,6831,6831,0,10087
2026-06-16,Rooftop Bar,Hennessy,Brandy,0,0,0,0,5960
2026-06-16,Rooftop Bar,Jack Daniel's,Whisky,0,2212,2212,0,8595
2026-06-16,Rooftop Bar,Johnnie Walker Red,Whisky,0,2920,4021,1101,136
2026-06-16,Rooftop Bar,Jose Cuervo,Tequila,0,1541,1541,0,2250
2026-06-16,Rooftop Bar,Kingfisher Premium,Beer,5200,5200,8065,2865,0
2026-06-16,Rooftop Bar,Smirnoff Vodka,Vodka,15750,5546,5546,0,10204
2026-06-16,Sky Lounge,Bacardi White,Rum,0,2029,3399,1370,0
2026-06-16,Sky Lounge,Baileys,Liqueur,0,957,957,0,5293
2026-06-16,Sky Lounge,Bombay Sapphire,Gin,0,0,2425,2425,0
2026-06-16,Sky Lounge,Heineken,Beer,0,0,9097,9097,0
2026-06-16,Sky Lounge,Hennessy,Brandy,0,806,806,0,8204
2026-06-16,Sky Lounge,Jack Daniel's,Whisky,0,2344,2344,0,6941
2026-06-16,Sky Lounge,Johnnie Walker Red,Whisky,0,0,4230,4230,0
2026-06-16,Sky Lounge,Jose Cuervo,Tequila,0,0,1564,1564,0
2026-06-16,Sky Lounge,Kingfisher Premium,Beer,0,0,13534,13534,0
2026-06-16,Sky Lounge,Smirnoff Vodka,Vodka,0,684,4863,4179,0
2026-06-17,Garden Bar,Bacardi White,Rum,0,1707,1707,0,5022
2026-06-17,Garden Bar,Baileys,Liqueur,0,443,443,0,4562
2026-06-17,Garden Bar,Bombay Sapphire,Gin,0,1472,1472,0,2116
2026-06-17,Garden Bar,Heineken,Beer,0,5364,5364,0,5041
2026-06-17,Garden Bar,Hennessy,Brandy,6300,432,432,0,6235
2026-06-17,Garden Bar,Jack Daniel's,Whisky,0,1592,1592,0,4062
2026-06-17,Garden Bar,Johnnie Walker Red,Whisky,0,447,1882,1435,0
2026-06-17,Garden Bar,Jose Cuervo,Tequila,0,1003,1003,0,12022
2026-06-17,Garden Bar,Kingfisher Premium,Beer,13000,5459,5459,0,12325
2026-06-17,Garden Bar,Smirnoff Vodka,Vodka,0,1939,1939,0,2080
2026-06-17,Lobby Bar,Bacardi White,Rum,0,2001,2001,0,9240
2026-06-17,Lobby Bar,Baileys,Liqueur,0,656,656,0,6247
2026-06-17,Lobby Bar,Bombay Sapphire,Gin,6000,1901,1901,0,4099
2026-06-17,Lobby Bar,Heineken,Beer,8450,5412,5412,0,5635
2026-06-17,Lobby Bar,Hennessy,Brandy,0,533,533,0,4418
2026-06-17,Lobby Bar,Jack Daniel's,Whisky,0,0,1667,1667,0
2026-06-17,Lobby Bar,Johnnie Walker Red,Whisky,0,2869,2869,0,6114
2026-06-17,Lobby Bar,Jose Cuervo,Tequila,0,0,1039,1039,0
2026-06-17,Lobby Bar,Kingfisher Premium,Beer,0,0,8363,8363,0
2026-06-17,Lobby Bar,Smirnoff Vodka,Vodka,0,2113,3196,1083,0
2026-06-17,Pool Bar,Bacardi White,Rum,0,2417,2417,0,3134
2026-06-17,Pool Bar,Baileys,Liqueur,0,822,822,0,7175
2026-06-17,Pool Bar,Bombay Sapphire,Gin,0,1874,1874,0,4267
2026-06-17,Pool Bar,Heineken,Beer,9100,7866,7866,0,6929
2026-06-17,Pool Bar,Hennessy,Brandy,0,393,743,350,221
2026-06-17,Pool Bar,Jack Daniel's,Whisky,0,1241,1740,499,0
2026-06-17,Pool Bar,Johnnie Walker Red,Whisky,0,3036,3036,0,6967
2026-06-17,Pool Bar,Jose Cuervo,Tequila,8250,1140,1140,0,7110
2026-06-17,Pool Bar,Kingfisher Premium,Beer,0,0,10180,10180,0
2026-06-17,Pool Bar,Smirnoff Vodka,Vodka,0,0,3492,3492,0
2026-06-17,Rooftop Bar,Bacardi White,Rum,0,3490,3490,0,5392
2026-06-17,Rooftop Bar,Baileys,Liqueur,0,723,723,0,5650
2026-06-17,Rooftop Bar,Bombay Sapphire,Gin,10500,2236,2236,0,8264
2026-06-17,Rooftop Bar,Heineken,Beer,0,10087,10119,32,8687
2026-06-17,Rooftop Bar,Hennessy,Brandy,0,644,644,0,5316
2026-06-17,Rooftop Bar,Jack Daniel's,Whisky,0,2064,2064,0,6531
2026-06-17,Rooftop Bar,Johnnie Walker Red,Whisky,0,0,3258,3258,0
2026-06-17,Rooftop Bar,Jose Cuervo,Tequila,8250,1122,1122,0,9378
2026-06-17,Rooftop Bar,Kingfisher Premium,Beer,0,0,11346,11346,0
2026-06-17,Rooftop Bar,Smirnoff Vodka,Vodka,0,4861,4861,0,5784
2026-06-17,Sky Lounge,Bacardi White,Rum,7500,3228,3228,0,6775
2026-06-17,Sky Lounge,Baileys,Liqueur,0,1017,1017,0,4276
2026-06-17,Sky Lounge,Bombay Sapphire,Gin,0,0,3566,3566,0
2026-06-17,Sky Lounge,Heineken,Beer,0,0,6835,6835,0
2026-06-17,Sky Lounge,Hennessy,Brandy,0,1000,1000,0,7962
2026-06-17,Sky Lounge,Jack Daniel's,Whisky,0,2735,2735,0,5302
2026-06-17,Sky Lounge,Johnnie Walker Red,Whisky,10500,4125,4125,0,7484
2026-06-17,Sky Lounge,Jose Cuervo,Tequila,14250,1557,1557,0,12693
2026-06-17,Sky Lounge,Kingfisher Premium,Beer,0,0,12795,12795,0
2026-06-17,Sky Lounge,Smirnoff Vodka,Vodka,0,0,5200,5200,0
2026-06-18,Garden Bar,Bacardi White,Rum,0,1794,1794,0,4125
2026-06-18,Garden Bar,Baileys,Liqueur,0,522,522,0,4040
2026-06-18,Garden Bar,Bombay Sapphire,Gin,0,1590,1841,251,0
2026-06-18,Garden Bar,Heineken,Beer,0,3862,5027,1165,0
2026-06-18,Garden Bar,Hennessy,Brandy,0,437,437,0,5431
2026-06-18,Garden Bar,Jack Daniel's,Whisky,0,1429,1429,0,2633
2026-06-18,Garden Bar,Johnnie Walker Red,Whisky,0,0,2440,2440,0
2026-06-18,Garden Bar,Jose Cuervo,Tequila,0,1104,1104,0,11794
2026-06-18,Garden Bar,Kingfisher Premium,Beer,0,7365,7365,0,7919
2026-06-18,Garden Bar,Smirnoff Vodka,Vodka,0,2080,2298,218,1444
2026-06-18,Lobby Bar,Bacardi White,Rum,0,2127,2127,0,8643
2026-06-18,Lobby Bar,Baileys,Liqueur,0,740,740,0,4956
2026-06-18,Lobby Bar,Bombay Sapphire,Gin,0,2413,2413,0,1686
2026-06-18,Lobby Bar,Heineken,Beer,6500,6146,6146,0,3392
2026-06-18,Lobby Bar,Hennessy,Brandy,0,560,560,0,3858
2026-06-18,Lobby Bar,Jack Daniel's,Whisky,0,0,1366,1366,0
2026-06-18,Lobby Bar,Johnnie Walker Red,Whisky,0,2754,2754,0,3804
2026-06-18,Lobby Bar,Jose Cuervo,Tequila,0,0,1016,1016,0
2026-06-18,Lobby Bar,Kingfisher Premium,Beer,0,0,7820,7820,0
2026-06-18,Lobby Bar,Smirnoff Vodka,Vodka,0,0,2682,2682,0
2026-06-18,Pool Bar,Bacardi White,Rum,0,2403,2403,0,2716
2026-06-18,Pool Bar,Baileys,Liqueur,0,834,834,0,6341
2026-06-18,Pool Bar,Bombay Sapphire,Gin,0,2004,2004,0,1032
2026-06-18,Pool Bar,Heineken,Beer,0,3018,8979,5961,0
2026-06-18,Pool Bar,Hennessy,Brandy,13300,550,550,0,12750
2026-06-18,Pool Bar,Jack Daniel's,Whisky,8250,1975,1975,0,6551
2026-06-18,Pool Bar,Johnnie Walker Red,Whisky,0,3173,3173,0,3663
2026-06-18,Pool Bar,Jose Cuervo,Tequila,0,1488,1488,0,5622
2026-06-18,Pool Bar,Kingfisher Premium,Beer,5850,5850,10831,4981,0
2026-06-18,Pool Bar,Smirnoff Vodka,Vodka,0,0,3331,3331,0
2026-06-18,Rooftop Bar,Bacardi White,Rum,0,4067,4136,69,1145
2026-06-18,Rooftop Bar,Baileys,Liqueur,0,0,0,0,5650
2026-06-18,Rooftop Bar,Bombay Sapphire,Gin,0,3894,3894,0,6552
2026-06-18,Rooftop Bar,Heineken,Beer,0,0,7117,7117,0
2026-06-18,Rooftop Bar,Hennessy,Brandy,0,641,641,0,5108
2026-06-18,Rooftop Bar,Jack Daniel's,Whisky,0,2536,2536,0,5161
2026-06-18,Rooftop Bar,Johnnie Walker Red,Whisky,0,0,4366,4366,0
2026-06-18,Rooftop Bar,Jose Cuervo,Tequila,0,1627,1627,0,7751
2026-06-18,Rooftop Bar,Kingfisher Premium,Beer,11050,11050,12411,1361,9922
2026-06-18,Rooftop Bar,Smirnoff Vodka,Vodka,15750,4394,4394,0,16699
2026-06-18,Sky Lounge,Bacardi White,Rum,0,4272,4951,679,0
2026-06-18,Sky Lounge,Baileys,Liqueur,0,1363,1363,0,3561
2026-06-18,Sky Lounge,Bombay Sapphire,Gin,0,0,2986,2986,0
2026-06-18,Sky Lounge,Heineken,Beer,0,0,11397,11397,0
2026-06-18,Sky Lounge,Hennessy,Brandy,0,1004,1004,0,6200
2026-06-18,Sky Lounge,Jack Daniel's,Whisky,0,2654,2654,0,3165
2026-06-18,Sky Lounge,Johnnie Walker Red,Whisky,0,4462,4462,0,2519
2026-06-18,Sky Lounge,Jose Cuervo,Tequila,0,1611,1611,0,11768
2026-06-18,Sky Lounge,Kingfisher Premium,Beer,0,0,13947,13947,0
2026-06-18,Sky Lounge,Smirnoff Vodka,Vodka,0,0,4661,4661,0
2026-06-19,Garden Bar,Bacardi White,Rum,0,2429,2794,365,152
2026-06-19,Garden Bar,Baileys,Liqueur,0,763,763,0,3816
2026-06-19,Garden Bar,Bombay Sapphire,Gin,0,0,2136,2136,0
2026-06-19,Garden Bar,Heineken,Beer,7150,7150,7203,53,0
2026-06-19,Garden Bar,Hennessy,Brandy,0,589,589,0,5201
2026-06-19,Garden Bar,Jack Daniel's,Whisky,11250,2260,2260,0,11623
2026-06-19,Garden Bar,Johnnie Walker Red,Whisky,15750,3035,3035,0,15429
2026-06-19,Garden Bar,Jose Cuervo,Tequila,0,925,925,0,9973
2026-06-19,Garden Bar,Kingfisher Premium,Beer,0,4960,12078,7118,0
2026-06-19,Garden Bar,Smirnoff Vodka,Vodka,8250,4063,4063,0,4187
2026-06-19,Lobby Bar,Bacardi White,Rum,0,3369,3369,0,3744
2026-06-19,Lobby Bar,Baileys,Liqueur,0,905,905,0,4051
2026-06-19,Lobby Bar,Bombay Sapphire,Gin,0,1686,2745,1059,1520
2026-06-19,Lobby Bar,Heineken,Beer,0,3392,6915,3523,0
2026-06-19,Lobby Bar,Hennessy,Brandy,0,805,805,0,3053
2026-06-19,Lobby Bar,Jack Daniel's,Whisky,0,0,2400,2400,0
2026-06-19,Lobby Bar,Johnnie Walker Red,Whisky,0,3128,3128,0,232
2026-06-19,Lobby Bar,Jose Cuervo,Tequila,0,0,1039,1039,0
2026-06-19,Lobby Bar,Kingfisher Premium,Beer,0,0,11823,11823,0
2026-06-19,Lobby Bar,Smirnoff Vodka,Vodka,0,0,4852,4852,0
2026-06-19,Pool Bar,Bacardi White,Rum,0,731,3701,2970,27
2026-06-19,Pool Bar,Baileys,Liqueur,0,1208,1208,0,5133
2026-06-19,Pool Bar,Bombay Sapphire,Gin,0,1032,2590,1558,0
2026-06-19,Pool Bar,Heineken,Beer,0,0,9727,9727,0
2026-06-19,Pool Bar,Hennessy,Brandy,0,880,880,0,11870
2026-06-19,Pool Bar,Jack Daniel's,Whisky,0,2285,2285,0,4659
2026-06-19,Pool Bar,Johnnie Walker Red,Whisky,9000,2819,2819,0,8881
2026-06-19,Pool Bar,Jose Cuervo,Tequila,0,2289,2289,0,3333
2026-06-19,Pool Bar,Kingfisher Premium,Beer,0,0,13300,13300,0
2026-06-19,Pool Bar,Smirnoff Vodka,Vodka,0,0,4268,4268,0
2026-06-19,Rooftop Bar,Bacardi White,Rum,0,0,3994,3994,0
2026-06-19,Rooftop Bar,Baileys,Liqueur,0,1497,1497,0,4221
2026-06-19,Rooftop Bar,Bombay Sapphire,Gin,6000,3956,3956,0,9787
2026-06-19,Rooftop Bar,Heineken,Beer,0,0,11978,11978,0
2026-06-19,Rooftop Bar,Hennessy,Brandy,0,1417,1417,0,3258
2026-06-19,Rooftop Bar,Jack Daniel's,Whisky,14250,3126,3126,0,15119
2026-06-19,Rooftop Bar,Johnnie Walker Red,Whisky,0,0,5539,5539,0
2026-06-19,Rooftop Bar,Jose Cuervo,Tequila,0,3217,3217,0,4534
2026-06-19,Rooftop Bar,Kingfisher Premium,Beer,8450,8450,20960,12510,5367
2026-06-19,Rooftop Bar,Smirnoff Vodka,Vodka,0,5230,5230,0,11469
2026-06-19,Sky Lounge,Bacardi White,Rum,0,0,3049,3049,0
2026-06-19,Sky Lounge,Baileys,Liqueur,0,1558,1558,0,2119
2026-06-19,Sky Lounge,Bombay Sapphire,Gin,0,0,4927,4927,0
2026-06-19,Sky Lounge,Heineken,Beer,0,0,11087,11087,0
2026-06-19,Sky Lounge,Hennessy,Brandy,0,981,981,0,5219
2026-06-19,Sky Lounge,Jack Daniel's,Whisky,0,1552,4236,2684,203
2026-06-19,Sky Lounge,Johnnie Walker Red,Whisky,0,1913,6372,4459,0
2026-06-19,Sky Lounge,Jose Cuervo,Tequila,0,2757,2757,0,9062
2026-06-19,Sky Lounge,Kingfisher Premium,Beer,0,0,18863,18863,0
2026-06-19,Sky Lounge,Smirnoff Vodka,Vodka,14250,6930,6930,0,7320
2026-06-20,Garden Bar,Bacardi White,Rum,11250,3224,3224,0,8026
2026-06-20,Garden Bar,Baileys,Liqueur,0,815,815,0,2625
2026-06-20,Garden Bar,Bombay Sapphire,Gin,9750,2887,2887,0,7486
2026-06-20,Garden Bar,Heineken,Beer,5200,5200,9123,3923,0
2026-06-20,Garden Bar,Hennessy,Brandy,0,816,816,0,4610
2026-06-20,Garden Bar,Jack Daniel's,Whisky,0,2286,2286,0,10625
2026-06-20,Garden Bar,Johnnie Walker Red,Whisky,0,3344,3344,0,10366
2026-06-20,Garden Bar,Jose Cuervo,Tequila,0,1550,1550,0,8423
2026-06-20,Garden Bar,Kingfisher Premium,Beer,8450,8450,10569,2119,5337
2026-06-20,Garden Bar,Smirnoff Vodka,Vodka,10500,4685,4685,0,11846
2026-06-20,Lobby Bar,Bacardi White,Rum,0,3005,3005,0,3006
2026-06-20,Lobby Bar,Baileys,Liqueur,0,993,993,0,3058
2026-06-20,Lobby Bar,Bombay Sapphire,Gin,0,0,1742,1742,0
2026-06-20,Lobby Bar,Heineken,Beer,0,0,8960,8960,0
2026-06-20,Lobby Bar,Hennessy,Brandy,0,1131,1131,0,1922
2026-06-20,Lobby Bar,Jack Daniel's,Whisky,0,0,3127,3127,0
2026-06-20,Lobby Bar,Johnnie Walker Red,Whisky,15000,4709,4709,0,10523
2026-06-20,Lobby Bar,Jose Cuervo,Tequila,0,0,1076,1076,0
2026-06-20,Lobby Bar,Kingfisher Premium,Beer,5850,5850,11396,5546,458
2026-06-20,Lobby Bar,Smirnoff Vodka,Vodka,0,0,5199,5199,0
2026-06-20,Pool Bar,Bacardi White,Rum,15000,4067,4067,0,10933
2026-06-20,Pool Bar,Baileys,Liqueur,0,1342,1342,0,4383
2026-06-20,Pool Bar,Bombay Sapphire,Gin,0,0,3326,3326,0
2026-06-20,Pool Bar,Heineken,Beer,11050,11050,12247,1197,0
2026-06-20,Pool Bar,Hennessy,Brandy,0,0,0,0,11870
2026-06-20,Pool Bar,Jack Daniel's,Whisky,0,1646,1646,0,2344
2026-06-20,Pool Bar,Johnnie Walker Red,Whisky,0,5954,5954,0,2927
2026-06-20,Pool Bar,Jose Cuervo,Tequila,0,2311,2311,0,1022
2026-06-20,Pool Bar,Kingfisher Premium,Beer,0,0,15450,15450,0
2026-06-20,Pool Bar,Smirnoff Vodka,Vodka,0,0,5358,5358,0
2026-06-20,Rooftop Bar,Bacardi White,Rum,0,0,6076,6076,0
2026-06-20,Rooftop Bar,Baileys,Liqueur,0,2069,2069,0,4017
2026-06-20,Rooftop Bar,Bombay Sapphire,Gin,0,4492,4492,0,3232
2026-06-20,Rooftop Bar,Heineken,Beer,0,0,12236,12236,0
2026-06-20,Rooftop Bar,Hennessy,Brandy,0,1091,1091,0,2167
2026-06-20,Rooftop Bar,Jack Daniel's,Whisky,0,3077,3077,0,12042
2026-06-20,Rooftop Bar,Johnnie Walker Red,Whisky,12000,6612,6612,0,5388
2026-06-20,Rooftop Bar,Jose Cuervo,Tequila,0,3065,3065,0,1469
2026-06-20,Rooftop Bar,Kingfisher Premium,Beer,0,0,23416,23416,0
2026-06-20,Rooftop Bar,Smirnoff Vodka,Vodka,0,7698,7698,0,3771
2026-06-20,Sky Lounge,Bacardi White,Rum,0,0,4243,4243,0
2026-06-20,Sky Lounge,Baileys,Liqueur,12000,0,0,0,13355
2026-06-20,Sky Lounge,Bombay Sapphire,Gin,0,0,5223,5223,0
2026-06-20,Sky Lounge,Heineken,Beer,9750,9750,11432,1682,0
2026-06-20,Sky Lounge,Hennessy,Brandy,0,1324,1324,0,4275
2026-06-20,Sky Lounge,Jack Daniel's,Whisky,8250,4203,4203,0,4047
2026-06-20,Sky Lounge,Johnnie Walker Red,Whisky,0,0,6673,6673,0
2026-06-20,Sky Lounge,Jose Cuervo,Tequila,0,2978,2978,0,5347
2026-06-20,Sky Lounge,Kingfisher Premium,Beer,7800,7800,16918,9118,319
2026-06-20,Sky Lounge,Smirnoff Vodka,Vodka,0,7320,9741,2421,0
2026-06-21,Garden Bar,Bacardi White,Rum,0,2113,2113,0,6490
2026-06-21,Garden Bar,Baileys,Liqueur,0,681,681,0,1898
2026-06-21,Garden Bar,Bombay Sapphire,Gin,0,1788,1788,0,5444
2026-06-21,Garden Bar,Heineken,Beer,11050,6628,6628,0,6269
2026-06-21,Garden Bar,Hennessy,Brandy,0,526,526,0,3500
2026-06-21,Garden Bar,Jack Daniel's,Whisky,0,1652,1652,0,9188
2026-06-21,Garden Bar,Johnnie Walker Red,Whisky,0,3030,3030,0,6341
2026-06-21,Garden Bar,Jose Cuervo,Tequila,0,1196,1196,0,7227
2026-06-21,Garden Bar,Kingfisher Premium,Beer,0,0,6317,6317,0
2026-06-21,Garden Bar,Smirnoff Vodka,Vodka,0,3073,3073,0,6929
2026-06-21,Lobby Bar,Bacardi White,Rum,0,739,2801,2062,0
2026-06-21,Lobby Bar,Baileys,Liqueur,0,0,0,0,3058
2026-06-21,Lobby Bar,Bombay Sapphire,Gin,0,0,1912,1912,0
2026-06-21,Lobby Bar,Heineken,Beer,0,0,5828,5828,0
2026-06-21,Lobby Bar,Hennessy,Brandy,0,704,704,0,1218
2026-06-21,Lobby Bar,Jack Daniel's,Whisky,0,0,1684,1684,0
2026-06-21,Lobby Bar,Johnnie Walker Red,Whisky,0,2298,2298,0,9586
2026-06-21,Lobby Bar,Jose Cuervo,Tequila,8250,932,932,0,7478
2026-06-21,Lobby Bar,Kingfisher Premium,Beer,11700,6422,6422,0,5278
2026-06-21,Lobby Bar,Smirnoff Vodka,Vodka,0,0,4252,4252,0
2026-06-21,Pool Bar,Bacardi White,Rum,0,3008,3008,0,10196
2026-06-21,Pool Bar,Baileys,Liqueur,0,919,919,0,3025
2026-06-21,Pool Bar,Bombay Sapphire,Gin,10500,2216,2216,0,8284
2026-06-21,Pool Bar,Heineken,Beer,0,0,9104,9104,0
2026-06-21,Pool Bar,Hennessy,Brandy,0,793,793,0,11077
2026-06-21,Pool Bar,Jack Daniel's,Whisky,0,1907,1907,0,1912
2026-06-21,Pool Bar,Johnnie Walker Red,Whisky,9750,3818,3818,0,11580
2026-06-21,Pool Bar,Jose Cuervo,Tequila,0,1022,1805,783,716
2026-06-21,Pool Bar,Kingfisher Premium,Beer,11050,11050,12570,1520,0
2026-06-21,Pool Bar,Smirnoff Vodka,Vodka,0,0,4758,4758,0
2026-06-21,Rooftop Bar,Bacardi White,Rum,13500,4711,4711,0,8789
2026-06-21,Rooftop Bar,Baileys,Liqueur,0,1194,1194,0,1347
2026-06-21,Rooftop Bar,Bombay Sapphire,Gin,0,1922,3925,2003,0
2026-06-21,Rooftop Bar,Heineken,Beer,7150,7150,12256,5106,4555
2026-06-21,Rooftop Bar,Hennessy,Brandy,0,708,708,0,1459
2026-06-21,Rooftop Bar,Jack Daniel's,Whisky,0,2634,2634,0,11192
2026-06-21,Rooftop Bar,Johnnie Walker Red,Whisky,6750,5054,5054,0,9091
2026-06-21,Rooftop Bar,Jose Cuervo,Tequila,0,1469,1954,485,1172
2026-06-21,Rooftop Bar,Kingfisher Premium,Beer,10400,10400,14728,4328,0
2026-06-21,Rooftop Bar,Smirnoff Vodka,Vodka,0,3771,4527,756,257
2026-06-21,Sky Lounge,Bacardi White,Rum,13500,4248,4248,0,9252
2026-06-21,Sky Lounge,Baileys,Liqueur,0,1330,1330,0,12630
2026-06-21,Sky Lounge,Bombay Sapphire,Gin,0,0,4569,4569,0
2026-06-21,Sky Lounge,Heineken,Beer,9750,9750,14349,4599,0
2026-06-21,Sky Lounge,Hennessy,Brandy,0,0,0,0,3895
2026-06-21,Sky Lounge,Jack Daniel's,Whisky,0,2076,2076,0,1971
2026-06-21,Sky Lounge,Johnnie Walker Red,Whisky,13500,4900,4900,0,8600
2026-06-21,Sky Lounge,Jose Cuervo,Tequila,0,2146,2146,0,4058
2026-06-21,Sky Lounge,Kingfisher Premium,Beer,0,0,9360,9360,0
2026-06-21,Sky Lounge,Smirnoff Vodka,Vodka,9000,5795,5795,0,3205
2026-06-22,Garden Bar,Bacardi White,Rum,0,1988,1988,0,3925
2026-06-22,Garden Bar,Baileys,Liqueur,0,0,0,0,1781
2026-06-22,Garden Bar,Bombay Sapphire,Gin,0,1228,1228,0,3847
2026-06-22,Garden Bar,Heineken,Beer,0,4404,4404,0,350
2026-06-22,Garden Bar,Hennessy,Brandy,0,390,390,0,3110
2026-06-22,Garden Bar,Jack Daniel's,Whisky,0,1077,1077,0,6977
2026-06-22,Garden Bar,Johnnie Walker Red,Whisky,0,2081,2081,0,5541
2026-06-22,Garden Bar,Jose Cuervo,Tequila,0,802,802,0,6676
2026-06-22,Garden Bar,Kingfisher Premium,Beer,5850,5850,6444,594,1330
2026-06-22,Garden Bar,Smirnoff Vodka,Vodka,0,2403,2403,0,4526
2026-06-22,Lobby Bar,Bacardi White,Rum,7500,1755,1755,0,5745
2026-06-22,Lobby Bar,Baileys,Liqueur,0,635,635,0,2423
2026-06-22,Lobby Bar,Bombay Sapphire,Gin,15000,1579,1579,0,13421
2026-06-22,Lobby Bar,Heineken,Beer,0,0,5176,5176,0
2026-06-22,Lobby Bar,Hennessy,Brandy,0,374,374,0,1126
2026-06-22,Lobby Bar,Jack Daniel's,Whisky,11250,1469,1469,0,10398
2026-06-22,Lobby Bar,Johnnie Walker Red,Whisky,0,2266,2266,0,5959
2026-06-22,Lobby Bar,Jose Cuervo,Tequila,0,969,969,0,7065
2026-06-22,Lobby Bar,Kingfisher Premium,Beer,11700,7599,7599,0,15806
2026-06-22,Lobby Bar,Smirnoff Vodka,Vodka,0,0,2758,2758,0
2026-06-22,Pool Bar,Bacardi White,Rum,0,2685,2685,0,5240
2026-06-22,Pool Bar,Baileys,Liqueur,0,561,561,0,2311
2026-06-22,Pool Bar,Bombay Sapphire,Gin,0,2134,2134,0,6545
2026-06-22,Pool Bar,Heineken,Beer,0,0,6627,6627,0
2026-06-22,Pool Bar,Hennessy,Brandy,0,574,574,0,10503
2026-06-22,Pool Bar,Jack Daniel's,Whisky,0,437,1544,1107,0
2026-06-22,Pool Bar,Johnnie Walker Red,Whisky,0,2774,2774,0,6085
2026-06-22,Pool Bar,Jose Cuervo,Tequila,15000,1040,1040,0,14173
2026-06-22,Pool Bar,Kingfisher Premium,Beer,0,0,9057,9057,0
2026-06-22,Pool Bar,Smirnoff Vodka,Vodka,0,0,2794,2794,0
2026-06-22,Rooftop Bar,Bacardi White,Rum,0,3043,3043,0,5746
2026-06-22,Rooftop Bar,Baileys,Liqueur,0,630,630,0,260
2026-06-22,Rooftop Bar,Bombay Sapphire,Gin,0,0,2277,2277,0
2026-06-22,Rooftop Bar,Heineken,Beer,0,0,6944,6944,0
2026-06-22,Rooftop Bar,Hennessy,Brandy,0,715,715,0,1238
2026-06-22,Rooftop Bar,Jack Daniel's,Whisky,0,1603,1603,0,7805
2026-06-22,Rooftop Bar,Johnnie Walker Red,Whisky,0,2425,2425,0,4659
2026-06-22,Rooftop Bar,Jose Cuervo,Tequila,15750,1633,1633,0,15088
2026-06-22,Rooftop Bar,Kingfisher Premium,Beer,0,0,13921,13921,0
2026-06-22,Rooftop Bar,Smirnoff Vodka,Vodka,0,0,5013,5013,0
2026-06-22,Sky Lounge,Bacardi White,Rum,0,3828,3828,0,5424
2026-06-22,Sky Lounge,Baileys,Liqueur,0,1317,1317,0,10708
2026-06-22,Sky Lounge,Bombay Sapphire,Gin,0,0,2468,2468,0
2026-06-22,Sky Lounge,Heineken,Beer,0,0,6460,6460,0
2026-06-22,Sky Lounge,Hennessy,Brandy,0,552,552,0,3343
2026-06-22,Sky Lounge,Jack Daniel's,Whisky,0,1971,2402,431,1459
2026-06-22,Sky Lounge,Johnnie Walker Red,Whisky,0,3718,3718,0,4882
2026-06-22,Sky Lounge,Jose Cuervo,Tequila,0,1833,1833,0,1660
2026-06-22,Sky Lounge,Kingfisher Premium,Beer,9750,8874,8874,0,876
2026-06-22,Sky Lounge,Smirnoff Vodka,Vodka,0,3205,4388,1183,0
2026-06-23,Garden Bar,Bacardi White,Rum,0,2154,2154,0,2612
2026-06-23,Garden Bar,Baileys,Liqueur,0,0,0,0,1781
2026-06-23,Garden Bar,Bombay Sapphire,Gin,0,1096,1096,0,2751
2026-06-23,Garden Bar,Heineken,Beer,0,18,4719,4701,0
2026-06-23,Garden Bar,Hennessy,Brandy,0,0,0,0,3110
2026-06-23,Garden Bar,Jack Daniel's,Whisky,0,888,888,0,5720
2026-06-23,Garden Bar,Johnnie Walker Red,Whisky,0,1767,1767,0,4183
2026-06-23,Garden Bar,Jose Cuervo,Tequila,0,986,986,0,5439
2026-06-23,Garden Bar,Kingfisher Premium,Beer,0,0,6113,6113,0
2026-06-23,Garden Bar,Smirnoff Vodka,Vodka,0,2280,2280,0,2246
2026-06-23,Lobby Bar,Bacardi White,Rum,0,2042,2042,0,3703
2026-06-23,Lobby Bar,Baileys,Liqueur,0,0,0,0,2423
2026-06-23,Lobby Bar,Bombay Sapphire,Gin,0,1296,1296,0,12125
2026-06-23,Lobby Bar,Heineken,Beer,0,0,6006,6006,0
2026-06-23,Lobby Bar,Hennessy,Brandy,0,429,429,0,796
2026-06-23,Lobby Bar,Jack Daniel's,Whisky,0,1396,1396,0,8385
2026-06-23,Lobby Bar,Johnnie Walker Red,Whisky,0,2415,2415,0,3544
2026-06-23,Lobby Bar,Jose Cuervo,Tequila,0,878,878,0,5708
2026-06-23,Lobby Bar,Kingfisher Premium,Beer,9750,9029,9029,0,10100
2026-06-23,Lobby Bar,Smirnoff Vodka,Vodka,0,0,2556,2556,0
2026-06-23,Pool Bar,Bacardi White,Rum,0,2811,2811,0,2429
2026-06-23,Pool Bar,Baileys,Liqueur,0,0,0,0,2311
2026-06-23,Pool Bar,Bombay Sapphire,Gin,0,1932,1932,0,5758
2026-06-23,Pool Bar,Heineken,Beer,0,0,6802,6802,0
2026-06-23,Pool Bar,Hennessy,Brandy,0,529,529,0,9974
2026-06-23,Pool Bar,Jack Daniel's,Whisky,0,0,1497,1497,0
2026-06-23,Pool Bar,Johnnie Walker Red,Whisky,0,3048,3048,0,3037
2026-06-23,Pool Bar,Jose Cuervo,Tequila,0,1475,1475,0,13634
2026-06-23,Pool Bar,Kingfisher Premium,Beer,0,0,7806,7806,0
2026-06-23,Pool Bar,Smirnoff Vodka,Vodka,6000,4007,4007,0,1993
2026-06-23,Rooftop Bar,Bacardi White,Rum,0,3393,3393,0,2353
2026-06-23,Rooftop Bar,Baileys,Liqueur,0,260,919,659,0
2026-06-23,Rooftop Bar,Bombay Sapphire,Gin,13500,2663,2663,0,11398
2026-06-23,Rooftop Bar,Heineken,Beer,0,0,6930,6930,0
2026-06-23,Rooftop Bar,Hennessy,Brandy,0,744,852,108,0
2026-06-23,Rooftop Bar,Jack Daniel's,Whisky,0,2516,2516,0,5289
2026-06-23,Rooftop Bar,Johnnie Walker Red,Whisky,0,3362,3362,0,1352
2026-06-23,Rooftop Bar,Jose Cuervo,Tequila,0,1396,1396,0,13801
2026-06-23,Rooftop Bar,Kingfisher Premium,Beer,0,0,14241,14241,0
2026-06-23,Rooftop Bar,Smirnoff Vodka,Vodka,0,0,4353,4353,0
2026-06-23,Sky Lounge,Bacardi White,Rum,0,3249,3249,0,3858
2026-06-23,Sky Lounge,Baileys,Liqueur,0,874,874,0,9834
2026-06-23,Sky Lounge,Bombay Sapphire,Gin,15750,2846,2846,0,13293
2026-06-23,Sky Lounge,Heineken,Beer,0,0,9696,9696,0
2026-06-23,Sky Lounge,Hennessy,Brandy,0,871,871,0,2472
2026-06-23,Sky Lounge,Jack Daniel's,Whisky,12000,2434,2434,0,10484
2026-06-23,Sky Lounge,Johnnie Walker Red,Whisky,7500,3338,3338,0,9044
2026-06-23,Sky Lounge,Jose Cuervo,Tequila,6000,1755,1755,0,5613
2026-06-23,Sky Lounge,Kingfisher Premium,Beer,5200,6076,12258,6182,0
2026-06-23,Sky Lounge,Smirnoff Vodka,Vodka,0,0,5534,5534,0
2026-06-24,Garden Bar,Bacardi White,Rum,0,1326,1326,0,445
2026-06-24,Garden Bar,Baileys,Liqueur,0,412,412,0,1502
2026-06-24,Garden Bar,Bombay Sapphire,Gin,0,1176,1176,0,2228
2026-06-24,Garden Bar,Heineken,Beer,0,0,5887,5887,0
2026-06-24,Garden Bar,Hennessy,Brandy,0,419,419,0,2691
2026-06-24,Garden Bar,Jack Daniel's,Whisky,0,1299,1299,0,5077
2026-06-24,Garden Bar,Johnnie Walker Red,Whisky,14250,1993,1993,0,14750
2026-06-24,Garden Bar,Jose Cuervo,Tequila,0,834,834,0,4605
2026-06-24,Garden Bar,Kingfisher Premium,Beer,0,0,4859,4859,0
2026-06-24,Garden Bar,Smirnoff Vodka,Vodka,15750,2971,2971,0,15025
2026-06-24,Lobby Bar,Bacardi White,Rum,0,1993,1993,0,2477
2026-06-24,Lobby Bar,Baileys,Liqueur,0,767,767,0,1656
2026-06-24,Lobby Bar,Bombay Sapphire,Gin,0,1382,1382,0,10743
2026-06-24,Lobby Bar,Heineken,Beer,11050,7378,7378,0,7970
2026-06-24,Lobby Bar,Hennessy,Brandy,0,0,0,0,415
2026-06-24,Lobby Bar,Jack Daniel's,Whisky,0,1490,1490,0,6895
2026-06-24,Lobby Bar,Johnnie Walker Red,Whisky,0,2769,2769,0,775
2026-06-24,Lobby Bar,Jose Cuervo,Tequila,0,1011,1011,0,4780
2026-06-24,Lobby Bar,Kingfisher Premium,Beer,0,6931,6931,0,3169
2026-06-24,Lobby Bar,Smirnoff Vodka,Vodka,0,0,3491,3491,0
2026-06-24,Pool Bar,Bacardi White,Rum,9000,2448,2448,0,8981
2026-06-24,Pool Bar,Baileys,Liqueur,0,835,835,0,1799
2026-06-24,Pool Bar,Bombay Sapphire,Gin,0,1843,1843,0,3815
2026-06-24,Pool Bar,Heineken,Beer,12350,5490,5490,0,6860
2026-06-24,Pool Bar,Hennessy,Brandy,0,611,611,0,9363
2026-06-24,Pool Bar,Jack Daniel's,Whisky,0,0,1773,1773,0
2026-06-24,Pool Bar,Johnnie Walker Red,Whisky,0,3037,3540,503,269
2026-06-24,Pool Bar,Jose Cuervo,Tequila,0,965,965,0,12046
2026-06-24,Pool Bar,Kingfisher Premium,Beer,0,0,10011,10011,0
2026-06-24,Pool Bar,Smirnoff Vodka,Vodka,0,1993,4570,2577,0
2026-06-24,Rooftop Bar,Bacardi White,Rum,15750,2065,2065,0,16038
2026-06-24,Rooftop Bar,Baileys,Liqueur,13500,746,746,0,13390
2026-06-24,Rooftop Bar,Bombay Sapphire,Gin,0,2422,2422,0,8415
2026-06-24,Rooftop Bar,Heineken,Beer,0,0,10744,10744,0
2026-06-24,Rooftop Bar,Hennessy,Brandy,0,0,820,820,0
2026-06-24,Rooftop Bar,Jack Daniel's,Whisky,0,2224,2224,0,3065
2026-06-24,Rooftop Bar,Johnnie Walker Red,Whisky,0,1297,4026,2729,0
2026-06-24,Rooftop Bar,Jose Cuervo,Tequila,0,1825,1825,0,10896
2026-06-24,Rooftop Bar,Kingfisher Premium,Beer,10400,9712,9712,0,6969
2026-06-24,Rooftop Bar,Smirnoff Vodka,Vodka,0,0,6913,6913,0
2026-06-24,Sky Lounge,Bacardi White,Rum,9750,3731,3731,0,8194
2026-06-24,Sky Lounge,Baileys,Liqueur,0,1128,1128,0,8706
2026-06-24,Sky Lounge,Bombay Sapphire,Gin,0,3224,3224,0,9680
2026-06-24,Sky Lounge,Heineken,Beer,0,0,10371,10371,0
2026-06-24,Sky Lounge,Hennessy,Brandy,0,777,777,0,1695
2026-06-24,Sky Lounge,Jack Daniel's,Whisky,0,2768,2768,0,8759
2026-06-24,Sky Lounge,Johnnie Walker Red,Whisky,0,4253,4253,0,7350
2026-06-24,Sky Lounge,Jose Cuervo,Tequila,0,1768,1768,0,3845
2026-06-24,Sky Lounge,Kingfisher Premium,Beer,0,0,13281,13281,0
2026-06-24,Sky Lounge,Smirnoff Vodka,Vodka,14250,4131,4131,0,10119
2026-06-25,Garden Bar,Bacardi White,Rum,0,445,1877,1432,0
2026-06-25,Garden Bar,Baileys,Liqueur,0,632,632,0,1120
2026-06-25,Garden Bar,Bombay Sapphire,Gin,12000,1375,1375,0,12200
2026-06-25,Garden Bar,Heineken,Beer,13000,5424,5424,0,7576
2026-06-25,Garden Bar,Hennessy,Brandy,0,0,0,0,2691
2026-06-25,Garden Bar,Jack Daniel's,Whisky,0,1113,1113,0,3560
2026-06-25,Garden Bar,Johnnie Walker Red,Whisky,0,3096,3096,0,11654
2026-06-25,Garden Bar,Jose Cuervo,Tequila,0,862,862,0,3743
2026-06-25,Garden Bar,Kingfisher Premium,Beer,0,0,6436,6436,0
2026-06-25,Garden Bar,Smirnoff Vodka,Vodka,0,2290,2290,0,14896
2026-06-25,Lobby Bar,Bacardi White,Rum,12750,1615,1615,0,13995
2026-06-25,Lobby Bar,Baileys,Liqueur,0,0,0,0,1656
2026-06-25,Lobby Bar,Bombay Sapphire,Gin,0,1458,1458,0,9285
2026-06-25,Lobby Bar,Heineken,Beer,0,3672,5533,1861,0
2026-06-25,Lobby Bar,Hennessy,Brandy,10500,434,434,0,10481
2026-06-25,Lobby Bar,Jack Daniel's,Whisky,0,1760,1760,0,5135
2026-06-25,Lobby Bar,Johnnie Walker Red,Whisky,0,775,3161,2386,0
2026-06-25,Lobby Bar,Jose Cuervo,Tequila,0,1231,1231,0,3229
2026-06-25,Lobby Bar,Kingfisher Premium,Beer,5200,7384,7384,0,985
2026-06-25,Lobby Bar,Smirnoff Vodka,Vodka,0,0,3721,3721,0
2026-06-25,Pool Bar,Bacardi White,Rum,0,3612,3612,0,7815
2026-06-25,Pool Bar,Baileys,Liqueur,0,606,606,0,1396
2026-06-25,Pool Bar,Bombay Sapphire,Gin,15750,1976,1976,0,16149
2026-06-25,Pool Bar,Heineken,Beer,11700,8488,8488,0,12800
2026-06-25,Pool Bar,Hennessy,Brandy,0,793,793,0,8570
2026-06-25,Pool Bar,Jack Daniel's,Whisky,0,0,1786,1786,0
2026-06-25,Pool Bar,Johnnie Walker Red,Whisky,0,0,2858,2858,0
2026-06-25,Pool Bar,Jose Cuervo,Tequila,0,1495,1495,0,10025
2026-06-25,Pool Bar,Kingfisher Premium,Beer,13000,8105,8105,0,4895
2026-06-25,Pool Bar,Smirnoff Vodka,Vodka,0,0,3792,3792,0
2026-06-25,Rooftop Bar,Bacardi White,Rum,0,3479,3479,0,13168
2026-06-25,Rooftop Bar,Baileys,Liqueur,0,1394,1394,0,11360
2026-06-25,Rooftop Bar,Bombay Sapphire,Gin,0,3611,3611,0,6309
2026-06-25,Rooftop Bar,Heineken,Beer,12350,9957,9957,0,2393
2026-06-25,Rooftop Bar,Hennessy,Brandy,14700,656,656,0,14609
2026-06-25,Rooftop Bar,Jack Daniel's,Whisky,0,2382,2382,0,683
2026-06-25,Rooftop Bar,Johnnie Walker Red,Whisky,13500,3599,3599,0,11770
2026-06-25,Rooftop Bar,Jose Cuervo,Tequila,0,1631,1631,0,9265
2026-06-25,Rooftop Bar,Kingfisher Premium,Beer,0,688,10682,9994,0
2026-06-25,Rooftop Bar,Smirnoff Vodka,Vodka,0,0,4503,4503,0
2026-06-25,Sky Lounge,Bacardi White,Rum,0,3707,3707,0,4487
2026-06-25,Sky Lounge,Baileys,Liqueur,0,1115,1115,0,7591
2026-06-25,Sky Lounge,Bombay Sapphire,Gin,0,3144,3144,0,6536
2026-06-25,Sky Lounge,Heineken,Beer,0,0,8615,8615,0
2026-06-25,Sky Lounge,Hennessy,Brandy,0,690,690,0,1567
2026-06-25,Sky Lounge,Jack Daniel's,Whisky,0,2725,2725,0,4073
2026-06-25,Sky Lounge,Johnnie Walker Red,Whisky,0,4136,4136,0,655
2026-06-25,Sky Lounge,Jose Cuervo,Tequila,0,1521,1521,0,2324
2026-06-25,Sky Lounge,Kingfisher Premium,Beer,0,0,12024,12024,0
2026-06-25,Sky Lounge,Smirnoff Vodka,Vodka,0,4976,4976,0,5143
2026-06-26,Garden Bar,Bacardi White,Rum,0,0,2375,2375,0
2026-06-26,Garden Bar,Baileys,Liqueur,0,737,880,143,0
2026-06-26,Garden Bar,Bombay Sapphire,Gin,0,1870,1870,0,10330
2026-06-26,Garden Bar,Heineken,Beer,0,7576,7774,198,0
2026-06-26,Garden Bar,Hennessy,Brandy,0,0,0,0,2691
2026-06-26,Garden Bar,Jack Daniel's,Whisky,0,2030,2030,0,1278
2026-06-26,Garden Bar,Johnnie Walker Red,Whisky,0,3770,3770,0,7884
2026-06-26,Garden Bar,Jose Cuervo,Tequila,0,1315,1315,0,2428
2026-06-26,Garden Bar,Kingfisher Premium,Beer,0,0,9344,9344,0
2026-06-26,Garden Bar,Smirnoff Vodka,Vodka,0,3379,3379,0,9642
2026-06-26,Lobby Bar,Bacardi White,Rum,0,2818,2818,0,10402
2026-06-26,Lobby Bar,Baileys,Liqueur,0,1225,1225,0,1223
2026-06-26,Lobby Bar,Bombay Sapphire,Gin,0,2885,2885,0,6400
2026-06-26,Lobby Bar,Heineken,Beer,0,0,7111,7111,0
2026-06-26,Lobby Bar,Hennessy,Brandy,0,739,739,0,9742
2026-06-26,Lobby Bar,Jack Daniel's,Whisky,0,2458,2458,0,2677
2026-06-26,Lobby Bar,Johnnie Walker Red,Whisky,0,0,3797,3797,0
2026-06-26,Lobby Bar,Jose Cuervo,Tequila,0,1421,1421,0,1808
2026-06-26,Lobby Bar,Kingfisher Premium,Beer,0,985,6629,5644,0
2026-06-26,Lobby Bar,Smirnoff Vodka,Vodka,0,0,3715,3715,0
2026-06-26,Pool Bar,Bacardi White,Rum,0,3815,3815,0,3503
2026-06-26,Pool Bar,Baileys,Liqueur,9000,905,905,0,9547
2026-06-26,Pool Bar,Bombay Sapphire,Gin,0,2756,2756,0,13393
2026-06-26,Pool Bar,Heineken,Beer,12350,9041,9041,0,14767
2026-06-26,Pool Bar,Hennessy,Brandy,0,805,805,0,7765
2026-06-26,Pool Bar,Jack Daniel's,Whisky,0,0,2920,2920,0
2026-06-26,Pool Bar,Johnnie Walker Red,Whisky,0,0,3900,3900,0
2026-06-26,Pool Bar,Jose Cuervo,Tequila,0,1730,1730,0,8295
2026-06-26,Pool Bar,Kingfisher Premium,Beer,0,4895,8586,3691,2088
2026-06-26,Pool Bar,Smirnoff Vodka,Vodka,0,0,5148,5148,0
2026-06-26,Rooftop Bar,Bacardi White,Rum,0,4356,4356,0,8203
2026-06-26,Rooftop Bar,Baileys,Liqueur,0,0,0,0,11360
2026-06-26,Rooftop Bar,Bombay Sapphire,Gin,0,4693,4693,0,111
2026-06-26,Rooftop Bar,Heineken,Beer,13000,13173,13173,0,11434
2026-06-26,Rooftop Bar,Hennessy,Brandy,0,892,892,0,13719
2026-06-26,Rooftop Bar,Jack Daniel's,Whisky,0,683,3708,3025,0
2026-06-26,Rooftop Bar,Johnnie Walker Red,Whisky,0,5657,5657,0,8064
2026-06-26,Rooftop Bar,Jose Cuervo,Tequila,0,2637,2637,0,6628
2026-06-26,Rooftop Bar,Kingfisher Premium,Beer,7150,7150,19041,11891,0
2026-06-26,Rooftop Bar,Smirnoff Vodka,Vodka,0,0,6935,6935,0
2026-06-26,Sky Lounge,Bacardi White,Rum,0,4487,5142,655,0
2026-06-26,Sky Lounge,Baileys,Liqueur,0,1188,1188,0,6403
2026-06-26,Sky Lounge,Bombay Sapphire,Gin,0,3530,3530,0,3006
2026-06-26,Sky Lounge,Heineken,Beer,0,0,10791,10791,0
2026-06-26,Sky Lounge,Hennessy,Brandy,0,958,958,0,395
2026-06-26,Sky Lounge,Jack Daniel's,Whisky,0,4073,4093,20,3574
2026-06-26,Sky Lounge,Johnnie Walker Red,Whisky,7500,6429,6429,0,1726
2026-06-26,Sky Lounge,Jose Cuervo,Tequila,15750,3145,3145,0,17737
2026-06-26,Sky Lounge,Kingfisher Premium,Beer,5200,5200,22270,17070,0
2026-06-26,Sky Lounge,Smirnoff Vodka,Vodka,0,5143,7453,2310,0
2026-06-27,Garden Bar,Bacardi White,Rum,0,0,2475,2475,0
2026-06-27,Garden Bar,Baileys,Liqueur,0,0,859,859,0
2026-06-27,Garden Bar,Bombay Sapphire,Gin,0,1989,1989,0,8341
2026-06-27,Garden Bar,Heineken,Beer,0,0,9070,9070,0
2026-06-27,Garden Bar,Hennessy,Brandy,0,601,601,0,2090
2026-06-27,Garden Bar,Jack Daniel's,Whisky,0,1278,2082,804,0
2026-06-27,Garden Bar,Johnnie Walker Red,Whisky,0,4526,4526,0,3358
2026-06-27,Garden Bar,Jose Cuervo,Tequila,0,1664,1664,0,764
2026-06-27,Garden Bar,Kingfisher Premium,Beer,13000,10228,10228,0,2772
2026-06-27,Garden Bar,Smirnoff Vodka,Vodka,0,3763,3763,0,7649
2026-06-27,Lobby Bar,Bacardi White,Rum,0,3392,3392,0,9047
2026-06-27,Lobby Bar,Baileys,Liqueur,0,431,1131,700,0
2026-06-27,Lobby Bar,Bombay Sapphire,Gin,0,2871,2871,0,5709
2026-06-27,Lobby Bar,Heineken,Beer,0,0,7751,7751,0
2026-06-27,Lobby Bar,Hennessy,Brandy,0,809,809,0,8933
2026-06-27,Lobby Bar,Jack Daniel's,Whisky,10500,2120,2120,0,11057
2026-06-27,Lobby Bar,Johnnie Walker Red,Whisky,0,0,3890,3890,0
2026-06-27,Lobby Bar,Jose Cuervo,Tequila,7500,1873,1873,0,7435
2026-06-27,Lobby Bar,Kingfisher Premium,Beer,5200,5200,16612,11412,0
2026-06-27,Lobby Bar,Smirnoff Vodka,Vodka,0,0,4756,4756,0
2026-06-27,Pool Bar,Bacardi White,Rum,10500,4661,4661,0,7393
2026-06-27,Pool Bar,Baileys,Liqueur,0,1343,1343,0,7622
2026-06-27,Pool Bar,Bombay Sapphire,Gin,0,2960,2960,0,10812
2026-06-27,Pool Bar,Heineken,Beer,0,9951,9951,0,7842
2026-06-27,Pool Bar,Hennessy,Brandy,0,904,904,0,6861
2026-06-27,Pool Bar,Jack Daniel's,Whisky,12750,3548,3548,0,11501
2026-06-27,Pool Bar,Johnnie Walker Red,Whisky,0,0,4779,4779,0
2026-06-27,Pool Bar,Jose Cuervo,Tequila,0,2459,2459,0,5836
2026-06-27,Pool Bar,Kingfisher Premium,Beer,0,0,14138,14138,0
2026-06-27,Pool Bar,Smirnoff Vodka,Vodka,0,0,4457,4457,0
2026-06-27,Rooftop Bar,Bacardi White,Rum,0,5860,5860,0,5392
2026-06-27,Rooftop Bar,Baileys,Liqueur,0,1739,1739,0,10735
2026-06-27,Rooftop Bar,Bombay Sapphire,Gin,13500,3975,3975,0,13085
2026-06-27,Rooftop Bar,Heineken,Beer,12350,13152,13152,0,1418
2026-06-27,Rooftop Bar,Hennessy,Brandy,0,1440,1440,0,11712
2026-06-27,Rooftop Bar,Jack Daniel's,Whisky,0,0,3571,3571,0
2026-06-27,Rooftop Bar,Johnnie Walker Red,Whisky,15750,6578,6578,0,16790
2026-06-27,Rooftop Bar,Jose Cuervo,Tequila,0,3714,3714,0,2914
2026-06-27,Rooftop Bar,Kingfisher Premium,Beer,0,0,17301,17301,0
2026-06-27,Rooftop Bar,Smirnoff Vodka,Vodka,0,0,7485,7485,0
2026-06-27,Sky Lounge,Bacardi White,Rum,0,0,5708,5708,0
2026-06-27,Sky Lounge,Baileys,Liqueur,0,1564,1564,0,6069
2026-06-27,Sky Lounge,Bombay Sapphire,Gin,7500,5818,5818,0,4688
2026-06-27,Sky Lounge,Heineken,Beer,0,0,11693,11693,0
2026-06-27,Sky Lounge,Hennessy,Brandy,12600,1433,1433,0,11214
2026-06-27,Sky Lounge,Jack Daniel's,Whisky,0,0,4909,4909,0
2026-06-27,Sky Lounge,Johnnie Walker Red,Whisky,0,1726,5601,3875,0
2026-06-27,Sky Lounge,Jose Cuervo,Tequila,0,3400,3400,0,11529
2026-06-27,Sky Lounge,Kingfisher Premium,Beer,10400,10400,16533,6133,0
2026-06-27,Sky Lounge,Smirnoff Vodka,Vodka,0,0,8190,8190,0
2026-06-28,Garden Bar,Bacardi White,Rum,0,0,2339,2339,0
2026-06-28,Garden Bar,Baileys,Liqueur,12000,0,0,0,12000
2026-06-28,Garden Bar,Bombay Sapphire,Gin,0,1727,1727,0,6614
2026-06-28,Garden Bar,Heineken,Beer,7150,6283,6283,0,3772
2026-06-28,Garden Bar,Hennessy,Brandy,0,0,0,0,2090
2026-06-28,Garden Bar,Jack Daniel's,Whisky,14250,1852,1852,0,12398
2026-06-28,Garden Bar,Johnnie Walker Red,Whisky,0,2731,2731,0,1396
2026-06-28,Garden Bar,Jose Cuervo,Tequila,9000,1253,1253,0,8511
2026-06-28,Garden Bar,Kingfisher Premium,Beer,10400,9828,9828,0,8605
2026-06-28,Garden Bar,Smirnoff Vodka,Vodka,0,2849,2849,0,2744
2026-06-28,Lobby Bar,Bacardi White,Rum,0,2164,2164,0,4471
2026-06-28,Lobby Bar,Baileys,Liqueur,0,0,485,485,0
2026-06-28,Lobby Bar,Bombay Sapphire,Gin,0,1777,1777,0,2065
2026-06-28,Lobby Bar,Heineken,Beer,0,0,5163,5163,0
2026-06-28,Lobby Bar,Hennessy,Brandy,0,506,506,0,8427
2026-06-28,Lobby Bar,Jack Daniel's,Whisky,0,1860,1860,0,10407
2026-06-28,Lobby Bar,Johnnie Walker Red,Whisky,6750,3615,3615,0,3135
2026-06-28,Lobby Bar,Jose Cuervo,Tequila,0,1555,1555,0,5880
2026-06-28,Lobby Bar,Kingfisher Premium,Beer,0,0,7975,7975,0
2026-06-28,Lobby Bar,Smirnoff Vodka,Vodka,0,0,3856,3856,0
2026-06-28,Pool Bar,Bacardi White,Rum,0,3114,3114,0,5695
2026-06-28,Pool Bar,Baileys,Liqueur,0,1027,1027,0,7148
2026-06-28,Pool Bar,Bombay Sapphire,Gin,0,2865,2865,0,9108
2026-06-28,Pool Bar,Heineken,Beer,0,3430,8082,4652,0
2026-06-28,Pool Bar,Hennessy,Brandy,0,727,727,0,6278
2026-06-28,Pool Bar,Jack Daniel's,Whisky,0,1608,1608,0,7594
2026-06-28,Pool Bar,Johnnie Walker Red,Whisky,7500,3764,3764,0,5705
2026-06-28,Pool Bar,Jose Cuervo,Tequila,0,1373,1373,0,4463
2026-06-28,Pool Bar,Kingfisher Premium,Beer,7800,7800,9179,1379,0
2026-06-28,Pool Bar,Smirnoff Vodka,Vodka,0,0,4969,4969,0
2026-06-28,Rooftop Bar,Bacardi White,Rum,0,2343,3275,932,0
2026-06-28,Rooftop Bar,Baileys,Liqueur,0,1034,1034,0,8587
2026-06-28,Rooftop Bar,Bombay Sapphire,Gin,0,3279,3279,0,6357
2026-06-28,Rooftop Bar,Heineken,Beer,0,1418,8777,7359,0
2026-06-28,Rooftop Bar,Hennessy,Brandy,0,981,981,0,11357
2026-06-28,Rooftop Bar,Jack Daniel's,Whisky,15000,2874,2874,0,13790
2026-06-28,Rooftop Bar,Johnnie Walker Red,Whisky,0,4169,4169,0,9247
2026-06-28,Rooftop Bar,Jose Cuervo,Tequila,0,1909,1909,0,1005
2026-06-28,Rooftop Bar,Kingfisher Premium,Beer,10400,10400,14955,4555,1011
2026-06-28,Rooftop Bar,Smirnoff Vodka,Vodka,0,0,5099,5099,0
2026-06-28,Sky Lounge,Bacardi White,Rum,9750,4641,4641,0,9203
2026-06-28,Sky Lounge,Baileys,Liqueur,0,943,943,0,4519
2026-06-28,Sky Lounge,Bombay Sapphire,Gin,0,3545,3545,0,1143
2026-06-28,Sky Lounge,Heineken,Beer,0,0,11589,11589,0
2026-06-28,Sky Lounge,Hennessy,Brandy,0,1041,1041,0,10355
2026-06-28,Sky Lounge,Jack Daniel's,Whisky,0,0,3277,3277,0
2026-06-28,Sky Lounge,Johnnie Walker Red,Whisky,0,0,5892,5892,0
2026-06-28,Sky Lounge,Jose Cuervo,Tequila,0,2433,2433,0,11053
2026-06-28,Sky Lounge,Kingfisher Premium,Beer,0,0,11153,11153,0
2026-06-28,Sky Lounge,Smirnoff Vodka,Vodka,15750,7077,7077,0,8673
2026-06-29,Garden Bar,Bacardi White,Rum,6750,1807,1807,0,4943
2026-06-29,Garden Bar,Baileys,Liqueur,0,540,540,0,11669
2026-06-29,Garden Bar,Bombay Sapphire,Gin,0,1634,1634,0,6341
2026-06-29,Garden Bar,Heineken,Beer,10400,4665,4665,0,6602
2026-06-29,Garden Bar,Hennessy,Brandy,0,397,397,0,1693
2026-06-29,Garden Bar,Jack Daniel's,Whisky,0,1275,1275,0,11123
2026-06-29,Garden Bar,Johnnie Walker Red,Whisky,0,627,1678,1051,0
2026-06-29,Garden Bar,Jose Cuervo,Tequila,0,582,582,0,8232
2026-06-29,Garden Bar,Kingfisher Premium,Beer,0,3344,5960,2616,0
2026-06-29,Garden Bar,Smirnoff Vodka,Vodka,13500,2147,2147,0,14097
2026-06-29,Lobby Bar,Bacardi White,Rum,0,1821,1821,0,3133
2026-06-29,Lobby Bar,Baileys,Liqueur,0,0,535,535,0
2026-06-29,Lobby Bar,Bombay Sapphire,Gin,6750,1682,1682,0,6820
2026-06-29,Lobby Bar,Heineken,Beer,0,0,4463,4463,0
2026-06-29,Lobby Bar,Hennessy,Brandy,0,374,374,0,8363
2026-06-29,Lobby Bar,Jack Daniel's,Whisky,0,1205,1205,0,7992
2026-06-29,Lobby Bar,Johnnie Walker Red,Whisky,0,2252,2252,0,883
2026-06-29,Lobby Bar,Jose Cuervo,Tequila,0,917,917,0,4963
2026-06-29,Lobby Bar,Kingfisher Premium,Beer,11700,5647,5647,0,6053
2026-06-29,Lobby Bar,Smirnoff Vodka,Vodka,0,0,2339,2339,0
2026-06-29,Pool Bar,Bacardi White,Rum,0,1886,1886,0,2393
2026-06-29,Pool Bar,Baileys,Liqueur,0,590,590,0,6294
2026-06-29,Pool Bar,Bombay Sapphire,Gin,0,2050,2050,0,6272
2026-06-29,Pool Bar,Heineken,Beer,9100,6374,6374,0,4081
2026-06-29,Pool Bar,Hennessy,Brandy,0,535,535,0,5599
2026-06-29,Pool Bar,Jack Daniel's,Whisky,0,1459,1459,0,6135
2026-06-29,Pool Bar,Johnnie Walker Red,Whisky,0,2732,2732,0,1723
2026-06-29,Pool Bar,Jose Cuervo,Tequila,0,1151,1151,0,3544
2026-06-29,Pool Bar,Kingfisher Premium,Beer,0,0,8121,8121,0
2026-06-29,Pool Bar,Smirnoff Vodka,Vodka,0,0,3166,3166,0
2026-06-29,Rooftop Bar,Bacardi White,Rum,12750,2833,2833,0,11528
2026-06-29,Rooftop Bar,Baileys,Liqueur,0,929,929,0,7658
2026-06-29,Rooftop Bar,Bombay Sapphire,Gin,0,1747,1747,0,4610
2026-06-29,Rooftop Bar,Heineken,Beer,0,0,7064,7064,0
2026-06-29,Rooftop Bar,Hennessy,Brandy,0,645,645,0,10086
2026-06-29,Rooftop Bar,Jack Daniel's,Whisky,0,1915,1915,0,10211
2026-06-29,Rooftop Bar,Johnnie Walker Red,Whisky,0,4179,4179,0,5068
2026-06-29,Rooftop Bar,Jose Cuervo,Tequila,11250,1244,1244,0,11011
2026-06-29,Rooftop Bar,Kingfisher Premium,Beer,0,0,9801,9801,0
2026-06-29,Rooftop Bar,Smirnoff Vodka,Vodka,15000,2858,2858,0,13238
2026-06-29,Sky Lounge,Bacardi White,Rum,0,3024,3024,0,3786
2026-06-29,Sky Lounge,Baileys,Liqueur,0,0,0,0,3896
2026-06-29,Sky Lounge,Bombay Sapphire,Gin,0,1143,2781,1638,0
2026-06-29,Sky Lounge,Heineken,Beer,0,0,10433,10433,0
2026-06-29,Sky Lounge,Hennessy,Brandy,0,658,658,0,9630
2026-06-29,Sky Lounge,Jack Daniel's,Whisky,0,0,2318,2318,0
2026-06-29,Sky Lounge,Johnnie Walker Red,Whisky,0,0,4022,4022,0
2026-06-29,Sky Lounge,Jose Cuervo,Tequila,0,1264,1264,0,8324
2026-06-29,Sky Lounge,Kingfisher Premium,Beer,0,0,11933,11933,0
2026-06-29,Sky Lounge,Smirnoff Vodka,Vodka,0,4094,4094,0,6434
2026-06-30,Garden Bar,Bacardi White,Rum,0,1560,1560,0,3383
2026-06-30,Garden Bar,Baileys,Liqueur,0,497,497,0,11017
2026-06-30,Garden Bar,Bombay Sapphire,Gin,0,1491,1491,0,4452
2026-06-30,Garden Bar,Heineken,Beer,9100,4206,4206,0,14228
2026-06-30,Garden Bar,Hennessy,Brandy,0,443,443,0,1250
2026-06-30,Garden Bar,Jack Daniel's,Whisky,0,999,999,0,10124
2026-06-30,Garden Bar,Johnnie Walker Red,Whisky,0,0,1995,1995,0
2026-06-30,Garden Bar,Jose Cuervo,Tequila,0,751,751,0,7178
2026-06-30,Garden Bar,Kingfisher Premium,Beer,0,0,6039,6039,0
2026-06-30,Garden Bar,Smirnoff Vodka,Vodka,0,2462,2462,0,11955
2026-06-30,Lobby Bar,Bacardi White,Rum,9000,1834,1834,0,9816
2026-06-30,Lobby Bar,Baileys,Liqueur,0,0,743,743,0
2026-06-30,Lobby Bar,Bombay Sapphire,Gin,0,1987,1987,0,6232
2026-06-30,Lobby Bar,Heineken,Beer,0,0,5929,5929,0
2026-06-30,Lobby Bar,Hennessy,Brandy,0,0,0,0,8053
2026-06-30,Lobby Bar,Jack Daniel's,Whisky,0,1597,1597,0,6395
2026-06-30,Lobby Bar,Johnnie Walker Red,Whisky,0,883,2067,1184,0
2026-06-30,Lobby Bar,Jose Cuervo,Tequila,0,917,917,0,4046
2026-06-30,Lobby Bar,Kingfisher Premium,Beer,5200,7670,7670,0,3583
2026-06-30,Lobby Bar,Smirnoff Vodka,Vodka,12750,3136,3136,0,9946
2026-06-30,Pool Bar,Bacardi White,Rum,0,1979,1979,0,414
2026-06-30,Pool Bar,Baileys,Liqueur,0,756,756,0,5249
2026-06-30,Pool Bar,Bombay Sapphire,Gin,0,1689,1689,0,4959
2026-06-30,Pool Bar,Heineken,Beer,11050,7663,7663,0,6113
2026-06-30,Pool Bar,Hennessy,Brandy,0,439,439,0,5245
2026-06-30,Pool Bar,Jack Daniel's,Whisky,0,1693,1693,0,4442
2026-06-30,Pool Bar,Johnnie Walker Red,Whisky,0,1004,3513,2509,498
2026-06-30,Pool Bar,Jose Cuervo,Tequila,0,1178,1178,0,2915
2026-06-30,Pool Bar,Kingfisher Premium,Beer,0,0,7468,7468,0
2026-06-30,Pool Bar,Smirnoff Vodka,Vodka,0,0,3232,3232,0
2026-06-30,Rooftop Bar,Bacardi White,Rum,0,3258,3258,0,7313
2026-06-30,Rooftop Bar,Baileys,Liqueur,0,943,943,0,6715
2026-06-30,Rooftop Bar,Bombay Sapphire,Gin,0,2653,2653,0,2589
2026-06-30,Rooftop Bar,Heineken,Beer,0,0,6799,6799,0
2026-06-30,Rooftop Bar,Hennessy,Brandy,0,579,579,0,9507
2026-06-30,Rooftop Bar,Jack Daniel's,Whisky,0,2019,2019,0,8192
2026-06-30,Rooftop Bar,Johnnie Walker Red,Whisky,0,3398,3398,0,1670
2026-06-30,Rooftop Bar,Jose Cuervo,Tequila,0,1510,1510,0,9986
2026-06-30,Rooftop Bar,Kingfisher Premium,Beer,0,0,12202,12202,0
2026-06-30,Rooftop Bar,Smirnoff Vodka,Vodka,0,4157,4157,0,9382
2026-06-30,Sky Lounge,Bacardi White,Rum,9750,3267,3267,0,8568
2026-06-30,Sky Lounge,Baileys,Liqueur,0,1024,1024,0,3165
2026-06-30,Sky Lounge,Bombay Sapphire,Gin,0,0,2555,2555,0
2026-06-30,Sky Lounge,Heineken,Beer,0,0,7715,7715,0
2026-06-30,Sky Lounge,Hennessy,Brandy,0,0,0,0,9515
2026-06-30,Sky Lounge,Jack Daniel's,Whisky,0,0,2417,2417,0
2026-06-30,Sky Lounge,Johnnie Walker Red,Whisky,0,0,4017,4017,0
2026-06-30,Sky Lounge,Jose Cuervo,Tequila,0,1419,1419,0,7421
2026-06-30,Sky Lounge,Kingfisher Premium,Beer,5850,5850,11279,5429,0
2026-06-30,Sky Lounge,Smirnoff Vodka,Vodka,0,4579,4699,120,631
